,reads,umis
PZ-MB-TChIC-K562-H3K4me3-C_178,51015,51015
PZ-MB-TChIC-K562-H3K4me3-C_192,134284,134284
PZ-MB-TChIC-K562-H3K4me3-C_218,125821,125821
PZ-MB-TChIC-K562-H3K4me3-C_335,54637,54637
PZ-MB-TChIC-K562-H3K4me3-CT_85,6002,6002
PZ-MB-TChIC-K562-H3K4me3-CT_343,2173,2173
PZ-MB-TChIC-K562-H3K4me3-C_198,4697,4697
PZ-MB-TChIC-K562-H3K4me3-C_381,24114,24114
PZ-MB-TChIC-K562-H3K4me3-C_43,96502,96502
PZ-TChIC-K562-SC-H3K27me3-C_367,19801,19801
PZ-MB-TChIC-K562-H3K4me3-C_173,165801,165801
PZ-TChIC-K562-SC-H3K27me3-CT_364,27477,27477
PZ-MB-TChIC-K562-H3K4me3-C_212,89425,89425
PZ-MB-TChIC-K562-H3K4me3-C_305,81431,81431
PZ-TChIC-K562-SC-H3K27me3-C_254,22579,22579
PZ-TChIC-K562-SC-H3K27me3-CT_372,46421,46421
PZ-TChIC-K562-SC-H3K27me3-C_348,18074,18074
PZ-TChIC-K562-SC-H3K27me3-CT_265,40451,40451
PZ-TChIC-K562-SC-H3K27me3-CT_329,26729,26729
PZ-TChIC-K562-SC-H3K27me3-CT_266,33776,33776
PZ-TChIC-K562-SC-H3K27me3-C_366,24442,24442
PZ-MB-TChIC-K562-H3K4me3-C_165,92107,92107
PZ-MB-TChIC-K562-H3K4me3-C_214,99735,99735
PZ-MB-TChIC-K562-H3K4me3-CT_192,15322,15322
PZ-MB-TChIC-K562-H3K4me3-C_134,83062,83062
PZ-MB-TChIC-K562-H3K4me3-C_22,38573,38573
PZ-MB-TChIC-K562-H3K4me3-C_127,130498,130498
PZ-MB-TChIC-K562-H3K4me3-C_328,62412,62412
PZ-MB-TChIC-K562-H3K4me3-C_193,44549,44549
PZ-MB-TChIC-K562-H3K4me3-C_315,203001,203001
PZ-MB-TChIC-K562-H3K4me3-C_45,32321,32321
PZ-MB-TChIC-K562-H3K4me3-C_166,90669,90669
PZ-MB-TChIC-K562-H3K4me3-C_280,106441,106441
PZ-MB-TChIC-K562-H3K4me3-C_299,31601,31601
PZ-MB-TChIC-K562-H3K4me3-C_109,32778,32778
PZ-MB-TChIC-K562-H3K4me3-C_301,23051,23051
PZ-MB-TChIC-K562-H3K4me3-C_338,6830,6830
PZ-MB-TChIC-K562-H3K4me3-C_131,182307,182307
PZ-MB-TChIC-K562-H3K4me3-C_111,119277,119277
PZ-MB-TChIC-K562-H3K4me3-CT_264,4801,4801
PZ-MB-TChIC-K562-H3K4me3-C_250,33037,33037
PZ-MB-TChIC-K562-H3K4me3-C_153,21106,21106
PZ-MB-TChIC-K562-H3K4me3-C_30,26354,26354
PZ-MB-TChIC-K562-H3K4me3-C_358,35735,35735
PZ-MB-TChIC-K562-H3K4me3-C_39,113519,113519
PZ-MB-TChIC-K562-H3K4me3-C_372,36266,36266
PZ-MB-TChIC-K562-H3K4me3-C_371,40997,40997
PZ-MB-TChIC-K562-H3K4me3-C_222,182882,182882
PZ-MB-TChIC-K562-H3K4me3-C_260,46145,46145
PZ-MB-TChIC-K562-H3K4me3-C_274,34974,34974
PZ-MB-TChIC-K562-H3K4me3-CT_45,2991,2991
PZ-MB-TChIC-K562-H3K4me3-C_66,59037,59037
PZ-MB-TChIC-K562-H3K4me3-CT_310,2966,2966
PZ-MB-TChIC-K562-H3K4me3-C_384,64080,64080
PZ-MB-TChIC-K562-H3K4me3-C_252,53995,53995
PZ-MB-TChIC-K562-H3K4me3-C_216,71731,71731
PZ-MB-TChIC-K562-H3K4me3-C_333,57481,57481
PZ-MB-TChIC-K562-H3K4me3-C_225,158473,158473
PZ-MB-TChIC-K562-H3K4me3-C_151,19342,19342
PZ-MB-TChIC-K562-H3K4me3-C_3,22823,22823
PZ-MB-TChIC-K562-H3K4me3-C_158,41991,41991
PZ-MB-TChIC-K562-H3K4me3-C_334,47241,47241
PZ-MB-TChIC-K562-H3K4me3-C_114,120301,120301
PZ-MB-TChIC-K562-H3K4me3-C_130,80093,80093
PZ-MB-TChIC-K562-H3K4me3-CT_250,4387,4387
PZ-MB-TChIC-K562-H3K4me3-C_137,102820,102820
PZ-MB-TChIC-K562-H3K4me3-C_15,44541,44541
PZ-MB-TChIC-K562-H3K4me3-C_162,66382,66382
PZ-MB-TChIC-K562-H3K4me3-C_228,99132,99132
PZ-TChIC-K562-SC-H3K27me3-C_256,23867,23867
PZ-MB-TChIC-K562-H3K4me3-C_102,31542,31542
PZ-MB-TChIC-K562-H3K4me3-C_379,50205,50205
PZ-MB-TChIC-K562-H3K4me3-C_140,95274,95274
PZ-MB-TChIC-K562-H3K4me3-C_361,30218,30218
PZ-MB-TChIC-K562-H3K4me3-C_183,146393,146393
PZ-MB-TChIC-K562-H3K4me3-C_205,25168,25168
PZ-MB-TChIC-K562-H3K4me3-CT_7,1767,1767
PZ-MB-TChIC-K562-H3K4me3-C_144,44311,44311
PZ-MB-TChIC-K562-H3K4me3-CT_131,14070,14070
PZ-MB-TChIC-K562-H3K4me3-C_237,95769,95769
PZ-MB-TChIC-K562-H3K4me3-C_70,40131,40131
PZ-TChIC-K562-SC-H3K27me3-C_283,19250,19250
PZ-MB-TChIC-K562-H3K4me3-C_347,33619,33619
PZ-MB-TChIC-K562-H3K4me3-C_65,75011,75011
PZ-MB-TChIC-K562-H3K4me3-C_344,17363,17363
PZ-MB-TChIC-K562-H3K4me3-C_46,38442,38442
PZ-MB-TChIC-K562-H3K4me3-C_148,50286,50286
PZ-MB-TChIC-K562-H3K4me3-C_11,28283,28283
PZ-MB-TChIC-K562-H3K4me3-C_259,104335,104335
PZ-MB-TChIC-K562-H3K4me3-C_179,100551,100551
PZ-MB-TChIC-K562-H3K4me3-CT_255,12601,12601
PZ-MB-TChIC-K562-H3K4me3-C_357,16552,16552
PZ-MB-TChIC-K562-H3K4me3-CT_63,4446,4446
PZ-MB-TChIC-K562-H3K4me3-C_319,135734,135734
PZ-MB-TChIC-K562-H3K4me3-C_291,37787,37787
PZ-MB-TChIC-K562-H3K4me3-C_201,42612,42612
PZ-MB-TChIC-K562-H3K4me3-C_23,71717,71717
PZ-MB-TChIC-K562-H3K4me3-C_150,41370,41370
PZ-MB-TChIC-K562-H3K4me3-C_94,84624,84624
PZ-MB-TChIC-K562-H3K4me3-C_174,109657,109657
PZ-MB-TChIC-K562-H3K4me3-C_244,36358,36358
PZ-MB-TChIC-K562-H3K4me3-CT_257,4077,4077
PZ-MB-TChIC-K562-H3K4me3-C_255,102500,102500
PZ-MB-TChIC-K562-H3K4me3-CT_77,2264,2264
PZ-MB-TChIC-K562-H3K4me3-C_339,28790,28790
PZ-MB-TChIC-K562-H3K4me3-C_110,103419,103419
PZ-MB-TChIC-K562-H3K4me3-C_376,32200,32200
PZ-MB-TChIC-K562-H3K4me3-C_164,45967,45967
PZ-MB-TChIC-K562-H3K4me3-C_14,19144,19144
PZ-MB-TChIC-K562-H3K4me3-C_292,28321,28321
PZ-MB-TChIC-K562-H3K4me3-C_221,406201,406201
PZ-MB-TChIC-K562-H3K4me3-C_190,50045,50045
PZ-MB-TChIC-K562-H3K4me3-C_233,127756,127756
PZ-MB-TChIC-K562-H3K4me3-C_67,52959,52959
PZ-MB-TChIC-K562-H3K4me3-C_27,29447,29447
PZ-MB-TChIC-K562-H3K4me3-C_322,91860,91860
PZ-MB-TChIC-K562-H3K4me3-C_341,27026,27026
PZ-MB-TChIC-K562-H3K4me3-CT_43,6071,6071
PZ-MB-TChIC-K562-H3K4me3-C_13,36693,36693
PZ-MB-TChIC-K562-H3K4me3-C_199,44236,44236
PZ-MB-TChIC-K562-H3K4me3-C_236,112354,112354
PZ-MB-TChIC-K562-H3K4me3-C_282,155908,155908
PZ-MB-TChIC-K562-H3K4me3-C_124,53637,53637
PZ-MB-TChIC-K562-H3K4me3-C_36,89186,89186
PZ-MB-TChIC-K562-H3K4me3-C_360,27870,27870
PZ-MB-TChIC-K562-H3K4me3-CT_76,6554,6554
PZ-MB-TChIC-K562-H3K4me3-C_159,40842,40842
PZ-TChIC-K562-SC-H3K27me3-CT_215,8622,8622
PZ-TChIC-K562-SC-H3K27me3-CT_178,30037,30037
PZ-MB-TChIC-K562-H3K4me3-C_52,14122,14122
PZ-MB-TChIC-K562-H3K4me3-C_149,87283,87283
PZ-MB-TChIC-K562-H3K4me3-C_34,54367,54367
PZ-MB-TChIC-K562-H3K4me3-T_275,6114,6114
PZ-MB-TChIC-K562-H3K4me3-C_279,152543,152543
PZ-MB-TChIC-K562-H3K4me3-C_202,30393,30393
PZ-TChIC-K562-SC-H3K27me3-CT_214,30410,30410
PZ-MB-TChIC-K562-H3K4me3-C_2,44032,44032
PZ-MB-TChIC-K562-H3K4me3-C_187,96709,96709
PZ-MB-TChIC-K562-H3K4me3-C_107,42827,42827
PZ-TChIC-K562-SC-H3K27me3-C_245,20700,20700
PZ-MB-TChIC-K562-H3K4me3-C_309,19342,19342
PZ-MB-TChIC-K562-H3K4me3-CT_383,1196,1196
PZ-MB-TChIC-K562-H3K4me3-C_375,30358,30358
PZ-MB-TChIC-K562-H3K4me3-C_90,144892,144892
PZ-MB-TChIC-K562-H3K4me3-C_314,368708,368708
PZ-MB-TChIC-K562-H3K4me3-C_313,208317,208317
PZ-MB-TChIC-K562-H3K4me3-C_184,216852,216852
PZ-MB-TChIC-K562-H3K4me3-T_312,4900,4900
PZ-MB-TChIC-K562-H3K4me3-C_32,76882,76882
PZ-MB-TChIC-K562-H3K4me3-C_5,70765,70765
PZ-MB-TChIC-K562-H3K4me3-C_213,81270,81270
PZ-MB-TChIC-K562-H3K4me3-C_368,15099,15099
PZ-MB-TChIC-K562-H3K4me3-CT_38,3978,3978
PZ-MB-TChIC-K562-H3K4me3-C_284,41315,41315
PZ-MB-TChIC-K562-H3K4me3-C_317,45607,45607
PZ-MB-TChIC-K562-H3K4me3-C_295,25498,25498
PZ-MB-TChIC-K562-H3K4me3-C_86,44971,44971
PZ-MB-TChIC-K562-H3K4me3-C_117,90613,90613
PZ-MB-TChIC-K562-H3K4me3-C_68,39634,39634
PZ-MB-TChIC-K562-H3K4me3-CT_281,5905,5905
PZ-MB-TChIC-K562-H3K4me3-C_195,38994,38994
PZ-MB-TChIC-K562-H3K4me3-C_20,58169,58169
PZ-MB-TChIC-K562-H3K4me3-C_129,160948,160948
PZ-MB-TChIC-K562-H3K4me3-C_37,65296,65296
PZ-MB-TChIC-K562-H3K4me3-C_61,20838,20838
PZ-MB-TChIC-K562-H3K4me3-C_345,21145,21145
PZ-MB-TChIC-K562-H3K4me3-C_316,276510,276510
PZ-MB-TChIC-K562-H3K4me3-C_113,83271,83271
PZ-MB-TChIC-K562-H3K4me3-C_76,55030,55030
PZ-MB-TChIC-K562-H3K4me3-C_242,41723,41723
PZ-MB-TChIC-K562-H3K4me3-C_374,24235,24235
PZ-MB-TChIC-K562-H3K4me3-C_59,63215,63215
PZ-MB-TChIC-K562-H3K4me3-C_326,44084,44084
PZ-MB-TChIC-K562-H3K4me3-C_42,51085,51085
PZ-MB-TChIC-K562-H3K4me3-C_99,44172,44172
PZ-MB-TChIC-K562-H3K4me3-C_126,83740,83740
PZ-MB-TChIC-K562-H3K4me3-C_383,12915,12915
PZ-MB-TChIC-K562-H3K4me3-C_154,34680,34680
PZ-MB-TChIC-K562-H3K4me3-C_80,75786,75786
PZ-MB-TChIC-K562-H3K4me3-CT_249,10478,10478
PZ-MB-TChIC-K562-H3K4me3-C_247,18637,18637
PZ-MB-TChIC-K562-H3K4me3-C_343,13365,13365
PZ-MB-TChIC-K562-H3K4me3-CT_285,4265,4265
PZ-MB-TChIC-K562-H3K4me3-C_163,28793,28793
PZ-MB-TChIC-K562-H3K4me3-C_241,30659,30659
PZ-MB-TChIC-K562-H3K4me3-C_100,30599,30599
PZ-MB-TChIC-K562-H3K4me3-C_303,61148,61148
PZ-MB-TChIC-K562-H3K4me3-C_4,33479,33479
PZ-MB-TChIC-K562-H3K4me3-C_224,132583,132583
PZ-MB-TChIC-K562-H3K4me3-C_269,108085,108085
PZ-MB-TChIC-K562-H3K4me3-C_217,119041,119041
PZ-MB-TChIC-K562-H3K4me3-C_177,94313,94313
PZ-MB-TChIC-K562-H3K4me3-C_206,35346,35346
PZ-MB-TChIC-K562-H3K4me3-C_229,53798,53798
PZ-MB-TChIC-K562-H3K4me3-C_186,200667,200667
PZ-MB-TChIC-K562-H3K4me3-C_281,133557,133557
PZ-MB-TChIC-K562-H3K4me3-C_132,50626,50626
PZ-MB-TChIC-K562-H3K4me3-C_268,98592,98592
PZ-MB-TChIC-K562-H3K4me3-C_50,39577,39577
PZ-MB-TChIC-K562-H3K4me3-C_79,36064,36064
PZ-MB-TChIC-K562-H3K4me3-C_321,39128,39128
PZ-MB-TChIC-K562-H3K4me3-C_31,39646,39646
PZ-MB-TChIC-K562-H3K4me3-C_33,43283,43283
PZ-MB-TChIC-K562-H3K4me3-C_136,36752,36752
PZ-MB-TChIC-K562-H3K4me3-CT_214,5874,5874
PZ-MB-TChIC-K562-H3K4me3-CT_305,10392,10392
PZ-MB-TChIC-K562-H3K4me3-C_235,73952,73952
PZ-MB-TChIC-K562-H3K4me3-C_168,123681,123681
PZ-MB-TChIC-K562-H3K4me3-C_230,55968,55968
PZ-TChIC-K562-SC-H3K27me3-C_78,35681,35681
PZ-MB-TChIC-K562-H3K4me3-CT_373,4268,4268
PZ-MB-TChIC-K562-H3K4me3-C_204,19952,19952
PZ-TChIC-K562-SC-H3K27me3-C_218,30424,30424
PZ-TChIC-K562-SC-H3K27me3-CT_313,357186,357186
PZ-TChIC-K562-SC-H3K27me3-C_279,34464,34464
PZ-MB-TChIC-K562-H3K4me3-C_161,60413,60413
PZ-MB-TChIC-K562-H3K4me3-C_54,32622,32622
PZ-TChIC-K562-SC-H3K27me3-CT_85,47861,47861
PZ-MB-TChIC-K562-H3K4me3-CT_224,9354,9354
PZ-MB-TChIC-K562-H3K4me3-C_264,65070,65070
PZ-MB-TChIC-K562-H3K4me3-T_224,10545,10545
PZ-MB-TChIC-K562-H3K4me3-C_41,125312,125312
PZ-MB-TChIC-K562-H3K4me3-C_310,31956,31956
PZ-MB-TChIC-K562-H3K4me3-C_128,131931,131931
PZ-MB-TChIC-K562-H3K4me3-C_266,72929,72929
PZ-MB-TChIC-K562-H3K4me3-C_93,99081,99081
PZ-MB-TChIC-K562-H3K4me3-CT_143,8337,8337
PZ-MB-TChIC-K562-H3K4me3-T_228,7413,7413
PZ-MB-TChIC-K562-H3K4me3-CT_322,11663,11663
PZ-MB-TChIC-K562-H3K4me3-C_58,49614,49614
PZ-MB-TChIC-K562-H3K4me3-C_377,54019,54019
PZ-MB-TChIC-K562-H3K4me3-C_175,53012,53012
PZ-MB-TChIC-K562-H3K4me3-CT_101,4274,4274
PZ-MB-TChIC-K562-H3K4me3-C_155,59735,59735
PZ-MB-TChIC-K562-H3K4me3-C_95,69024,69024
PZ-TChIC-K562-SC-H3K27me3-C_212,45441,45441
PZ-MB-TChIC-K562-H3K4me3-T_213,6087,6087
PZ-MB-TChIC-K562-H3K4me3-C_170,92992,92992
PZ-MB-TChIC-K562-H3K4me3-C_182,80610,80610
PZ-MB-TChIC-K562-H3K4me3-C_172,130619,130619
PZ-MB-TChIC-K562-H3K4me3-C_342,22611,22611
PZ-MB-TChIC-K562-H3K4me3-C_185,187285,187285
PZ-MB-TChIC-K562-H3K4me3-C_176,123243,123243
PZ-MB-TChIC-K562-H3K4me3-C_160,67425,67425
PZ-MB-TChIC-K562-H3K4me3-C_115,76168,76168
PZ-MB-TChIC-K562-H3K4me3-C_249,69864,69864
PZ-MB-TChIC-K562-H3K4me3-C_271,139123,139123
PZ-MB-TChIC-K562-H3K4me3-C_181,33006,33006
PZ-MB-TChIC-K562-H3K4me3-C_337,9117,9117
PZ-MB-TChIC-K562-H3K4me3-C_296,34314,34314
PZ-MB-TChIC-K562-H3K4me3-C_288,98141,98141
PZ-MB-TChIC-K562-H3K4me3-C_245,42806,42806
PZ-MB-TChIC-K562-H3K4me3-C_91,39182,39182
PZ-MB-TChIC-K562-H3K4me3-C_123,90172,90172
PZ-TChIC-K562-SC-H3K27me3-C_171,7914,7914
PZ-MB-TChIC-K562-H3K4me3-C_120,89415,89415
PZ-MB-TChIC-K562-H3K4me3-C_232,99897,99897
PZ-TChIC-K562-SC-H3K27me3-CT_37,47345,47345
PZ-MB-TChIC-K562-H3K4me3-C_88,72517,72517
PZ-TChIC-K562-SC-H3K27me3-CT_238,23181,23181
PZ-TChIC-K562-SC-H3K27me3-C_80,23761,23761
PZ-MB-TChIC-K562-H3K4me3-T_138,3259,3259
PZ-TChIC-K562-SC-H3K27me3-C_179,29112,29112
PZ-MB-TChIC-K562-H3K4me3-C_215,36163,36163
PZ-MB-TChIC-K562-H3K4me3-T_195,3060,3060
PZ-MB-TChIC-K562-H3K4me3-C_210,48890,48890
PZ-TChIC-K562-SC-H3K27me3-CT_269,19913,19913
PZ-MB-TChIC-K562-H3K4me3-CT_278,3732,3732
PZ-TChIC-K562-SC-H3K27me3-C_334,45313,45313
PZ-TChIC-K562-SC-H3K27me3-CT_39,42872,42872
PZ-TChIC-K562-SC-H3K27me3-CT_331,40593,40593
PZ-TChIC-K562-SC-H3K27me3-C_47,21670,21670
PZ-TChIC-K562-SC-H3K27me3-CT_304,15960,15960
PZ-TChIC-K562-SC-H3K27me3-C_59,30963,30963
PZ-TChIC-K562-SC-H3K27me3-CT_5,29789,29789
PZ-TChIC-K562-SC-H3K27me3-CT_11,63314,63314
PZ-TChIC-K562-SC-H3K27me3-CT_320,41849,41849
PZ-TChIC-K562-SC-H3K27me3-CT_325,19984,19984
PZ-TChIC-K562-SC-H3K27me3-C_192,28052,28052
PZ-TChIC-K562-SC-H3K27me3-C_285,43341,43341
PZ-TChIC-K562-SC-H3K27me3-CT_260,18719,18719
PZ-TChIC-K562-SC-H3K27me3-C_183,38750,38750
PZ-TChIC-K562-SC-H3K27me3-CT_44,18159,18159
PZ-TChIC-K562-SC-H3K27me3-C_232,33608,33608
PZ-TChIC-K562-SC-H3K27me3-CT_314,39996,39996
PZ-TChIC-K562-SC-H3K27me3-C_20,32679,32679
PZ-TChIC-K562-SC-H3K27me3-C_262,17601,17601
PZ-TChIC-K562-SC-H3K27me3-CT_34,32962,32962
PZ-TChIC-K562-SC-H3K27me3-CT_120,29323,29323
PZ-TChIC-K562-SC-H3K27me3-CT_261,16079,16079
PZ-TChIC-K562-SC-H3K27me3-C_203,37536,37536
PZ-TChIC-K562-SC-H3K27me3-CT_8,67390,67390
PZ-TChIC-K562-SC-H3K27me3-C_39,41266,41266
PZ-TChIC-K562-SC-H3K27me3-C_84,21110,21110
PZ-TChIC-K562-SC-H3K27me3-CT_247,27629,27629
PZ-TChIC-K562-SC-H3K27me3-C_328,21806,21806
PZ-TChIC-K562-SC-H3K27me3-C_189,19129,19129
PZ-TChIC-K562-SC-H3K27me3-CT_205,24899,24899
PZ-TChIC-K562-SC-H3K27me3-C_342,20889,20889
PZ-TChIC-K562-SC-H3K27me3-CT_311,32874,32874
PZ-TChIC-K562-SC-H3K27me3-C_140,19040,19040
PZ-MB-TChIC-K562-H3K4me3-CT_194,2031,2031
PZ-TChIC-K562-SC-H3K27me3-CT_254,22419,22419
PZ-TChIC-K562-SC-H3K27me3-C_193,15811,15811
PZ-TChIC-K562-SC-H3K27me3-C_209,29190,29190
PZ-TChIC-K562-SC-H3K27me3-C_167,28844,28844
PZ-TChIC-K562-SC-H3K27me3-C_58,55076,55076
PZ-TChIC-K562-SC-H3K27me3-C_133,20267,20267
PZ-TChIC-K562-SC-H3K27me3-C_317,20948,20948
PZ-TChIC-K562-SC-H3K27me3-CT_204,34977,34977
PZ-TChIC-K562-SC-H3K27me3-CT_296,29734,29734
PZ-TChIC-K562-SC-H3K27me3-CT_20,41916,41916
PZ-TChIC-K562-SC-H3K27me3-CT_155,52961,52961
PZ-TChIC-K562-SC-H3K27me3-CT_101,63287,63287
PZ-TChIC-K562-SC-H3K27me3-CT_23,31551,31551
PZ-TChIC-K562-SC-H3K27me3-CT_340,11302,11302
PZ-TChIC-K562-SC-H3K27me3-CT_216,25551,25551
PZ-TChIC-K562-SC-H3K27me3-C_201,29102,29102
PZ-TChIC-K562-SC-H3K27me3-CT_292,33720,33720
PZ-TChIC-K562-SC-H3K27me3-CT_326,22927,22927
PZ-MB-TChIC-K562-H3K4me3-C_382,35431,35431
PZ-MB-TChIC-K562-H3K4me3-C_51,49365,49365
PZ-MB-TChIC-K562-H3K4me3-C_369,77177,77177
PZ-TChIC-K562-SC-H3K27me3-C_11,36726,36726
PZ-TChIC-K562-SC-H3K27me3-CT_172,71694,71694
PZ-TChIC-K562-SC-H3K27me3-C_36,40719,40719
PZ-TChIC-K562-SC-H3K27me3-CT_99,32485,32485
PZ-TChIC-K562-SC-H3K27me3-C_263,29709,29709
PZ-TChIC-K562-SC-H3K27me3-CT_102,24731,24731
PZ-TChIC-K562-SC-H3K27me3-C_89,18094,18094
PZ-TChIC-K562-SC-H3K27me3-C_98,26669,26669
PZ-TChIC-K562-SC-H3K27me3-C_48,26669,26669
PZ-TChIC-K562-SC-H3K27me3-CT_384,112732,112732
PZ-TChIC-K562-SC-H3K27me3-C_130,16903,16903
PZ-TChIC-K562-SC-H3K27me3-CT_137,20630,20630
PZ-TChIC-K562-SC-H3K27me3-CT_88,28333,28333
PZ-TChIC-K562-SC-H3K27me3-CT_370,27322,27322
PZ-TChIC-K562-SC-H3K27me3-CT_55,25855,25855
PZ-TChIC-K562-SC-H3K27me3-CT_65,44014,44014
PZ-TChIC-K562-SC-H3K27me3-CT_131,76793,76793
PZ-TChIC-K562-SC-H3K27me3-CT_95,30064,30064
PZ-MB-TChIC-K562-H3K4me3-C_78,57644,57644
PZ-TChIC-K562-SC-H3K27me3-CT_209,41387,41387
PZ-TChIC-K562-SC-H3K27me3-C_9,27980,27980
PZ-TChIC-K562-SC-H3K27me3-CT_33,48006,48006
PZ-TChIC-K562-SC-H3K27me3-CT_185,74544,74544
PZ-MB-TChIC-K562-H3K4me3-CT_122,10385,10385
PZ-MB-TChIC-K562-H3K4me3-C_147,27754,27754
PZ-TChIC-K562-SC-H3K27me3-CT_124,63734,63734
PZ-TChIC-K562-SC-H3K27me3-CT_166,16135,16135
PZ-TChIC-K562-SC-H3K27me3-CT_81,20421,20421
PZ-MB-TChIC-K562-H3K4me3-CT_361,4639,4639
PZ-TChIC-K562-SC-H3K27me3-C_376,27403,27403
PZ-MB-TChIC-K562-H3K4me3-T_177,6379,6379
PZ-MB-TChIC-K562-H3K4me3-C_83,41161,41161
PZ-TChIC-K562-SC-H3K27me3-C_365,35769,35769
PZ-TChIC-K562-SC-H3K27me3-CT_151,14979,14979
PZ-MB-TChIC-K562-H3K4me3-C_16,35223,35223
PZ-TChIC-K562-SC-H3K27me3-C_237,25542,25542
PZ-TChIC-K562-SC-H3K27me3-C_319,39883,39883
PZ-TChIC-K562-SC-H3K27me3-CT_51,45349,45349
PZ-TChIC-K562-SC-H3K27me3-C_304,24773,24773
PZ-TChIC-K562-SC-H3K27me3-CT_203,57444,57444
PZ-TChIC-K562-SC-H3K27me3-C_247,21117,21117
PZ-TChIC-K562-SC-H3K27me3-CT_371,50142,50142
PZ-TChIC-K562-SC-H3K27me3-C_241,22235,22235
PZ-TChIC-K562-SC-H3K27me3-C_110,40551,40551
PZ-TChIC-K562-SC-H3K27me3-CT_147,13658,13658
PZ-TChIC-K562-SC-H3K27me3-C_85,35616,35616
PZ-MB-TChIC-K562-H3K4me3-C_38,79973,79973
PZ-MB-TChIC-K562-H3K4me3-T_249,4724,4724
PZ-TChIC-K562-SC-H3K27me3-CT_375,27309,27309
PZ-TChIC-K562-SC-H3K27me3-CT_303,46947,46947
PZ-TChIC-K562-SC-H3K27me3-CT_63,33348,33348
PZ-TChIC-K562-SC-H3K27me3-C_303,40493,40493
PZ-TChIC-K562-SC-H3K27me3-C_129,20840,20840
PZ-MB-TChIC-K562-H3K4me3-C_57,12580,12580
PZ-MB-TChIC-K562-H3K4me3-C_135,82364,82364
PZ-TChIC-K562-SC-H3K27me3-C_34,18960,18960
PZ-TChIC-K562-SC-H3K27me3-CT_213,33919,33919
PZ-TChIC-K562-SC-H3K27me3-CT_220,6567,6567
PZ-TChIC-K562-SC-H3K27me3-CT_45,51351,51351
PZ-TChIC-K562-SC-H3K27me3-C_141,27261,27261
PZ-TChIC-K562-SC-H3K27me3-CT_123,83976,83976
PZ-TChIC-K562-SC-H3K27me3-C_227,23035,23035
PZ-TChIC-K562-SC-H3K27me3-CT_278,42205,42205
PZ-TChIC-K562-SC-H3K27me3-CT_114,56451,56451
PZ-TChIC-K562-SC-H3K27me3-CT_113,38059,38059
PZ-TChIC-K562-SC-H3K27me3-CT_53,11605,11605
PZ-TChIC-K562-SC-H3K27me3-C_248,21540,21540
PZ-TChIC-K562-SC-H3K27me3-C_357,11066,11066
PZ-MB-TChIC-K562-H3K4me3-C_143,119648,119648
PZ-TChIC-K562-SC-H3K27me3-CT_115,20088,20088
PZ-TChIC-K562-SC-H3K27me3-CT_9,78431,78431
PZ-TChIC-K562-SC-H3K27me3-CT_285,75233,75233
PZ-MB-TChIC-K562-H3K4me3-C_17,46531,46531
PZ-TChIC-K562-SC-H3K27me3-C_378,19053,19053
PZ-TChIC-K562-SC-H3K27me3-CT_54,24115,24115
PZ-TChIC-K562-SC-H3K27me3-CT_68,25675,25675
PZ-MB-TChIC-K562-H3K4me3-T_379,3851,3851
PZ-MB-TChIC-K562-H3K4me3-T_272,5327,5327
PZ-MB-TChIC-K562-H3K4me3-C_191,118396,118396
PZ-MB-TChIC-K562-H3K4me3-C_239,106233,106233
PZ-TChIC-K562-SC-H3K27me3-CT_223,38745,38745
PZ-TChIC-K562-SC-H3K27me3-C_29,25506,25506
PZ-MB-TChIC-K562-H3K4me3-C_197,18660,18660
PZ-TChIC-K562-SC-H3K27me3-CT_199,42437,42437
PZ-TChIC-K562-SC-H3K27me3-C_69,13561,13561
PZ-TChIC-K562-SC-H3K27me3-C_291,23936,23936
PZ-TChIC-K562-SC-H3K27me3-CT_224,48735,48735
PZ-TChIC-K562-SC-H3K27me3-CT_359,31653,31653
PZ-TChIC-K562-SC-H3K27me3-C_43,29214,29214
PZ-TChIC-K562-SC-H3K27me3-C_344,21672,21672
PZ-TChIC-K562-SC-H3K27me3-CT_80,46764,46764
PZ-TChIC-K562-SC-H3K27me3-CT_62,13207,13207
PZ-TChIC-K562-SC-H3K27me3-C_88,17895,17895
PZ-TChIC-K562-SC-H3K27me3-C_194,17710,17710
PZ-TChIC-K562-SC-H3K27me3-C_108,22169,22169
PZ-TChIC-K562-SC-H3K27me3-C_87,32041,32041
PZ-TChIC-K562-SC-H3K27me3-C_234,30120,30120
PZ-TChIC-K562-SC-H3K27me3-CT_380,21981,21981
PZ-TChIC-K562-SC-H3K27me3-CT_17,32808,32808
PZ-MB-TChIC-K562-H3K4me3-C_63,96611,96611
PZ-TChIC-K562-SC-H3K27me3-C_76,40051,40051
PZ-MB-TChIC-K562-H3K4me3-CT_211,5037,5037
PZ-TChIC-K562-SC-H3K27me3-CT_74,18639,18639
PZ-TChIC-K562-SC-H3K27me3-C_91,19667,19667
PZ-TChIC-K562-SC-H3K27me3-CT_242,41728,41728
PZ-TChIC-K562-SC-H3K27me3-C_57,23446,23446
PZ-MB-TChIC-K562-H3K4me3-C_238,120714,120714
PZ-MB-TChIC-K562-H3K4me3-C_82,50160,50160
PZ-TChIC-K562-SC-H3K27me3-CT_140,34390,34390
PZ-MB-TChIC-K562-H3K4me3-C_112,63154,63154
PZ-MB-TChIC-K562-H3K4me3-C_119,81695,81695
PZ-TChIC-K562-SC-H3K27me3-CT_32,78870,78870
PZ-TChIC-K562-SC-H3K27me3-CT_237,28348,28348
PZ-TChIC-K562-SC-H3K27me3-C_138,29509,29509
PZ-TChIC-K562-SC-H3K27me3-CT_271,36104,36104
PZ-TChIC-K562-SC-H3K27me3-CT_14,21293,21293
PZ-TChIC-K562-SC-H3K27me3-C_8,18564,18564
PZ-TChIC-K562-SC-H3K27me3-CT_56,19643,19643
PZ-TChIC-K562-SC-H3K27me3-C_282,31477,31477
PZ-TChIC-K562-SC-H3K27me3-C_373,28856,28856
PZ-TChIC-K562-SC-H3K27me3-CT_30,41305,41305
PZ-TChIC-K562-SC-H3K27me3-CT_316,33777,33777
PZ-TChIC-K562-SC-H3K27me3-CT_41,34534,34534
PZ-TChIC-K562-SC-H3K27me3-CT_360,32145,32145
PZ-TChIC-K562-SC-H3K27me3-CT_64,48255,48255
PZ-TChIC-K562-SC-H3K27me3-CT_194,30643,30643
PZ-TChIC-K562-SC-H3K27me3-C_128,30087,30087
PZ-TChIC-K562-SC-H3K27me3-C_114,33572,33572
PZ-TChIC-K562-SC-H3K27me3-CT_319,49621,49621
PZ-TChIC-K562-SC-H3K27me3-CT_251,15018,15018
PZ-TChIC-K562-SC-H3K27me3-C_323,29923,29923
PZ-TChIC-K562-SC-H3K27me3-CT_322,74933,74933
PZ-TChIC-K562-SC-H3K27me3-CT_144,9736,9736
PZ-MB-TChIC-K562-H3K4me3-C_64,62129,62129
PZ-MB-TChIC-K562-H3K4me3-T_185,27305,27305
PZ-TChIC-K562-SC-H3K27me3-CT_341,47411,47411
PZ-MB-TChIC-K562-H3K4me3-C_308,16806,16806
PZ-MB-TChIC-K562-H3K4me3-C_311,26597,26597
PZ-MB-TChIC-K562-H3K4me3-C_355,32180,32180
PZ-MB-TChIC-K562-H3K4me3-T_314,12225,12225
PZ-MB-TChIC-K562-H3K4me3-C_75,25621,25621
PZ-TChIC-K562-SC-H3K27me3-C_124,32206,32206
PZ-TChIC-K562-SC-H3K27me3-CT_334,35358,35358
PZ-TChIC-K562-SC-H3K27me3-CT_112,28147,28147
PZ-TChIC-K562-SC-H3K27me3-C_81,13063,13063
PZ-MB-TChIC-K562-H3K4me3-T_237,8511,8511
PZ-TChIC-K562-SC-H3K27me3-CT_351,16110,16110
PZ-TChIC-K562-SC-H3K27me3-C_333,31950,31950
PZ-TChIC-K562-SC-H3K27me3-C_239,29432,29432
PZ-TChIC-K562-SC-H3K27me3-C_99,29924,29924
PZ-MB-TChIC-K562-H3K4me3-C_188,128504,128504
PZ-TChIC-K562-SC-H3K27me3-CT_6,58100,58100
PZ-TChIC-K562-SC-H3K27me3-CT_381,54209,54209
PZ-TChIC-K562-SC-H3K27me3-C_151,14539,14539
PZ-TChIC-K562-SC-H3K27me3-C_369,20126,20126
PZ-TChIC-K562-SC-H3K27me3-C_156,20163,20163
PZ-MB-TChIC-K562-H3K4me3-C_243,70925,70925
PZ-TChIC-K562-SC-H3K27me3-C_214,25520,25520
PZ-TChIC-K562-SC-H3K27me3-C_364,22492,22492
PZ-TChIC-K562-SC-H3K27me3-CT_281,43723,43723
PZ-TChIC-K562-SC-H3K27me3-C_351,23648,23648
PZ-TChIC-K562-SC-H3K27me3-C_168,33160,33160
PZ-TChIC-K562-SC-H3K27me3-C_343,18763,18763
PZ-TChIC-K562-SC-H3K27me3-C_166,16185,16185
PZ-TChIC-K562-SC-H3K27me3-C_177,45438,45438
PZ-TChIC-K562-SC-H3K27me3-C_116,9077,9077
PZ-TChIC-K562-SC-H3K27me3-C_157,38236,38236
PZ-TChIC-K562-SC-H3K27me3-CT_255,22149,22149
PZ-TChIC-K562-SC-H3K27me3-CT_15,56939,56939
PZ-TChIC-K562-SC-H3K27me3-C_299,33070,33070
PZ-MB-TChIC-K562-H3K4me3-CT_159,4075,4075
PZ-TChIC-K562-SC-H3K27me3-CT_135,35129,35129
PZ-TChIC-K562-SC-H3K27me3-CT_183,61244,61244
PZ-TChIC-K562-SC-H3K27me3-CT_67,35987,35987
PZ-TChIC-K562-SC-H3K27me3-C_41,31260,31260
PZ-MB-TChIC-K562-H3K4me3-C_248,32939,32939
PZ-TChIC-K562-SC-H3K27me3-C_337,16232,16232
PZ-TChIC-K562-SC-H3K27me3-C_380,16530,16530
PZ-TChIC-K562-SC-H3K27me3-CT_196,12180,12180
PZ-TChIC-K562-SC-H3K27me3-C_358,34518,34518
PZ-TChIC-K562-SC-H3K27me3-CT_192,55779,55779
PZ-TChIC-K562-SC-H3K27me3-CT_354,37335,37335
PZ-TChIC-K562-SC-H3K27me3-C_363,14631,14631
PZ-TChIC-K562-SC-H3K27me3-C_2,15512,15512
PZ-TChIC-K562-SC-H3K27me3-CT_125,43655,43655
PZ-MB-TChIC-K562-H3K4me3-C_364,38592,38592
PZ-TChIC-K562-SC-H3K27me3-CT_275,48418,48418
PZ-TChIC-K562-SC-H3K27me3-CT_181,19775,19775
PZ-TChIC-K562-SC-H3K27me3-C_205,18080,18080
PZ-TChIC-K562-SC-H3K27me3-CT_169,22049,22049
PZ-TChIC-K562-SC-H3K27me3-C_238,20977,20977
PZ-TChIC-K562-SC-H3K27me3-CT_13,45556,45556
PZ-TChIC-K562-SC-H3K27me3-C_28,19043,19043
PZ-MB-TChIC-K562-H3K4me3-C_85,90288,90288
PZ-TChIC-K562-SC-H3K27me3-C_211,39621,39621
PZ-TChIC-K562-SC-H3K27me3-CT_362,64191,64191
PZ-TChIC-K562-SC-H3K27me3-C_271,20132,20132
PZ-TChIC-K562-SC-H3K27me3-CT_321,15674,15674
PZ-TChIC-K562-SC-H3K27me3-CT_96,18437,18437
PZ-TChIC-K562-SC-H3K27me3-C_347,24713,24713
PZ-TChIC-K562-SC-H3K27me3-CT_2,45290,45290
PZ-TChIC-K562-SC-H3K27me3-C_180,28161,28161
PZ-TChIC-K562-SC-H3K27me3-C_6,31781,31781
PZ-TChIC-K562-SC-H3K27me3-CT_128,22958,22958
PZ-TChIC-K562-SC-H3K27me3-CT_158,6388,6388
PZ-MB-TChIC-K562-H3K4me3-T_257,4922,4922
PZ-MB-TChIC-K562-H3K4me3-CT_295,2867,2867
PZ-MB-TChIC-K562-H3K4me3-C_141,120773,120773
PZ-TChIC-K562-SC-H3K27me3-CT_377,40509,40509
PZ-TChIC-K562-SC-H3K27me3-CT_66,41067,41067
PZ-TChIC-K562-SC-H3K27me3-CT_156,16990,16990
PZ-TChIC-K562-SC-H3K27me3-CT_197,7912,7912
PZ-TChIC-K562-SC-H3K27me3-CT_252,47464,47464
PZ-TChIC-K562-SC-H3K27me3-CT_228,51768,51768
PZ-MB-TChIC-K562-H3K4me3-CT_367,6685,6685
PZ-MB-TChIC-K562-H3K4me3-C_286,60710,60710
PZ-MB-TChIC-K562-H3K4me3-C_18,29902,29902
PZ-TChIC-K562-SC-H3K27me3-C_210,20901,20901
PZ-TChIC-K562-SC-H3K27me3-CT_35,15206,15206
PZ-TChIC-K562-SC-H3K27me3-CT_290,25326,25326
PZ-TChIC-K562-SC-H3K27me3-CT_3,38098,38098
PZ-TChIC-K562-SC-H3K27me3-C_281,25266,25266
PZ-MB-TChIC-K562-H3K4me3-T_186,13513,13513
PZ-MB-TChIC-K562-H3K4me3-CT_48,3497,3497
PZ-MB-TChIC-K562-H3K4me3-CT_29,3012,3012
PZ-MB-TChIC-K562-H3K4me3-C_240,85963,85963
PZ-MB-TChIC-K562-H3K4me3-C_223,85654,85654
PZ-MB-TChIC-K562-H3K4me3-C_261,39727,39727
PZ-TChIC-K562-SC-H3K27me3-C_109,20216,20216
PZ-TChIC-K562-SC-H3K27me3-CT_366,21228,21228
PZ-TChIC-K562-SC-H3K27me3-CT_382,81000,81000
PZ-TChIC-K562-SC-H3K27me3-C_90,42593,42593
PZ-TChIC-K562-SC-H3K27me3-CT_134,20966,20966
PZ-TChIC-K562-SC-H3K27me3-CT_358,40420,40420
PZ-TChIC-K562-SC-H3K27me3-CT_318,22119,22119
PZ-TChIC-K562-SC-H3K27me3-C_341,42053,42053
PZ-MB-TChIC-K562-H3K4me3-CT_68,3421,3421
PZ-TChIC-K562-SC-H3K27me3-C_382,25820,25820
PZ-MB-TChIC-K562-H3K4me3-C_258,22058,22058
PZ-MB-TChIC-K562-H3K4me3-C_10,16888,16888
PZ-MB-TChIC-K562-H3K4me3-C_318,58177,58177
PZ-MB-TChIC-K562-H3K4me3-C_262,49622,49622
PZ-MB-TChIC-K562-H3K4me3-T_331,7222,7222
PZ-MB-TChIC-K562-H3K4me3-C_139,110958,110958
PZ-TChIC-K562-SC-H3K27me3-C_65,37576,37576
PZ-TChIC-K562-SC-H3K27me3-C_38,33321,33321
PZ-TChIC-K562-SC-H3K27me3-C_37,31571,31571
PZ-MB-TChIC-K562-H3K4me3-CT_371,5723,5723
PZ-TChIC-K562-SC-H3K27me3-C_335,25586,25586
PZ-TChIC-K562-SC-H3K27me3-CT_233,46376,46376
PZ-TChIC-K562-SC-H3K27me3-CT_78,42232,42232
PZ-TChIC-K562-SC-H3K27me3-CT_273,52659,52659
PZ-TChIC-K562-SC-H3K27me3-CT_328,16107,16107
PZ-TChIC-K562-SC-H3K27me3-CT_175,17820,17820
PZ-TChIC-K562-SC-H3K27me3-C_374,21795,21795
PZ-MB-TChIC-K562-H3K4me3-C_348,17683,17683
PZ-TChIC-K562-SC-H3K27me3-C_60,13312,13312
PZ-TChIC-K562-SC-H3K27me3-C_230,37736,37736
PZ-TChIC-K562-SC-H3K27me3-C_273,26033,26033
PZ-TChIC-K562-SC-H3K27me3-C_229,31929,31929
PZ-TChIC-K562-SC-H3K27me3-CT_148,24496,24496
PZ-TChIC-K562-SC-H3K27me3-CT_222,33687,33687
PZ-TChIC-K562-SC-H3K27me3-C_30,33906,33906
PZ-TChIC-K562-SC-H3K27me3-CT_218,23170,23170
PZ-TChIC-K562-SC-H3K27me3-C_311,15545,15545
PZ-TChIC-K562-SC-H3K27me3-CT_82,46709,46709
PZ-TChIC-K562-SC-H3K27me3-C_354,13801,13801
PZ-MB-TChIC-K562-H3K4me3-CT_266,1932,1932
PZ-TChIC-K562-SC-H3K27me3-CT_243,31270,31270
PZ-MB-TChIC-K562-H3K4me3-CT_174,5552,5552
PZ-TChIC-K562-SC-H3K27me3-CT_70,66558,66558
PZ-TChIC-K562-SC-H3K27me3-CT_27,47735,47735
PZ-MB-TChIC-K562-H3K4me3-C_350,14298,14298
PZ-TChIC-K562-SC-H3K27me3-CT_279,43827,43827
PZ-MB-TChIC-K562-H3K4me3-C_265,87035,87035
PZ-TChIC-K562-SC-H3K27me3-CT_110,22429,22429
PZ-TChIC-K562-SC-H3K27me3-C_266,17569,17569
PZ-TChIC-K562-SC-H3K27me3-CT_249,22378,22378
PZ-MB-TChIC-K562-H3K4me3-C_283,43325,43325
PZ-TChIC-K562-SC-H3K27me3-C_277,26259,26259
PZ-MB-TChIC-K562-H3K4me3-C_89,34137,34137
PZ-TChIC-K562-SC-H3K27me3-C_197,25518,25518
PZ-TChIC-K562-SC-H3K27me3-C_139,26128,26128
PZ-MB-TChIC-K562-H3K4me3-C_351,22711,22711
PZ-MB-TChIC-K562-H3K4me3-CT_226,10497,10497
PZ-MB-TChIC-K562-H3K4me3-T_267,5115,5115
PZ-MB-TChIC-K562-H3K4me3-C_320,37316,37316
PZ-MB-TChIC-K562-H3K4me3-C_81,34941,34941
PZ-MB-TChIC-K562-H3K4me3-C_207,66507,66507
PZ-MB-TChIC-K562-H3K4me3-C_331,48498,48498
PZ-MB-TChIC-K562-H3K4me3-C_142,67777,67777
PZ-MB-TChIC-K562-H3K4me3-C_208,61767,61767
PZ-TChIC-K562-SC-H3K27me3-CT_217,30099,30099
PZ-TChIC-K562-SC-H3K27me3-CT_212,23690,23690
PZ-TChIC-K562-SC-H3K27me3-CT_174,42144,42144
PZ-MB-TChIC-K562-H3K4me3-T_341,2082,2082
PZ-TChIC-K562-SC-H3K27me3-C_165,16942,16942
PZ-TChIC-K562-SC-H3K27me3-CT_93,28465,28465
PZ-TChIC-K562-SC-H3K27me3-CT_357,39550,39550
PZ-TChIC-K562-SC-H3K27me3-CT_376,46980,46980
PZ-TChIC-K562-SC-H3K27me3-C_24,21709,21709
PZ-TChIC-K562-SC-H3K27me3-C_83,25290,25290
PZ-TChIC-K562-SC-H3K27me3-C_182,27560,27560
PZ-TChIC-K562-SC-H3K27me3-CT_286,14852,14852
PZ-TChIC-K562-SC-H3K27me3-CT_154,26612,26612
PZ-TChIC-K562-SC-H3K27me3-CT_202,67991,67991
PZ-TChIC-K562-SC-H3K27me3-CT_179,33952,33952
PZ-TChIC-K562-SC-H3K27me3-CT_152,21296,21296
PZ-TChIC-K562-SC-H3K27me3-CT_26,22730,22730
PZ-TChIC-K562-SC-H3K27me3-CT_186,38198,38198
PZ-TChIC-K562-SC-H3K27me3-C_235,37443,37443
PZ-TChIC-K562-SC-H3K27me3-CT_138,24539,24539
PZ-TChIC-K562-SC-H3K27me3-C_356,29968,29968
PZ-TChIC-K562-SC-H3K27me3-C_255,34055,34055
PZ-TChIC-K562-SC-H3K27me3-C_161,26603,26603
PZ-TChIC-K562-SC-H3K27me3-C_293,19619,19619
PZ-TChIC-K562-SC-H3K27me3-C_111,36144,36144
PZ-TChIC-K562-SC-H3K27me3-C_67,35654,35654
PZ-TChIC-K562-SC-H3K27me3-C_267,20940,20940
PZ-TChIC-K562-SC-H3K27me3-CT_118,26643,26643
PZ-MB-TChIC-K562-H3K4me3-C_56,14974,14974
PZ-TChIC-K562-SC-H3K27me3-C_174,22027,22027
PZ-TChIC-K562-SC-H3K27me3-CT_83,28814,28814
PZ-TChIC-K562-SC-H3K27me3-CT_19,19054,19054
PZ-TChIC-K562-SC-H3K27me3-CT_173,43596,43596
PZ-TChIC-K562-SC-H3K27me3-C_322,28282,28282
PZ-TChIC-K562-SC-H3K27me3-C_10,16263,16263
PZ-TChIC-K562-SC-H3K27me3-C_172,30222,30222
PZ-TChIC-K562-SC-H3K27me3-C_162,24562,24562
PZ-TChIC-K562-SC-H3K27me3-C_361,38929,38929
PZ-TChIC-K562-SC-H3K27me3-CT_355,30614,30614
PZ-TChIC-K562-SC-H3K27me3-C_131,30992,30992
PZ-TChIC-K562-SC-H3K27me3-CT_130,32154,32154
PZ-TChIC-K562-SC-H3K27me3-C_18,35209,35209
PZ-TChIC-K562-SC-H3K27me3-CT_100,37134,37134
PZ-TChIC-K562-SC-H3K27me3-CT_256,38550,38550
PZ-TChIC-K562-SC-H3K27me3-C_14,28965,28965
PZ-TChIC-K562-SC-H3K27me3-C_115,19382,19382
PZ-TChIC-K562-SC-H3K27me3-C_26,16383,16383
PZ-TChIC-K562-SC-H3K27me3-C_79,23269,23269
PZ-TChIC-K562-SC-H3K27me3-CT_367,35377,35377
PZ-MB-TChIC-K562-H3K4me3-T_273,9186,9186
PZ-MB-TChIC-K562-H3K4me3-CT_259,7219,7219
PZ-TChIC-K562-SC-H3K27me3-CT_259,48438,48438
PZ-TChIC-K562-SC-H3K27me3-C_142,32166,32166
PZ-MB-TChIC-K562-H3K4me3-CT_102,3442,3442
PZ-TChIC-K562-SC-H3K27me3-CT_24,34131,34131
PZ-TChIC-K562-SC-H3K27me3-CT_50,29366,29366
PZ-MB-TChIC-K562-H3K4me3-C_220,45212,45212
PZ-MB-TChIC-K562-H3K4me3-C_324,28621,28621
PZ-MB-TChIC-K562-H3K4me3-C_171,15877,15877
PZ-MB-TChIC-K562-H3K4me3-T_334,9100,9100
PZ-MB-TChIC-K562-H3K4me3-C_26,25414,25414
PZ-MB-TChIC-K562-H3K4me3-C_330,67657,67657
PZ-TChIC-K562-SC-H3K27me3-CT_106,17925,17925
PZ-TChIC-K562-SC-H3K27me3-CT_379,38471,38471
PZ-TChIC-K562-SC-H3K27me3-C_144,22674,22674
PZ-TChIC-K562-SC-H3K27me3-CT_207,19401,19401
PZ-TChIC-K562-SC-H3K27me3-CT_94,43054,43054
PZ-TChIC-K562-SC-H3K27me3-C_314,27337,27337
PZ-TChIC-K562-SC-H3K27me3-C_191,24909,24909
PZ-TChIC-K562-SC-H3K27me3-CT_4,27475,27475
PZ-TChIC-K562-SC-H3K27me3-CT_161,31641,31641
PZ-TChIC-K562-SC-H3K27me3-C_260,26651,26651
PZ-TChIC-K562-SC-H3K27me3-CT_162,15679,15679
PZ-TChIC-K562-SC-H3K27me3-C_316,20359,20359
PZ-TChIC-K562-SC-H3K27me3-CT_317,33050,33050
PZ-TChIC-K562-SC-H3K27me3-CT_206,30398,30398
PZ-MB-TChIC-K562-H3K4me3-C_356,31495,31495
PZ-TChIC-K562-SC-H3K27me3-C_71,44481,44481
PZ-MB-TChIC-K562-H3K4me3-C_77,31967,31967
PZ-TChIC-K562-SC-H3K27me3-CT_295,29039,29039
PZ-TChIC-K562-SC-H3K27me3-CT_240,8826,8826
PZ-TChIC-K562-SC-H3K27me3-CT_29,27369,27369
PZ-TChIC-K562-SC-H3K27me3-C_134,33724,33724
PZ-TChIC-K562-SC-H3K27me3-CT_143,23723,23723
PZ-TChIC-K562-SC-H3K27me3-C_118,19006,19006
PZ-TChIC-K562-SC-H3K27me3-C_270,19800,19800
PZ-TChIC-K562-SC-H3K27me3-CT_71,59580,59580
PZ-TChIC-K562-SC-H3K27me3-CT_305,7917,7917
PZ-TChIC-K562-SC-H3K27me3-C_66,24077,24077
PZ-TChIC-K562-SC-H3K27me3-CT_109,22319,22319
PZ-TChIC-K562-SC-H3K27me3-CT_108,23967,23967
PZ-TChIC-K562-SC-H3K27me3-C_148,22807,22807
PZ-TChIC-K562-SC-H3K27me3-CT_201,44584,44584
PZ-TChIC-K562-SC-H3K27me3-C_332,8826,8826
PZ-TChIC-K562-SC-H3K27me3-C_345,32514,32514
PZ-MB-TChIC-K562-H3K4me3-C_365,52679,52679
PZ-TChIC-K562-SC-H3K27me3-C_312,13300,13300
PZ-MB-TChIC-K562-H3K4me3-T_184,14517,14517
PZ-TChIC-K562-SC-H3K27me3-C_119,31351,31351
PZ-TChIC-K562-SC-H3K27me3-CT_159,22634,22634
PZ-TChIC-K562-SC-H3K27me3-CT_297,25486,25486
PZ-TChIC-K562-SC-H3K27me3-C_173,26880,26880
PZ-TChIC-K562-SC-H3K27me3-CT_289,19235,19235
PZ-TChIC-K562-SC-H3K27me3-CT_149,28949,28949
PZ-TChIC-K562-SC-H3K27me3-C_272,24245,24245
PZ-TChIC-K562-SC-H3K27me3-C_154,28561,28561
PZ-TChIC-K562-SC-H3K27me3-C_15,37506,37506
PZ-MB-TChIC-K562-H3K4me3-C_277,87330,87330
PZ-MB-TChIC-K562-H3K4me3-C_329,40733,40733
PZ-TChIC-K562-SC-H3K27me3-C_329,32794,32794
PZ-TChIC-K562-SC-H3K27me3-CT_171,8486,8486
PZ-TChIC-K562-SC-H3K27me3-CT_46,38391,38391
PZ-TChIC-K562-SC-H3K27me3-CT_141,20650,20650
PZ-TChIC-K562-SC-H3K27me3-CT_119,24293,24293
PZ-TChIC-K562-SC-H3K27me3-CT_250,22656,22656
PZ-TChIC-K562-SC-H3K27me3-C_112,27564,27564
PZ-TChIC-K562-SC-H3K27me3-CT_21,25523,25523
PZ-TChIC-K562-SC-H3K27me3-CT_361,41181,41181
PZ-TChIC-K562-SC-H3K27me3-CT_117,34937,34937
PZ-TChIC-K562-SC-H3K27me3-CT_84,22565,22565
PZ-TChIC-K562-SC-H3K27me3-CT_107,51083,51083
PZ-TChIC-K562-SC-H3K27me3-CT_333,31281,31281
PZ-TChIC-K562-SC-H3K27me3-C_264,24324,24324
PZ-TChIC-K562-SC-H3K27me3-CT_198,7908,7908
PZ-TChIC-K562-SC-H3K27me3-C_155,34648,34648
PZ-TChIC-K562-SC-H3K27me3-C_178,35285,35285
PZ-TChIC-K562-SC-H3K27me3-C_125,18274,18274
PZ-TChIC-K562-SC-H3K27me3-C_268,19071,19071
PZ-TChIC-K562-SC-H3K27me3-C_175,12720,12720
PZ-TChIC-K562-SC-H3K27me3-C_206,25176,25176
PZ-TChIC-K562-SC-H3K27me3-C_86,23529,23529
PZ-TChIC-K562-SC-H3K27me3-C_375,36845,36845
PZ-MB-TChIC-K562-H3K4me3-C_106,39407,39407
PZ-MB-TChIC-K562-H3K4me3-C_47,25240,25240
PZ-MB-TChIC-K562-H3K4me3-C_209,69468,69468
PZ-MB-TChIC-K562-H3K4me3-C_40,79212,79212
PZ-TChIC-K562-SC-H3K27me3-CT_89,17988,17988
PZ-TChIC-K562-SC-H3K27me3-CT_227,24620,24620
PZ-TChIC-K562-SC-H3K27me3-CT_294,32241,32241
PZ-MB-TChIC-K562-H3K4me3-T_309,3928,3928
PZ-MB-TChIC-K562-H3K4me3-C_125,52510,52510
PZ-TChIC-K562-SC-H3K27me3-C_54,28284,28284
PZ-TChIC-K562-SC-H3K27me3-C_224,37116,37116
PZ-TChIC-K562-SC-H3K27me3-C_257,22302,22302
PZ-MB-TChIC-K562-H3K4me3-C_273,118726,118726
PZ-MB-TChIC-K562-H3K4me3-T_38,2404,2404
PZ-MB-TChIC-K562-H3K4me3-C_189,133701,133701
PZ-TChIC-K562-SC-H3K27me3-C_259,26623,26623
PZ-TChIC-K562-SC-H3K27me3-C_122,31929,31929
PZ-TChIC-K562-SC-H3K27me3-CT_170,42064,42064
PZ-TChIC-K562-SC-H3K27me3-C_297,27892,27892
PZ-TChIC-K562-SC-H3K27me3-CT_264,17899,17899
PZ-TChIC-K562-SC-H3K27me3-C_327,16413,16413
PZ-TChIC-K562-SC-H3K27me3-CT_48,23166,23166
PZ-TChIC-K562-SC-H3K27me3-C_294,54425,54425
PZ-TChIC-K562-SC-H3K27me3-CT_309,20356,20356
PZ-TChIC-K562-SC-H3K27me3-C_61,13971,13971
PZ-TChIC-K562-SC-H3K27me3-C_4,27664,27664
PZ-TChIC-K562-SC-H3K27me3-CT_307,19017,19017
PZ-TChIC-K562-SC-H3K27me3-C_27,15587,15587
PZ-TChIC-K562-SC-H3K27me3-C_3,31803,31803
PZ-TChIC-K562-SC-H3K27me3-CT_182,33586,33586
PZ-TChIC-K562-SC-H3K27me3-CT_164,4312,4312
PZ-TChIC-K562-SC-H3K27me3-CT_22,15594,15594
PZ-TChIC-K562-SC-H3K27me3-C_170,16593,16593
PZ-TChIC-K562-SC-H3K27me3-CT_229,51206,51206
PZ-TChIC-K562-SC-H3K27me3-CT_43,60450,60450
PZ-TChIC-K562-SC-H3K27me3-CT_90,53757,53757
PZ-TChIC-K562-SC-H3K27me3-CT_308,12947,12947
PZ-TChIC-K562-SC-H3K27me3-CT_346,16237,16237
PZ-TChIC-K562-SC-H3K27me3-C_96,25757,25757
PZ-TChIC-K562-SC-H3K27me3-C_381,19833,19833
PZ-TChIC-K562-SC-H3K27me3-CT_58,54762,54762
PZ-TChIC-K562-SC-H3K27me3-CT_374,20537,20537
PZ-TChIC-K562-SC-H3K27me3-CT_330,55979,55979
PZ-TChIC-K562-SC-H3K27me3-C_160,31494,31494
PZ-TChIC-K562-SC-H3K27me3-CT_126,30461,30461
PZ-TChIC-K562-SC-H3K27me3-CT_373,45534,45534
PZ-TChIC-K562-SC-H3K27me3-C_372,23011,23011
PZ-TChIC-K562-SC-H3K27me3-C_350,17335,17335
PZ-TChIC-K562-SC-H3K27me3-C_384,38477,38477
PZ-TChIC-K562-SC-H3K27me3-CT_378,29467,29467
PZ-TChIC-K562-SC-H3K27me3-CT_10,20093,20093
PZ-TChIC-K562-SC-H3K27me3-C_355,21677,21677
PZ-TChIC-K562-SC-H3K27me3-CT_383,12037,12037
PZ-TChIC-K562-SC-H3K27me3-C_371,26244,26244
PZ-TChIC-K562-SC-H3K27me3-CT_253,5907,5907
PZ-TChIC-K562-SC-H3K27me3-C_135,16020,16020
PZ-TChIC-K562-SC-H3K27me3-CT_277,58000,58000
PZ-TChIC-K562-SC-H3K27me3-C_126,21816,21816
PZ-TChIC-K562-SC-H3K27me3-C_269,26221,26221
PZ-TChIC-K562-SC-H3K27me3-C_280,20029,20029
PZ-TChIC-K562-SC-H3K27me3-C_5,41259,41259
PZ-TChIC-K562-SC-H3K27me3-C_309,19487,19487
PZ-MB-TChIC-K562-H3K4me3-CT_2,5062,5062
PZ-TChIC-K562-SC-H3K27me3-C_340,17882,17882
PZ-TChIC-K562-SC-H3K27me3-CT_157,35763,35763
PZ-TChIC-K562-SC-H3K27me3-CT_76,36131,36131
PZ-TChIC-K562-SC-H3K27me3-CT_47,13285,13285
PZ-TChIC-K562-SC-H3K27me3-CT_122,15319,15319
PZ-MB-TChIC-K562-H3K4me3-C_290,18340,18340
PZ-TChIC-K562-SC-H3K27me3-C_275,42161,42161
PZ-TChIC-K562-SC-H3K27me3-C_143,27634,27634
PZ-TChIC-K562-SC-H3K27me3-CT_59,30857,30857
PZ-TChIC-K562-SC-H3K27me3-C_53,43518,43518
PZ-TChIC-K562-SC-H3K27me3-C_360,19150,19150
PZ-TChIC-K562-SC-H3K27me3-C_202,34290,34290
PZ-TChIC-K562-SC-H3K27me3-C_221,30590,30590
PZ-TChIC-K562-SC-H3K27me3-C_22,24356,24356
PZ-TChIC-K562-SC-H3K27me3-CT_231,28365,28365
PZ-TChIC-K562-SC-H3K27me3-C_94,26089,26089
PZ-TChIC-K562-SC-H3K27me3-CT_363,27505,27505
PZ-TChIC-K562-SC-H3K27me3-CT_211,37867,37867
PZ-MB-TChIC-K562-H3K4me3-T_230,4078,4078
PZ-MB-TChIC-K562-H3K4me3-T_238,4360,4360
PZ-TChIC-K562-SC-H3K27me3-CT_105,34810,34810
PZ-MB-TChIC-K562-H3K4me3-C_307,44074,44074
PZ-TChIC-K562-SC-H3K27me3-CT_280,29535,29535
PZ-MB-TChIC-K562-H3K4me3-CT_11,5142,5142
PZ-TChIC-K562-SC-H3K27me3-CT_310,26742,26742
PZ-MB-TChIC-K562-H3K4me3-C_200,19252,19252
PZ-MB-TChIC-K562-H3K4me3-CT_107,5908,5908
PZ-MB-TChIC-K562-H3K4me3-CT_185,23130,23130
PZ-TChIC-K562-SC-H3K27me3-C_185,31066,31066
PZ-MB-TChIC-K562-H3K4me3-T_351,1052,1052
PZ-MB-TChIC-K562-H3K4me3-C_104,46309,46309
PZ-MB-TChIC-K562-H3K4me3-C_256,78267,78267
PZ-TChIC-K562-SC-H3K27me3-CT_349,22832,22832
PZ-MB-TChIC-K562-H3K4me3-C_29,30470,30470
PZ-MB-TChIC-K562-H3K4me3-C_231,105852,105852
PZ-TChIC-K562-SC-H3K27me3-CT_127,32278,32278
PZ-MB-TChIC-K562-H3K4me3-C_167,69751,69751
PZ-TChIC-K562-SC-H3K27me3-C_305,30575,30575
PZ-MB-TChIC-K562-H3K4me3-T_263,5628,5628
PZ-TChIC-K562-SC-H3K27me3-CT_276,2549,2549
PZ-MB-TChIC-K562-H3K4me3-C_196,19611,19611
PZ-TChIC-K562-SC-H3K27me3-C_377,36022,36022
PZ-MB-TChIC-K562-H3K4me3-C_323,47878,47878
PZ-MB-TChIC-K562-H3K4me3-C_226,119803,119803
PZ-TChIC-K562-SC-H3K27me3-C_16,23726,23726
PZ-MB-TChIC-K562-H3K4me3-T_23,2165,2165
PZ-TChIC-K562-SC-H3K27me3-C_289,33906,33906
PZ-TChIC-K562-SC-H3K27me3-C_102,24111,24111
PZ-TChIC-K562-SC-H3K27me3-C_17,30102,30102
PZ-TChIC-K562-SC-H3K27me3-CT_111,31442,31442
PZ-MB-TChIC-K562-H3K4me3-C_327,18432,18432
PZ-MB-TChIC-K562-H3K4me3-C_28,31790,31790
PZ-MB-TChIC-K562-H3K4me3-C_92,59827,59827
PZ-TChIC-K562-SC-H3K27me3-CT_282,27246,27246
PZ-TChIC-K562-SC-H3K27me3-C_196,17760,17760
PZ-TChIC-K562-SC-H3K27me3-C_64,23682,23682
PZ-MB-TChIC-K562-H3K4me3-T_370,6350,6350
PZ-TChIC-K562-SC-H3K27me3-C_315,23443,23443
PZ-MB-TChIC-K562-H3K4me3-C_373,43394,43394
PZ-TChIC-K562-SC-H3K27me3-C_225,32578,32578
PZ-MB-TChIC-K562-H3K4me3-CT_133,3475,3475
PZ-TChIC-K562-SC-H3K27me3-C_158,20385,20385
PZ-TChIC-K562-SC-H3K27me3-C_318,13504,13504
PZ-TChIC-K562-SC-H3K27me3-C_243,22674,22674
PZ-TChIC-K562-SC-H3K27me3-CT_324,21684,21684
PZ-TChIC-K562-SC-H3K27me3-CT_345,22479,22479
PZ-TChIC-K562-SC-H3K27me3-CT_284,13457,13457
PZ-MB-TChIC-K562-H3K4me3-C_298,27288,27288
PZ-MB-TChIC-K562-H3K4me3-CT_157,10789,10789
PZ-MB-TChIC-K562-H3K4me3-C_21,29518,29518
PZ-TChIC-K562-SC-H3K27me3-C_228,32385,32385
PZ-TChIC-K562-SC-H3K27me3-CT_283,27224,27224
PZ-MB-TChIC-K562-H3K4me3-C_304,44157,44157
PZ-MB-TChIC-K562-H3K4me3-C_300,34298,34298
PZ-MB-TChIC-K562-H3K4me3-CT_297,13001,13001
PZ-MB-TChIC-K562-H3K4me3-T_295,1578,1578
PZ-MB-TChIC-K562-H3K4me3-T_36,3033,3033
PZ-MB-TChIC-K562-H3K4me3-C_278,62906,62906
PZ-MB-TChIC-K562-H3K4me3-C_380,17624,17624
PZ-TChIC-K562-SC-H3K27me3-C_288,41305,41305
PZ-MB-TChIC-K562-H3K4me3-C_156,30526,30526
PZ-MB-TChIC-K562-H3K4me3-C_194,26961,26961
PZ-MB-TChIC-K562-H3K4me3-CT_125,4445,4445
PZ-MB-TChIC-K562-H3K4me3-C_44,15669,15669
PZ-MB-TChIC-K562-H3K4me3-C_254,41205,41205
PZ-MB-TChIC-K562-H3K4me3-T_236,7159,7159
PZ-TChIC-K562-SC-H3K27me3-C_307,24812,24812
PZ-TChIC-K562-SC-H3K27me3-C_215,10510,10510
PZ-TChIC-K562-SC-H3K27me3-C_353,17057,17057
PZ-MB-TChIC-K562-H3K4me3-C_219,57971,57971
PZ-MB-TChIC-K562-H3K4me3-C_275,106886,106886
PZ-MB-TChIC-K562-H3K4me3-T_300,2588,2588
PZ-MB-TChIC-K562-H3K4me3-CT_258,1728,1728
PZ-MB-TChIC-K562-H3K4me3-T_242,3476,3476
PZ-TChIC-K562-SC-H3K27me3-C_169,24326,24326
PZ-MB-TChIC-K562-H3K4me3-C_257,72468,72468
PZ-TChIC-K562-SC-H3K27me3-C_324,22768,22768
PZ-MB-TChIC-K562-H3K4me3-C_352,3594,3594
PZ-TChIC-K562-SC-H3K27me3-C_51,41975,41975
PZ-TChIC-K562-SC-H3K27me3-C_117,38265,38265
PZ-TChIC-K562-SC-H3K27me3-CT_235,20850,20850
PZ-MB-TChIC-K562-H3K4me3-T_320,7395,7395
PZ-MB-TChIC-K562-H3K4me3-C_87,80746,80746
PZ-TChIC-K562-SC-H3K27me3-CT_87,16465,16465
PZ-MB-TChIC-K562-H3K4me3-T_328,8293,8293
PZ-MB-TChIC-K562-H3K4me3-CT_176,9966,9966
PZ-MB-TChIC-K562-H3K4me3-C_367,34665,34665
PZ-MB-TChIC-K562-H3K4me3-CT_140,4161,4161
PZ-TChIC-K562-SC-H3K27me3-CT_176,25937,25937
PZ-TChIC-K562-SC-H3K27me3-CT_160,17773,17773
PZ-MB-TChIC-K562-H3K4me3-CT_150,4817,4817
PZ-MB-TChIC-K562-H3K4me3-CT_87,6996,6996
PZ-TChIC-K562-SC-H3K27me3-C_295,24245,24245
PZ-MB-TChIC-K562-H3K4me3-CT_303,8532,8532
PZ-MB-TChIC-K562-H3K4me3-CT_353,1505,1505
PZ-TChIC-K562-SC-H3K27me3-C_219,13589,13589
PZ-TChIC-K562-SC-H3K27me3-C_146,16971,16971
PZ-TChIC-K562-SC-H3K27me3-CT_150,15946,15946
PZ-TChIC-K562-SC-H3K27me3-C_186,45333,45333
PZ-MB-TChIC-K562-H3K4me3-CT_51,6250,6250
PZ-MB-TChIC-K562-H3K4me3-C_359,36168,36168
PZ-TChIC-K562-SC-H3K27me3-CT_86,17774,17774
PZ-TChIC-K562-SC-H3K27me3-C_93,33927,33927
PZ-TChIC-K562-SC-H3K27me3-C_105,20370,20370
PZ-TChIC-K562-SC-H3K27me3-C_181,32874,32874
PZ-TChIC-K562-SC-H3K27me3-CT_129,21537,21537
PZ-TChIC-K562-SC-H3K27me3-CT_365,48225,48225
PZ-TChIC-K562-SC-H3K27me3-CT_234,38054,38054
PZ-TChIC-K562-SC-H3K27me3-CT_195,23397,23397
PZ-TChIC-K562-SC-H3K27me3-C_278,27031,27031
PZ-TChIC-K562-SC-H3K27me3-CT_262,10107,10107
PZ-TChIC-K562-SC-H3K27me3-C_244,22927,22927
PZ-TChIC-K562-SC-H3K27me3-C_92,32116,32116
PZ-TChIC-K562-SC-H3K27me3-C_31,24416,24416
PZ-TChIC-K562-SC-H3K27me3-CT_306,35774,35774
PZ-MB-TChIC-K562-H3K4me3-CT_24,7127,7127
PZ-TChIC-K562-SC-H3K27me3-C_261,15732,15732
PZ-MB-TChIC-K562-H3K4me3-C_246,7439,7439
PZ-TChIC-K562-SC-H3K27me3-CT_142,14716,14716
PZ-MB-TChIC-K562-H3K4me3-T_233,4808,4808
PZ-MB-TChIC-K562-H3K4me3-CT_117,5432,5432
PZ-TChIC-K562-SC-H3K27me3-C_296,21886,21886
PZ-TChIC-K562-SC-H3K27me3-CT_239,29625,29625
PZ-TChIC-K562-SC-H3K27me3-C_195,25916,25916
PZ-MB-TChIC-K562-H3K4me3-T_90,4071,4071
PZ-MB-TChIC-K562-H3K4me3-CT_181,3363,3363
PZ-MB-TChIC-K562-H3K4me3-CT_179,10710,10710
PZ-MB-TChIC-K562-H3K4me3-C_48,38150,38150
PZ-MB-TChIC-K562-H3K4me3-CT_173,11281,11281
PZ-TChIC-K562-SC-H3K27me3-CT_356,12924,12924
PZ-TChIC-K562-SC-H3K27me3-C_70,27136,27136
PZ-TChIC-K562-SC-H3K27me3-C_336,7178,7178
PZ-TChIC-K562-SC-H3K27me3-C_163,17375,17375
PZ-TChIC-K562-SC-H3K27me3-C_250,30893,30893
PZ-TChIC-K562-SC-H3K27me3-CT_348,15685,15685
PZ-TChIC-K562-SC-H3K27me3-C_150,16136,16136
PZ-TChIC-K562-SC-H3K27me3-CT_36,35049,35049
PZ-TChIC-K562-SC-H3K27me3-C_104,23328,23328
PZ-TChIC-K562-SC-H3K27me3-C_132,14444,14444
PZ-TChIC-K562-SC-H3K27me3-CT_133,13999,13999
PZ-MB-TChIC-K562-H3K4me3-C_370,41244,41244
PZ-TChIC-K562-SC-H3K27me3-CT_248,36560,36560
PZ-TChIC-K562-SC-H3K27me3-C_42,22759,22759
PZ-TChIC-K562-SC-H3K27me3-C_252,20070,20070
PZ-TChIC-K562-SC-H3K27me3-C_231,18417,18417
PZ-TChIC-K562-SC-H3K27me3-CT_368,18248,18248
PZ-TChIC-K562-SC-H3K27me3-CT_146,31162,31162
PZ-TChIC-K562-SC-H3K27me3-C_33,19888,19888
PZ-TChIC-K562-SC-H3K27me3-C_246,7877,7877
PZ-TChIC-K562-SC-H3K27me3-C_153,17491,17491
PZ-TChIC-K562-SC-H3K27me3-C_207,38829,38829
PZ-TChIC-K562-SC-H3K27me3-C_100,27573,27573
PZ-MB-TChIC-K562-H3K4me3-T_217,6458,6458
PZ-MB-TChIC-K562-H3K4me3-T_322,19206,19206
PZ-TChIC-K562-SC-H3K27me3-CT_12,12645,12645
PZ-MB-TChIC-K562-H3K4me3-CT_262,3716,3716
PZ-TChIC-K562-SC-H3K27me3-C_249,31126,31126
PZ-TChIC-K562-SC-H3K27me3-C_301,21044,21044
PZ-MB-TChIC-K562-H3K4me3-C_227,48161,48161
PZ-MB-TChIC-K562-H3K4me3-C_211,60424,60424
PZ-TChIC-K562-SC-H3K27me3-C_362,33520,33520
PZ-MB-TChIC-K562-H3K4me3-T_303,9053,9053
PZ-TChIC-K562-SC-H3K27me3-C_152,32911,32911
PZ-TChIC-K562-SC-H3K27me3-C_338,6876,6876
PZ-TChIC-K562-SC-H3K27me3-CT_230,42016,42016
PZ-MB-TChIC-K562-H3K4me3-C_362,43801,43801
PZ-TChIC-K562-SC-H3K27me3-C_313,18903,18903
PZ-TChIC-K562-SC-H3K27me3-C_370,23879,23879
PZ-TChIC-K562-SC-H3K27me3-CT_339,45730,45730
PZ-TChIC-K562-SC-H3K27me3-CT_221,19429,19429
PZ-MB-TChIC-K562-H3K4me3-C_332,18129,18129
PZ-TChIC-K562-SC-H3K27me3-C_326,27102,27102
PZ-MB-TChIC-K562-H3K4me3-C_263,84255,84255
PZ-MB-TChIC-K562-H3K4me3-CT_319,10607,10607
PZ-MB-TChIC-K562-H3K4me3-T_183,16568,16568
PZ-TChIC-K562-SC-H3K27me3-CT_153,25751,25751
PZ-MB-TChIC-K562-H3K4me3-T_165,2960,2960
PZ-MB-TChIC-K562-H3K4me3-CT_254,3325,3325
PZ-MB-TChIC-K562-H3K4me3-C_267,91510,91510
PZ-MB-TChIC-K562-H3K4me3-C_118,71518,71518
PZ-MB-TChIC-K562-H3K4me3-CT_183,11957,11957
PZ-MB-TChIC-K562-H3K4me3-T_318,9323,9323
PZ-TChIC-K562-SC-H3K27me3-C_292,19623,19623
PZ-MB-TChIC-K562-H3K4me3-T_316,7456,7456
PZ-MB-TChIC-K562-H3K4me3-C_270,102530,102530
PZ-TChIC-K562-SC-H3K27me3-C_35,13803,13803
PZ-TChIC-K562-SC-H3K27me3-CT_291,43433,43433
PZ-TChIC-K562-SC-H3K27me3-CT_79,18991,18991
PZ-TChIC-K562-SC-H3K27me3-C_349,10312,10312
PZ-TChIC-K562-SC-H3K27me3-CT_350,16077,16077
PZ-TChIC-K562-SC-H3K27me3-C_21,16512,16512
PZ-MB-TChIC-K562-H3K4me3-C_74,26550,26550
PZ-TChIC-K562-SC-H3K27me3-C_308,19957,19957
PZ-TChIC-K562-SC-H3K27me3-CT_338,5791,5791
PZ-TChIC-K562-SC-H3K27me3-C_106,18930,18930
PZ-TChIC-K562-SC-H3K27me3-C_159,32142,32142
PZ-TChIC-K562-SC-H3K27me3-C_321,11471,11471
PZ-TChIC-K562-SC-H3K27me3-C_265,20726,20726
PZ-TChIC-K562-SC-H3K27me3-CT_315,26288,26288
PZ-TChIC-K562-SC-H3K27me3-C_236,29668,29668
PZ-TChIC-K562-SC-H3K27me3-C_310,19147,19147
PZ-TChIC-K562-SC-H3K27me3-C_290,22473,22473
PZ-TChIC-K562-SC-H3K27me3-CT_92,36083,36083
PZ-TChIC-K562-SC-H3K27me3-C_149,39571,39571
PZ-TChIC-K562-SC-H3K27me3-C_286,19734,19734
PZ-TChIC-K562-SC-H3K27me3-CT_300,23955,23955
PZ-TChIC-K562-SC-H3K27me3-C_204,33103,33103
PZ-TChIC-K562-SC-H3K27me3-C_13,37373,37373
PZ-TChIC-K562-SC-H3K27me3-CT_323,12826,12826
PZ-TChIC-K562-SC-H3K27me3-CT_263,19866,19866
PZ-TChIC-K562-SC-H3K27me3-CT_270,20629,20629
PZ-TChIC-K562-SC-H3K27me3-C_23,39685,39685
PZ-TChIC-K562-SC-H3K27me3-C_199,30705,30705
PZ-TChIC-K562-SC-H3K27me3-C_176,20962,20962
PZ-TChIC-K562-SC-H3K27me3-C_300,20958,20958
PZ-TChIC-K562-SC-H3K27me3-C_379,24315,24315
PZ-TChIC-K562-SC-H3K27me3-CT_369,32403,32403
PZ-TChIC-K562-SC-H3K27me3-CT_343,16069,16069
PZ-TChIC-K562-SC-H3K27me3-CT_57,9435,9435
PZ-TChIC-K562-SC-H3K27me3-C_368,10504,10504
PZ-TChIC-K562-SC-H3K27me3-C_68,19923,19923
PZ-TChIC-K562-SC-H3K27me3-CT_299,41415,41415
PZ-TChIC-K562-SC-H3K27me3-C_220,11554,11554
PZ-TChIC-K562-SC-H3K27me3-CT_219,12919,12919
PZ-TChIC-K562-SC-H3K27me3-CT_16,36097,36097
PZ-TChIC-K562-SC-H3K27me3-C_120,18855,18855
PZ-TChIC-K562-SC-H3K27me3-CT_69,15002,15002
PZ-TChIC-K562-SC-H3K27me3-C_75,13433,13433
PZ-MB-TChIC-K562-H3K4me3-C_53,38995,38995
PZ-MB-TChIC-K562-H3K4me3-C_312,30240,30240
PZ-MB-TChIC-K562-H3K4me3-CT_288,6780,6780
PZ-TChIC-K562-SC-H3K27me3-C_19,15266,15266
PZ-TChIC-K562-SC-H3K27me3-CT_298,28096,28096
PZ-TChIC-K562-SC-H3K27me3-CT_184,17049,17049
PZ-TChIC-K562-SC-H3K27me3-C_50,26583,26583
PZ-TChIC-K562-SC-H3K27me3-CT_167,25933,25933
PZ-TChIC-K562-SC-H3K27me3-CT_38,32204,32204
PZ-MB-TChIC-K562-H3K4me3-C_349,14838,14838
PZ-TChIC-K562-SC-H3K27me3-C_40,25117,25117
PZ-TChIC-K562-SC-H3K27me3-C_208,17456,17456
PZ-TChIC-K562-SC-H3K27me3-CT_61,11414,11414
PZ-MB-TChIC-K562-H3K4me3-T_235,3407,3407
PZ-MB-TChIC-K562-H3K4me3-CT_208,4931,4931
PZ-MB-TChIC-K562-H3K4me3-CT_364,5457,5457
PZ-MB-TChIC-K562-H3K4me3-C_180,74418,74418
PZ-MB-TChIC-K562-H3K4me3-C_285,69029,69029
PZ-TChIC-K562-SC-H3K27me3-T_15,299,299
PZ-MB-TChIC-K562-H3K4me3-T_326,8860,8860
PZ-MB-TChIC-K562-H3K4me3-C_116,12623,12623
PZ-MB-TChIC-K562-H3K4me3-CT_162,8046,8046
PZ-MB-TChIC-K562-H3K4me3-C_354,30287,30287
PZ-MB-TChIC-K562-H3K4me3-CT_239,5878,5878
PZ-MB-TChIC-K562-H3K4me3-T_170,7150,7150
PZ-MB-TChIC-K562-H3K4me3-C_101,40367,40367
PZ-MB-TChIC-K562-H3K4me3-C_157,59166,59166
PZ-MB-TChIC-K562-H3K4me3-C_24,34788,34788
PZ-MB-TChIC-K562-H3K4me3-T_9,3114,3114
PZ-MB-TChIC-K562-H3K4me3-C_71,73460,73460
PZ-MB-TChIC-K562-H3K4me3-C_340,11179,11179
PZ-MB-TChIC-K562-H3K4me3-T_67,1442,1442
PZ-MB-TChIC-K562-H3K4me3-T_150,3443,3443
PZ-MB-TChIC-K562-H3K4me3-T_252,3442,3442
PZ-MB-TChIC-K562-H3K4me3-T_329,6534,6534
PZ-MB-TChIC-K562-H3K4me3-T_202,864,864
PZ-MB-TChIC-K562-H3K4me3-CT_370,4314,4314
PZ-MB-TChIC-K562-H3K4me3-C_336,9694,9694
PZ-TChIC-K562-SC-H3K27me3-T_358,216,216
PZ-MB-TChIC-K562-H3K4me3-T_87,3556,3556
PZ-MB-TChIC-K562-H3K4me3-CT_127,14118,14118
PZ-MB-TChIC-K562-H3K4me3-CT_82,3629,3629
PZ-MB-TChIC-K562-H3K4me3-CT_52,1858,1858
PZ-MB-TChIC-K562-H3K4me3-C_84,48706,48706
PZ-MB-TChIC-K562-H3K4me3-CT_377,3825,3825
PZ-MB-TChIC-K562-H3K4me3-CT_335,6293,6293
PZ-MB-TChIC-K562-H3K4me3-CT_252,4887,4887
PZ-MB-TChIC-K562-H3K4me3-CT_376,2286,2286
PZ-MB-TChIC-K562-H3K4me3-C_69,10279,10279
PZ-MB-TChIC-K562-H3K4me3-CT_104,4475,4475
PZ-MB-TChIC-K562-H3K4me3-CT_129,11110,11110
PZ-MB-TChIC-K562-H3K4me3-C_55,20004,20004
PZ-MB-TChIC-K562-H3K4me3-CT_78,3483,3483
PZ-MB-TChIC-K562-H3K4me3-C_203,34119,34119
PZ-MB-TChIC-K562-H3K4me3-CT_128,12575,12575
PZ-MB-TChIC-K562-H3K4me3-C_353,16190,16190
PZ-MB-TChIC-K562-H3K4me3-CT_382,3503,3503
PZ-MB-TChIC-K562-H3K4me3-CT_180,6244,6244
PZ-MB-TChIC-K562-H3K4me3-CT_268,3190,3190
PZ-MB-TChIC-K562-H3K4me3-CT_191,10012,10012
PZ-MB-TChIC-K562-H3K4me3-C_8,34335,34335
PZ-MB-TChIC-K562-H3K4me3-CT_44,828,828
PZ-MB-TChIC-K562-H3K4me3-CT_366,3610,3610
PZ-MB-TChIC-K562-H3K4me3-CT_240,6031,6031
PZ-TChIC-K562-SC-H3K27me3-C_95,29768,29768
PZ-MB-TChIC-K562-H3K4me3-T_365,10805,10805
PZ-MB-TChIC-K562-H3K4me3-CT_14,3708,3708
PZ-MB-TChIC-K562-H3K4me3-C_366,41968,41968
PZ-MB-TChIC-K562-H3K4me3-CT_167,3736,3736
PZ-MB-TChIC-K562-H3K4me3-CT_225,12077,12077
PZ-MB-TChIC-K562-H3K4me3-C_133,42076,42076
PZ-MB-TChIC-K562-H3K4me3-T_173,15962,15962
PZ-TChIC-K562-SC-H3K27me3-C_330,35248,35248
PZ-TChIC-K562-SC-H3K27me3-CT_28,20655,20655
PZ-MB-TChIC-K562-H3K4me3-C_108,10846,10846
PZ-MB-TChIC-K562-H3K4me3-CT_256,10057,10057
PZ-MB-TChIC-K562-H3K4me3-T_176,9452,9452
PZ-MB-TChIC-K562-H3K4me3-C_138,59903,59903
PZ-MB-TChIC-K562-H3K4me3-T_271,7624,7624
PZ-TChIC-K562-SC-H3K27me3-C_45,16527,16527
PZ-MB-TChIC-K562-H3K4me3-C_251,36786,36786
PZ-TChIC-K562-SC-H3K27me3-CT_132,12829,12829
PZ-MB-TChIC-K562-H3K4me3-CT_139,7334,7334
PZ-TChIC-K562-SC-H3K27me3-CT_344,15330,15330
PZ-TChIC-K562-SC-H3K27me3-CT_287,4608,4608
PZ-TChIC-K562-SC-H3K27me3-C_137,22675,22675
PZ-TChIC-K562-SC-H3K27me3-CT_225,37245,37245
PZ-TChIC-K562-SC-H3K27me3-CT_168,36042,36042
PZ-TChIC-K562-SC-H3K27me3-CT_274,13000,13000
PZ-TChIC-K562-SC-H3K27me3-C_113,20646,20646
PZ-MB-TChIC-K562-H3K4me3-T_137,4345,4345
PZ-MB-TChIC-K562-H3K4me3-T_151,1801,1801
PZ-MB-TChIC-K562-H3K4me3-CT_193,3680,3680
PZ-TChIC-K562-SC-H3K27me3-C_339,37164,37164
PZ-TChIC-K562-SC-H3K27me3-C_32,44606,44606
PZ-MB-TChIC-K562-H3K4me3-C_297,49625,49625
PZ-TChIC-K562-SC-H3K27me3-C_74,13581,13581
PZ-TChIC-K562-SC-H3K27me3-CT_104,17797,17797
PZ-TChIC-K562-SC-H3K27me3-CT_7,18635,18635
PZ-MB-TChIC-K562-H3K4me3-C_146,22233,22233
PZ-TChIC-K562-SC-H3K27me3-CT_272,36017,36017
PZ-MB-TChIC-K562-H3K4me3-CT_246,1002,1002
PZ-MB-TChIC-K562-H3K4me3-CT_204,2247,2247
PZ-MB-TChIC-K562-H3K4me3-T_239,6225,6225
PZ-MB-TChIC-K562-H3K4me3-CT_96,2592,2592
PZ-TChIC-K562-SC-H3K27me3-CT_75,15253,15253
PZ-TChIC-K562-SC-H3K27me3-CT_336,13279,13279
PZ-TChIC-K562-SC-H3K27me3-C_258,6819,6819
PZ-TChIC-K562-SC-H3K27me3-CT_245,13957,13957
PZ-TChIC-K562-SC-H3K27me3-CT_288,32423,32423
PZ-TChIC-K562-SC-H3K27me3-CT_210,8362,8362
PZ-TChIC-K562-SC-H3K27me3-CT_193,3713,3713
PZ-TChIC-K562-SC-H3K27me3-C_352,2370,2370
PZ-MB-TChIC-K562-H3K4me3-T_371,5519,5519
PZ-MB-TChIC-K562-H3K4me3-T_86,1325,1325
PZ-MB-TChIC-K562-H3K4me3-CT_307,3066,3066
PZ-MB-TChIC-K562-H3K4me3-T_368,3974,3974
PZ-MB-TChIC-K562-H3K4me3-CT_374,2353,2353
PZ-MB-TChIC-K562-H3K4me3-CT_178,4366,4366
PZ-MB-TChIC-K562-H3K4me3-C_287,9984,9984
PZ-MB-TChIC-K562-H3K4me3-CT_33,6004,6004
PZ-MB-TChIC-K562-H3K4me3-CT_359,2487,2487
PZ-MB-TChIC-K562-H3K4me3-CT_267,3194,3194
PZ-TChIC-K562-SC-H3K27me3-C_136,12687,12687
PZ-MB-TChIC-K562-H3K4me3-T_181,4585,4585
PZ-MB-TChIC-K562-H3K4me3-C_272,79029,79029
PZ-MB-TChIC-K562-H3K4me3-CT_218,4700,4700
PZ-MB-TChIC-K562-H3K4me3-CT_321,3850,3850
PZ-MB-TChIC-K562-H3K4me3-CT_163,2724,2724
PZ-MB-TChIC-K562-H3K4me3-CT_135,5531,5531
PZ-MB-TChIC-K562-H3K4me3-C_98,36438,36438
PZ-MB-TChIC-K562-H3K4me3-CT_277,3916,3916
PZ-MB-TChIC-K562-H3K4me3-CT_177,10106,10106
PZ-MB-TChIC-K562-H3K4me3-T_330,9982,9982
PZ-MB-TChIC-K562-H3K4me3-T_279,10963,10963
PZ-MB-TChIC-K562-H3K4me3-C_9,38597,38597
PZ-MB-TChIC-K562-H3K4me3-CT_151,3647,3647
PZ-MB-TChIC-K562-H3K4me3-T_246,434,434
PZ-MB-TChIC-K562-H3K4me3-C_105,61692,61692
PZ-MB-TChIC-K562-H3K4me3-CT_59,7532,7532
PZ-MB-TChIC-K562-H3K4me3-CT_220,2358,2358
PZ-MB-TChIC-K562-H3K4me3-CT_71,6119,6119
PZ-MB-TChIC-K562-H3K4me3-T_315,5061,5061
PZ-MB-TChIC-K562-H3K4me3-CT_111,11607,11607
PZ-MB-TChIC-K562-H3K4me3-T_284,2377,2377
PZ-MB-TChIC-K562-H3K4me3-T_367,7578,7578
PZ-MB-TChIC-K562-H3K4me3-CT_34,3213,3213
PZ-MB-TChIC-K562-H3K4me3-CT_21,3025,3025
PZ-MB-TChIC-K562-H3K4me3-CT_15,6781,6781
PZ-MB-TChIC-K562-H3K4me3-CT_155,7337,7337
PZ-MB-TChIC-K562-H3K4me3-CT_123,10261,10261
PZ-MB-TChIC-K562-H3K4me3-CT_57,2081,2081
PZ-MB-TChIC-K562-H3K4me3-C_60,10692,10692
PZ-MB-TChIC-K562-H3K4me3-CT_23,7836,7836
PZ-MB-TChIC-K562-H3K4me3-C_7,8116,8116
PZ-MB-TChIC-K562-H3K4me3-C_294,43404,43404
PZ-MB-TChIC-K562-H3K4me3-CT_88,2653,2653
PZ-MB-TChIC-K562-H3K4me3-C_152,34449,34449
PZ-MB-TChIC-K562-H3K4me3-C_325,31420,31420
PZ-MB-TChIC-K562-H3K4me3-CT_100,2419,2419
PZ-MB-TChIC-K562-H3K4me3-CT_273,4339,4339
PZ-MB-TChIC-K562-H3K4me3-CT_275,3483,3483
PZ-MB-TChIC-K562-H3K4me3-CT_196,1730,1730
PZ-MB-TChIC-K562-H3K4me3-CT_313,5890,5890
PZ-MB-TChIC-K562-H3K4me3-CT_99,3394,3394
PZ-MB-TChIC-K562-H3K4me3-C_19,14859,14859
PZ-MB-TChIC-K562-H3K4me3-CT_356,3263,3263
PZ-MB-TChIC-K562-H3K4me3-CT_358,4051,4051
PZ-MB-TChIC-K562-H3K4me3-C_6,27943,27943
PZ-MB-TChIC-K562-H3K4me3-CT_326,3720,3720
PZ-MB-TChIC-K562-H3K4me3-CT_106,3282,3282
PZ-MB-TChIC-K562-H3K4me3-C_12,4306,4306
PZ-MB-TChIC-K562-H3K4me3-CT_341,4008,4008
PZ-MB-TChIC-K562-H3K4me3-CT_221,2066,2066
PZ-MB-TChIC-K562-H3K4me3-CT_284,2030,2030
PZ-MB-TChIC-K562-H3K4me3-CT_299,4820,4820
PZ-MB-TChIC-K562-H3K4me3-C_293,21407,21407
PZ-MB-TChIC-K562-H3K4me3-CT_112,3966,3966
PZ-MB-TChIC-K562-H3K4me3-T_225,11438,11438
PZ-MB-TChIC-K562-H3K4me3-T_319,19298,19298
PZ-MB-TChIC-K562-H3K4me3-CT_309,3348,3348
PZ-MB-TChIC-K562-H3K4me3-T_168,5873,5873
PZ-MB-TChIC-K562-H3K4me3-T_342,1052,1052
PZ-MB-TChIC-K562-H3K4me3-T_369,4149,4149
PZ-MB-TChIC-K562-H3K4me3-T_196,713,713
PZ-MB-TChIC-K562-H3K4me3-CT_316,1366,1366
PZ-MB-TChIC-K562-H3K4me3-CT_205,1838,1838
PZ-MB-TChIC-K562-H3K4me3-C_363,37545,37545
PZ-MB-TChIC-K562-H3K4me3-CT_325,3246,3246
PZ-MB-TChIC-K562-H3K4me3-T_325,4411,4411
PZ-MB-TChIC-K562-H3K4me3-CT_230,7235,7235
PZ-MB-TChIC-K562-H3K4me3-T_384,6517,6517
PZ-MB-TChIC-K562-H3K4me3-T_111,2275,2275
PZ-MB-TChIC-K562-H3K4me3-T_157,4389,4389
PZ-TChIC-K562-SC-H3K27me3-C_62,11192,11192
PZ-MB-TChIC-K562-H3K4me3-T_188,10297,10297
PZ-MB-TChIC-K562-H3K4me3-T_373,4810,4810
PZ-MB-TChIC-K562-H3K4me3-T_179,11927,11927
PZ-MB-TChIC-K562-H3K4me3-T_109,2793,2793
PZ-MB-TChIC-K562-H3K4me3-CT_5,8607,8607
PZ-TChIC-K562-SC-H3K27me3-T_209,210,210
PZ-TChIC-K562-SC-H3K27me3-T_384,335,335
PZ-MB-TChIC-K562-H3K4me3-C_103,14128,14128
PZ-MB-TChIC-K562-H3K4me3-T_175,7779,7779
PZ-MB-TChIC-K562-H3K4me3-CT_362,5893,5893
PZ-MB-TChIC-K562-H3K4me3-T_310,4304,4304
PZ-MB-TChIC-K562-H3K4me3-C_302,6899,6899
PZ-MB-TChIC-K562-H3K4me3-CT_229,5372,5372
PZ-MB-TChIC-K562-H3K4me3-T_163,2121,2121
PZ-MB-TChIC-K562-H3K4me3-T_355,780,780
PZ-MB-TChIC-K562-H3K4me3-T_291,3885,3885
PZ-MB-TChIC-K562-H3K4me3-T_131,11384,11384
PZ-MB-TChIC-K562-H3K4me3-T_182,7767,7767
PZ-MB-TChIC-K562-H3K4me3-CT_32,4663,4663
PZ-MB-TChIC-K562-H3K4me3-CT_369,7281,7281
PZ-MB-TChIC-K562-H3K4me3-CT_233,7530,7530
PZ-MB-TChIC-K562-H3K4me3-T_207,3675,3675
PZ-MB-TChIC-K562-H3K4me3-CT_232,11004,11004
PZ-TChIC-K562-SC-H3K27me3-C_77,12588,12588
PZ-MB-TChIC-K562-H3K4me3-CT_300,4781,4781
PZ-TChIC-K562-SC-H3K27me3-CT_191,7267,7267
PZ-MB-TChIC-K562-H3K4me3-CT_37,4216,4216
PZ-MB-TChIC-K562-H3K4me3-T_16,1378,1378
PZ-MB-TChIC-K562-H3K4me3-CT_318,4723,4723
PZ-MB-TChIC-K562-H3K4me3-CT_184,13762,13762
PZ-MB-TChIC-K562-H3K4me3-T_362,9990,9990
PZ-MB-TChIC-K562-H3K4me3-T_317,20377,20377
PZ-MB-TChIC-K562-H3K4me3-T_174,14775,14775
PZ-MB-TChIC-K562-H3K4me3-CT_202,3547,3547
PZ-MB-TChIC-K562-H3K4me3-T_133,2180,2180
PZ-MB-TChIC-K562-H3K4me3-CT_188,3864,3864
PZ-MB-TChIC-K562-H3K4me3-CT_247,2232,2232
PZ-TChIC-K562-SC-H3K27me3-T_344,83,83
PZ-MB-TChIC-K562-H3K4me3-CT_170,13899,13899
PZ-MB-TChIC-K562-H3K4me3-C_96,35255,35255
PZ-MB-TChIC-K562-H3K4me3-T_118,2393,2393
PZ-MB-TChIC-K562-H3K4me3-T_45,1509,1509
PZ-MB-TChIC-K562-H3K4me3-T_187,9141,9141
PZ-MB-TChIC-K562-H3K4me3-T_167,2205,2205
PZ-MB-TChIC-K562-H3K4me3-CT_6,3616,3616
PZ-MB-TChIC-K562-H3K4me3-CT_263,5755,5755
PZ-TChIC-K562-SC-H3K27me3-CT_332,21169,21169
PZ-MB-TChIC-K562-H3K4me3-CT_98,4057,4057
PZ-MB-TChIC-K562-H3K4me3-CT_330,8957,8957
PZ-MB-TChIC-K562-H3K4me3-CT_236,4174,4174
PZ-MB-TChIC-K562-H3K4me3-CT_384,3922,3922
PZ-MB-TChIC-K562-H3K4me3-CT_90,8647,8647
PZ-MB-TChIC-K562-H3K4me3-CT_293,1599,1599
PZ-MB-TChIC-K562-H3K4me3-CT_105,6570,6570
PZ-MB-TChIC-K562-H3K4me3-CT_291,2857,2857
PZ-MB-TChIC-K562-H3K4me3-CT_272,2858,2858
PZ-MB-TChIC-K562-H3K4me3-CT_161,6503,6503
PZ-TChIC-K562-SC-H3K27me3-CT_180,21125,21125
PZ-TChIC-K562-SC-H3K27me3-C_383,13672,13672
PZ-TChIC-K562-SC-H3K27me3-CT_352,12134,12134
PZ-TChIC-K562-SC-H3K27me3-CT_236,25677,25677
PZ-TChIC-K562-SC-H3K27me3-C_233,16722,16722
PZ-TChIC-K562-SC-H3K27me3-CT_18,34905,34905
PZ-TChIC-K562-SC-H3K27me3-C_200,16533,16533
PZ-TChIC-K562-SC-H3K27me3-C_274,15404,15404
PZ-TChIC-K562-SC-H3K27me3-C_306,11194,11194
PZ-TChIC-K562-SC-H3K27me3-CT_267,35704,35704
PZ-TChIC-K562-SC-H3K27me3-C_56,13082,13082
PZ-TChIC-K562-SC-H3K27me3-CT_177,21279,21279
PZ-TChIC-K562-SC-H3K27me3-C_226,14180,14180
PZ-TChIC-K562-SC-H3K27me3-CT_116,2751,2751
PZ-TChIC-K562-SC-H3K27me3-CT_42,28092,28092
PZ-MB-TChIC-K562-H3K4me3-T_132,2284,2284
PZ-TChIC-K562-SC-H3K27me3-C_223,29133,29133
PZ-TChIC-K562-SC-H3K27me3-CT_163,6080,6080
PZ-TChIC-K562-SC-H3K27me3-CT_342,21402,21402
PZ-MB-TChIC-K562-H3K4me3-CT_17,5958,5958
PZ-MB-TChIC-K562-H3K4me3-C_306,27687,27687
PZ-TChIC-K562-SC-H3K27me3-CT_40,20251,20251
PZ-TChIC-K562-SC-H3K27me3-C_325,24268,24268
PZ-MB-TChIC-K562-H3K4me3-T_264,5172,5172
PZ-TChIC-K562-SC-H3K27me3-CT_52,18659,18659
PZ-TChIC-K562-SC-H3K27me3-C_217,26995,26995
PZ-TChIC-K562-SC-H3K27me3-CT_226,47701,47701
PZ-TChIC-K562-SC-H3K27me3-C_222,20853,20853
PZ-MB-TChIC-K562-H3K4me3-CT_138,5908,5908
PZ-TChIC-K562-SC-H3K27me3-C_320,18672,18672
PZ-TChIC-K562-SC-H3K27me3-C_187,10499,10499
PZ-TChIC-K562-SC-H3K27me3-CT_312,14380,14380
PZ-MB-TChIC-K562-H3K4me3-T_190,1580,1580
PZ-MB-TChIC-K562-H3K4me3-CT_317,8089,8089
PZ-TChIC-K562-SC-H3K27me3-CT_327,11902,11902
PZ-MB-TChIC-K562-H3K4me3-CT_40,2458,2458
PZ-TChIC-K562-SC-H3K27me3-CT_139,14082,14082
PZ-TChIC-K562-SC-H3K27me3-CT_241,8849,8849
PZ-TChIC-K562-SC-H3K27me3-CT_136,9413,9413
PZ-TChIC-K562-SC-H3K27me3-CT_103,7638,7638
PZ-TChIC-K562-SC-H3K27me3-C_190,8845,8845
PZ-TChIC-K562-SC-H3K27me3-CT_353,20417,20417
PZ-TChIC-K562-SC-H3K27me3-CT_31,12368,12368
PZ-MB-TChIC-K562-H3K4me3-CT_137,9464,9464
PZ-TChIC-K562-SC-H3K27me3-CT_60,11669,11669
PZ-TChIC-K562-SC-H3K27me3-CT_268,19144,19144
PZ-MB-TChIC-K562-H3K4me3-CT_219,1071,1071
PZ-MB-TChIC-K562-H3K4me3-T_294,2237,2237
PZ-MB-TChIC-K562-H3K4me3-T_297,5940,5940
PZ-TChIC-K562-SC-H3K27me3-CT_208,13810,13810
PZ-TChIC-K562-SC-H3K27me3-C_52,22170,22170
PZ-TChIC-K562-SC-H3K27me3-CT_257,21862,21862
PZ-TChIC-K562-SC-H3K27me3-C_276,2512,2512
PZ-TChIC-K562-SC-H3K27me3-T_23,139,139
PZ-MB-TChIC-K562-H3K4me3-CT_234,11668,11668
PZ-TChIC-K562-SC-H3K27me3-CT_200,12534,12534
PZ-MB-TChIC-K562-H3K4me3-C_378,15214,15214
PZ-MB-TChIC-K562-H3K4me3-CT_217,8337,8337
PZ-MB-TChIC-K562-H3K4me3-T_223,3380,3380
PZ-MB-TChIC-K562-H3K4me3-CT_282,6343,6343
PZ-MB-TChIC-K562-H3K4me3-CT_160,6515,6515
PZ-MB-TChIC-K562-H3K4me3-T_234,10207,10207
PZ-MB-TChIC-K562-H3K4me3-T_159,5408,5408
PZ-MB-TChIC-K562-H3K4me3-T_95,3193,3193
PZ-MB-TChIC-K562-H3K4me3-T_332,2830,2830
PZ-MB-TChIC-K562-H3K4me3-T_356,16638,16638
PZ-MB-TChIC-K562-H3K4me3-CT_103,1145,1145
PZ-MB-TChIC-K562-H3K4me3-T_71,4328,4328
PZ-MB-TChIC-K562-H3K4me3-T_278,3228,3228
PZ-TChIC-K562-SC-H3K27me3-T_240,298,298
PZ-MB-TChIC-K562-H3K4me3-CT_261,3414,3414
PZ-MB-TChIC-K562-H3K4me3-CT_10,1664,1664
PZ-MB-TChIC-K562-H3K4me3-CT_209,7945,7945
PZ-TChIC-K562-SC-H3K27me3-T_345,231,231
PZ-MB-TChIC-K562-H3K4me3-CT_304,10863,10863
PZ-MB-TChIC-K562-H3K4me3-T_270,3373,3373
PZ-MB-TChIC-K562-H3K4me3-CT_95,4081,4081
PZ-MB-TChIC-K562-H3K4me3-T_205,1163,1163
PZ-MB-TChIC-K562-H3K4me3-CT_75,1665,1665
PZ-MB-TChIC-K562-H3K4me3-CT_187,5348,5348
PZ-MB-TChIC-K562-H3K4me3-CT_286,1956,1956
PZ-MB-TChIC-K562-H3K4me3-C_62,16519,16519
PZ-MB-TChIC-K562-H3K4me3-CT_46,2239,2239
PZ-MB-TChIC-K562-H3K4me3-C_276,3087,3087
PZ-MB-TChIC-K562-H3K4me3-CT_54,2166,2166
PZ-TChIC-K562-SC-H3K27me3-T_172,216,216
PZ-MB-TChIC-K562-H3K4me3-CT_294,2558,2558
PZ-MB-TChIC-K562-H3K4me3-CT_216,4259,4259
PZ-MB-TChIC-K562-H3K4me3-CT_195,4411,4411
PZ-MB-TChIC-K562-H3K4me3-CT_114,13105,13105
PZ-MB-TChIC-K562-H3K4me3-T_313,10923,10923
PZ-MB-TChIC-K562-H3K4me3-T_335,5181,5181
PZ-MB-TChIC-K562-H3K4me3-CT_8,11823,11823
PZ-MB-TChIC-K562-H3K4me3-CT_260,3624,3624
PZ-MB-TChIC-K562-H3K4me3-CT_141,6194,6194
PZ-MB-TChIC-K562-H3K4me3-CT_3,1774,1774
PZ-MB-TChIC-K562-H3K4me3-CT_4,2273,2273
PZ-MB-TChIC-K562-H3K4me3-T_248,3068,3068
PZ-MB-TChIC-K562-H3K4me3-T_240,2434,2434
PZ-MB-TChIC-K562-H3K4me3-T_158,2825,2825
PZ-MB-TChIC-K562-H3K4me3-CT_331,5560,5560
PZ-MB-TChIC-K562-H3K4me3-T_377,3512,3512
PZ-TChIC-K562-SC-H3K27me3-T_308,173,173
PZ-MB-TChIC-K562-H3K4me3-T_288,4935,4935
PZ-MB-TChIC-K562-H3K4me3-CT_206,1640,1640
PZ-MB-TChIC-K562-H3K4me3-C_35,3082,3082
PZ-MB-TChIC-K562-H3K4me3-CT_203,5530,5530
PZ-MB-TChIC-K562-H3K4me3-CT_113,5239,5239
PZ-MB-TChIC-K562-H3K4me3-CT_337,1555,1555
PZ-MB-TChIC-K562-H3K4me3-CT_357,1468,1468
PZ-MB-TChIC-K562-H3K4me3-CT_298,2819,2819
PZ-MB-TChIC-K562-H3K4me3-CT_55,1492,1492
PZ-MB-TChIC-K562-H3K4me3-CT_368,1188,1188
PZ-MB-TChIC-K562-H3K4me3-T_68,1616,1616
PZ-MB-TChIC-K562-H3K4me3-CT_238,3769,3769
PZ-MB-TChIC-K562-H3K4me3-T_37,2245,2245
PZ-MB-TChIC-K562-H3K4me3-CT_324,2334,2334
PZ-MB-TChIC-K562-H3K4me3-T_64,1309,1309
PZ-MB-TChIC-K562-H3K4me3-CT_16,3878,3878
PZ-MB-TChIC-K562-H3K4me3-CT_379,5431,5431
PZ-MB-TChIC-K562-H3K4me3-C_346,10563,10563
PZ-MB-TChIC-K562-H3K4me3-CT_120,5177,5177
PZ-MB-TChIC-K562-H3K4me3-CT_306,2373,2373
PZ-MB-TChIC-K562-H3K4me3-CT_351,2636,2636
PZ-MB-TChIC-K562-H3K4me3-CT_20,5825,5825
PZ-MB-TChIC-K562-H3K4me3-T_299,4456,4456
PZ-MB-TChIC-K562-H3K4me3-T_268,2020,2020
PZ-MB-TChIC-K562-H3K4me3-CT_289,3784,3784
PZ-MB-TChIC-K562-H3K4me3-CT_199,4044,4044
PZ-MB-TChIC-K562-H3K4me3-CT_91,1814,1814
PZ-MB-TChIC-K562-H3K4me3-CT_36,4121,4121
PZ-MB-TChIC-K562-H3K4me3-T_256,4578,4578
PZ-MB-TChIC-K562-H3K4me3-T_261,4181,4181
PZ-MB-TChIC-K562-H3K4me3-T_345,744,744
PZ-MB-TChIC-K562-H3K4me3-CT_67,4069,4069
PZ-MB-TChIC-K562-H3K4me3-CT_348,2141,2141
PZ-TChIC-K562-SC-H3K27me3-T_238,183,183
PZ-MB-TChIC-K562-H3K4me3-CT_235,1377,1377
PZ-TChIC-K562-SC-H3K27me3-T_89,8239,8239
PZ-MB-TChIC-K562-H3K4me3-T_221,5133,5133
PZ-MB-TChIC-K562-H3K4me3-CT_13,4940,4940
PZ-MB-TChIC-K562-H3K4me3-T_344,1137,1137
PZ-MB-TChIC-K562-H3K4me3-T_140,3483,3483
PZ-MB-TChIC-K562-H3K4me3-T_161,8610,8610
PZ-TChIC-K562-SC-H3K27me3-T_269,137,137
PZ-MB-TChIC-K562-H3K4me3-CT_190,1631,1631
PZ-MB-TChIC-K562-H3K4me3-T_220,1198,1198
PZ-MB-TChIC-K562-H3K4me3-T_347,1394,1394
PZ-MB-TChIC-K562-H3K4me3-T_210,2947,2947
PZ-MB-TChIC-K562-H3K4me3-T_359,2419,2419
PZ-MB-TChIC-K562-H3K4me3-T_160,8229,8229
PZ-MB-TChIC-K562-H3K4me3-CT_189,4380,4380
PZ-MB-TChIC-K562-H3K4me3-CT_92,3662,3662
PZ-MB-TChIC-K562-H3K4me3-CT_110,3377,3377
PZ-MB-TChIC-K562-H3K4me3-CT_84,2193,2193
PZ-TChIC-K562-SC-H3K27me3-T_168,129,129
PZ-MB-TChIC-K562-H3K4me3-T_323,6890,6890
PZ-MB-TChIC-K562-H3K4me3-CT_342,2278,2278
PZ-MB-TChIC-K562-H3K4me3-CT_58,4225,4225
PZ-MB-TChIC-K562-H3K4me3-T_20,2209,2209
PZ-MB-TChIC-K562-H3K4me3-CT_280,3700,3700
PZ-MB-TChIC-K562-H3K4me3-C_234,1166,1166
PZ-TChIC-K562-SC-H3K27me3-T_297,163,163
PZ-MB-TChIC-K562-H3K4me3-T_346,310,310
PZ-MB-TChIC-K562-H3K4me3-CT_94,3164,3164
PZ-MB-TChIC-K562-H3K4me3-CT_186,11916,11916
PZ-MB-TChIC-K562-H3K4me3-CT_39,4862,4862
PZ-MB-TChIC-K562-H3K4me3-CT_222,5135,5135
PZ-MB-TChIC-K562-H3K4me3-CT_269,3079,3079
PZ-MB-TChIC-K562-H3K4me3-CT_323,3976,3976
PZ-MB-TChIC-K562-H3K4me3-CT_350,1858,1858
PZ-MB-TChIC-K562-H3K4me3-CT_164,2071,2071
PZ-MB-TChIC-K562-H3K4me3-T_24,2443,2443
PZ-MB-TChIC-K562-H3K4me3-T_298,2398,2398
PZ-MB-TChIC-K562-H3K4me3-CT_154,6814,6814
PZ-TChIC-K562-SC-H3K27me3-C_46,3538,3538
PZ-MB-TChIC-K562-H3K4me3-T_212,7102,7102
PZ-MB-TChIC-K562-H3K4me3-CT_265,4823,4823
PZ-MB-TChIC-K562-H3K4me3-CT_345,1699,1699
PZ-MB-TChIC-K562-H3K4me3-T_304,9245,9245
PZ-MB-TChIC-K562-H3K4me3-CT_354,2367,2367
PZ-TChIC-K562-SC-H3K27me3-T_213,103,103
PZ-MB-TChIC-K562-H3K4me3-CT_271,6341,6341
PZ-MB-TChIC-K562-H3K4me3-CT_136,2148,2148
PZ-MB-TChIC-K562-H3K4me3-CT_31,4051,4051
PZ-MB-TChIC-K562-H3K4me3-CT_166,3599,3599
PZ-MB-TChIC-K562-H3K4me3-CT_378,2619,2619
PZ-MB-TChIC-K562-H3K4me3-T_360,2807,2807
PZ-MB-TChIC-K562-H3K4me3-CT_223,3085,3085
PZ-MB-TChIC-K562-H3K4me3-CT_207,11790,11790
PZ-MB-TChIC-K562-H3K4me3-CT_86,3431,3431
PZ-TChIC-K562-SC-H3K27me3-T_132,107,107
PZ-TChIC-K562-SC-H3K27me3-T_61,173,173
PZ-MB-TChIC-K562-H3K4me3-T_244,840,840
PZ-MB-TChIC-K562-H3K4me3-CT_119,2645,2645
PZ-TChIC-K562-SC-H3K27me3-T_43,206,206
PZ-MB-TChIC-K562-H3K4me3-CT_212,5787,5787
PZ-TChIC-K562-SC-H3K27me3-T_71,594,594
PZ-MB-TChIC-K562-H3K4me3-CT_334,5648,5648
PZ-MB-TChIC-K562-H3K4me3-CT_308,1854,1854
PZ-MB-TChIC-K562-H3K4me3-CT_126,6481,6481
PZ-MB-TChIC-K562-H3K4me3-CT_355,2676,2676
PZ-MB-TChIC-K562-H3K4me3-CT_292,4955,4955
PZ-MB-TChIC-K562-H3K4me3-CT_279,12383,12383
PZ-MB-TChIC-K562-H3K4me3-CT_42,752,752
PZ-MB-TChIC-K562-H3K4me3-CT_153,2853,2853
PZ-MB-TChIC-K562-H3K4me3-CT_148,2499,2499
PZ-MB-TChIC-K562-H3K4me3-CT_329,5541,5541
PZ-MB-TChIC-K562-H3K4me3-CT_243,3266,3266
PZ-MB-TChIC-K562-H3K4me3-CT_142,3980,3980
PZ-MB-TChIC-K562-H3K4me3-T_255,6578,6578
PZ-MB-TChIC-K562-H3K4me3-CT_146,2146,2146
PZ-MB-TChIC-K562-H3K4me3-CT_290,1643,1643
PZ-MB-TChIC-K562-H3K4me3-T_265,2637,2637
PZ-MB-TChIC-K562-H3K4me3-T_112,2121,2121
PZ-MB-TChIC-K562-H3K4me3-CT_340,1765,1765
PZ-TChIC-K562-SC-H3K27me3-T_301,136,136
PZ-MB-TChIC-K562-H3K4me3-CT_296,6122,6122
PZ-MB-TChIC-K562-H3K4me3-CT_9,5285,5285
PZ-MB-TChIC-K562-H3K4me3-CT_339,4064,4064
PZ-MB-TChIC-K562-H3K4me3-T_353,682,682
PZ-TChIC-K562-SC-H3K27me3-CT_246,16112,16112
PZ-TChIC-K562-SC-H3K27me3-T_273,418,418
PZ-TChIC-K562-SC-H3K27me3-CT_98,15111,15111
PZ-TChIC-K562-SC-H3K27me3-CT_190,11162,11162
PZ-TChIC-K562-SC-H3K27me3-CT_91,8981,8981
PZ-MB-TChIC-K562-H3K4me3-T_211,8365,8365
PZ-MB-TChIC-K562-H3K4me3-T_201,2337,2337
PZ-MB-TChIC-K562-H3K4me3-T_222,11396,11396
PZ-MB-TChIC-K562-H3K4me3-CT_237,3602,3602
PZ-MB-TChIC-K562-H3K4me3-T_363,7328,7328
PZ-MB-TChIC-K562-H3K4me3-T_208,2567,2567
PZ-MB-TChIC-K562-H3K4me3-T_85,2833,2833
PZ-MB-TChIC-K562-H3K4me3-T_219,2233,2233
PZ-MB-TChIC-K562-H3K4me3-CT_70,2244,2244
PZ-MB-TChIC-K562-H3K4me3-CT_12,343,343
PZ-MB-TChIC-K562-H3K4me3-CT_132,2800,2800
PZ-MB-TChIC-K562-H3K4me3-T_139,5608,5608
PZ-MB-TChIC-K562-H3K4me3-CT_109,5176,5176
PZ-MB-TChIC-K562-H3K4me3-CT_80,3619,3619
PZ-MB-TChIC-K562-H3K4me3-T_134,5607,5607
PZ-MB-TChIC-K562-H3K4me3-CT_228,7128,7128
PZ-MB-TChIC-K562-H3K4me3-T_285,7598,7598
PZ-TChIC-K562-SC-H3K27me3-T_323,150,150
PZ-MB-TChIC-K562-H3K4me3-CT_64,2386,2386
PZ-MB-TChIC-K562-H3K4me3-T_155,2993,2993
PZ-MB-TChIC-K562-H3K4me3-CT_66,1820,1820
PZ-MB-TChIC-K562-H3K4me3-T_130,3991,3991
PZ-MB-TChIC-K562-H3K4me3-T_128,7059,7059
PZ-MB-TChIC-K562-H3K4me3-T_357,782,782
PZ-MB-TChIC-K562-H3K4me3-T_143,5862,5862
PZ-MB-TChIC-K562-H3K4me3-CT_210,2567,2567
PZ-MB-TChIC-K562-H3K4me3-T_277,3438,3438
PZ-MB-TChIC-K562-H3K4me3-CT_175,3892,3892
PZ-MB-TChIC-K562-H3K4me3-T_63,2289,2289
PZ-MB-TChIC-K562-H3K4me3-T_84,2585,2585
PZ-MB-TChIC-K562-H3K4me3-T_93,2719,2719
PZ-MB-TChIC-K562-H3K4me3-T_311,4072,4072
PZ-MB-TChIC-K562-H3K4me3-T_40,1994,1994
PZ-MB-TChIC-K562-H3K4me3-CT_213,4043,4043
PZ-MB-TChIC-K562-H3K4me3-CT_18,4677,4677
PZ-MB-TChIC-K562-H3K4me3-T_172,6850,6850
PZ-MB-TChIC-K562-H3K4me3-CT_231,7099,7099
PZ-MB-TChIC-K562-H3K4me3-T_199,3595,3595
PZ-MB-TChIC-K562-H3K4me3-CT_41,2735,2735
PZ-TChIC-K562-SC-H3K27me3-T_284,110,110
PZ-MB-TChIC-K562-H3K4me3-T_59,1881,1881
PZ-MB-TChIC-K562-H3K4me3-T_148,795,795
PZ-MB-TChIC-K562-H3K4me3-T_129,10610,10610
PZ-MB-TChIC-K562-H3K4me3-CT_314,6518,6518
PZ-MB-TChIC-K562-H3K4me3-T_114,6319,6319
PZ-MB-TChIC-K562-H3K4me3-T_383,1265,1265
PZ-TChIC-K562-SC-H3K27me3-T_319,178,178
PZ-MB-TChIC-K562-H3K4me3-CT_62,1318,1318
PZ-MB-TChIC-K562-H3K4me3-CT_375,1956,1956
PZ-MB-TChIC-K562-H3K4me3-CT_244,2301,2301
PZ-MB-TChIC-K562-H3K4me3-T_126,938,938
PZ-TChIC-K562-SC-H3K27me3-C_302,6590,6590
PZ-MB-TChIC-K562-H3K4me3-T_192,7056,7056
PZ-MB-TChIC-K562-H3K4me3-T_216,3298,3298
PZ-TChIC-K562-SC-H3K27me3-C_198,7510,7510
PZ-TChIC-K562-SC-H3K27me3-T_131,203,203
PZ-MB-TChIC-K562-H3K4me3-CT_381,1566,1566
PZ-MB-TChIC-K562-H3K4me3-CT_89,2750,2750
PZ-MB-TChIC-K562-H3K4me3-T_18,2121,2121
PZ-MB-TChIC-K562-H3K4me3-CT_147,2142,2142
PZ-MB-TChIC-K562-H3K4me3-CT_274,1218,1218
PZ-MB-TChIC-K562-H3K4me3-T_41,3618,3618
PZ-MB-TChIC-K562-H3K4me3-CT_380,1706,1706
PZ-MB-TChIC-K562-H3K4me3-T_180,6003,6003
PZ-MB-TChIC-K562-H3K4me3-T_147,548,548
PZ-MB-TChIC-K562-H3K4me3-T_107,2422,2422
PZ-MB-TChIC-K562-H3K4me3-CT_156,4010,4010
PZ-MB-TChIC-K562-H3K4me3-T_283,469,469
PZ-MB-TChIC-K562-H3K4me3-CT_27,2700,2700
PZ-MB-TChIC-K562-H3K4me3-T_162,6955,6955
PZ-MB-TChIC-K562-H3K4me3-CT_130,7429,7429
PZ-MB-TChIC-K562-H3K4me3-CT_365,6815,6815
PZ-MB-TChIC-K562-H3K4me3-T_22,879,879
PZ-MB-TChIC-K562-H3K4me3-CT_53,3325,3325
PZ-MB-TChIC-K562-H3K4me3-T_366,11021,11021
PZ-MB-TChIC-K562-H3K4me3-CT_22,2758,2758
PZ-MB-TChIC-K562-H3K4me3-CT_311,3011,3011
PZ-MB-TChIC-K562-H3K4me3-CT_349,1797,1797
PZ-MB-TChIC-K562-H3K4me3-T_164,3018,3018
PZ-MB-TChIC-K562-H3K4me3-CT_172,6040,6040
PZ-MB-TChIC-K562-H3K4me3-T_65,1238,1238
PZ-MB-TChIC-K562-H3K4me3-CT_47,1985,1985
PZ-MB-TChIC-K562-H3K4me3-CT_124,9509,9509
PZ-MB-TChIC-K562-H3K4me3-CT_93,2216,2216
PZ-MB-TChIC-K562-H3K4me3-T_106,1326,1326
PZ-MB-TChIC-K562-H3K4me3-T_358,5078,5078
PZ-MB-TChIC-K562-H3K4me3-CT_134,4017,4017
PZ-MB-TChIC-K562-H3K4me3-CT_360,1923,1923
PZ-MB-TChIC-K562-H3K4me3-CT_115,3378,3378
PZ-MB-TChIC-K562-H3K4me3-T_262,3610,3610
PZ-MB-TChIC-K562-H3K4me3-CT_108,3525,3525
PZ-MB-TChIC-K562-H3K4me3-T_43,2068,2068
PZ-MB-TChIC-K562-H3K4me3-CT_26,1766,1766
PZ-MB-TChIC-K562-H3K4me3-T_14,1674,1674
PZ-MB-TChIC-K562-H3K4me3-T_293,2130,2130
PZ-MB-TChIC-K562-H3K4me3-T_19,721,721
PZ-MB-TChIC-K562-H3K4me3-CT_333,1977,1977
PZ-MB-TChIC-K562-H3K4me3-T_333,5829,5829
PZ-MB-TChIC-K562-H3K4me3-T_5,5970,5970
PZ-MB-TChIC-K562-H3K4me3-CT_315,2399,2399
PZ-MB-TChIC-K562-H3K4me3-CT_30,801,801
PZ-MB-TChIC-K562-H3K4me3-T_153,2606,2606
PZ-TChIC-K562-SC-H3K27me3-T_155,111,111
PZ-MB-TChIC-K562-H3K4me3-T_70,1997,1997
PZ-MB-TChIC-K562-H3K4me3-T_250,3258,3258
PZ-MB-TChIC-K562-H3K4me3-T_226,8548,8548
PZ-MB-TChIC-K562-H3K4me3-T_301,2695,2695
PZ-MB-TChIC-K562-H3K4me3-T_361,7247,7247
PZ-MB-TChIC-K562-H3K4me3-T_251,1462,1462
PZ-MB-TChIC-K562-H3K4me3-C_253,4372,4372
PZ-MB-TChIC-K562-H3K4me3-T_120,1993,1993
PZ-MB-TChIC-K562-H3K4me3-T_218,2617,2617
PZ-MB-TChIC-K562-H3K4me3-T_229,3743,3743
PZ-MB-TChIC-K562-H3K4me3-T_78,1463,1463
PZ-TChIC-K562-SC-H3K27me3-T_233,129,129
PZ-TChIC-K562-SC-H3K27me3-C_55,16410,16410
PZ-TChIC-K562-SC-H3K27me3-CT_77,8019,8019
PZ-MB-TChIC-K562-H3K4me3-CT_149,4764,4764
PZ-MB-TChIC-K562-H3K4me3-CT_251,3235,3235
PZ-MB-TChIC-K562-H3K4me3-T_374,1919,1919
PZ-MB-TChIC-K562-H3K4me3-T_206,1668,1668
PZ-MB-TChIC-K562-H3K4me3-T_152,4353,4353
PZ-MB-TChIC-K562-H3K4me3-T_149,2379,2379
PZ-MB-TChIC-K562-H3K4me3-CT_201,3800,3800
PZ-MB-TChIC-K562-H3K4me3-T_308,2876,2876
PZ-TChIC-K562-SC-H3K27me3-T_120,288,288
PZ-MB-TChIC-K562-H3K4me3-T_6,1776,1776
PZ-MB-TChIC-K562-H3K4me3-T_189,2992,2992
PZ-TChIC-K562-SC-H3K27me3-CT_244,13457,13457
PZ-TChIC-K562-SC-H3K27me3-C_12,6987,6987
PZ-MB-TChIC-K562-H3K4me3-T_53,359,359
PZ-TChIC-K562-SC-H3K27me3-C_7,15356,15356
PZ-TChIC-K562-SC-H3K27me3-CT_293,12613,12613
PZ-MB-TChIC-K562-H3K4me3-T_349,938,938
PZ-MB-TChIC-K562-H3K4me3-T_380,1161,1161
PZ-MB-TChIC-K562-H3K4me3-T_282,9064,9064
PZ-TChIC-K562-SC-H3K27me3-T_107,185,185
PZ-TChIC-K562-SC-H3K27me3-CT_337,5833,5833
PZ-MB-TChIC-K562-H3K4me3-T_306,2385,2385
PZ-TChIC-K562-SC-H3K27me3-CT_232,9238,9238
PZ-TChIC-K562-SC-H3K27me3-CT_335,19957,19957
PZ-MB-TChIC-K562-H3K4me3-T_260,2015,2015
PZ-MB-TChIC-K562-H3K4me3-T_245,516,516
PZ-MB-TChIC-K562-H3K4me3-CT_152,3187,3187
PZ-MB-TChIC-K562-H3K4me3-T_305,5777,5777
PZ-MB-TChIC-K562-H3K4me3-T_47,888,888
PZ-TChIC-K562-SC-H3K27me3-C_287,2691,2691
PZ-TChIC-K562-SC-H3K27me3-C_101,511,511
PZ-TChIC-K562-SC-H3K27me3-CT_258,5623,5623
PZ-TChIC-K562-SC-H3K27me3-C_253,3008,3008
PZ-MB-TChIC-K562-H3K4me3-T_280,5531,5531
PZ-MB-TChIC-K562-H3K4me3-CT_363,4165,4165
PZ-MB-TChIC-K562-H3K4me3-T_197,1207,1207
PZ-TChIC-K562-SC-H3K27me3-CT_302,3216,3216
PZ-MB-TChIC-K562-H3K4me3-T_127,3065,3065
PZ-MB-TChIC-K562-H3K4me3-T_141,2814,2814
PZ-MB-TChIC-K562-H3K4me3-T_39,4676,4676
PZ-MB-TChIC-K562-H3K4me3-T_372,2769,2769
PZ-MB-TChIC-K562-H3K4me3-T_259,5455,5455
PZ-TChIC-K562-SC-H3K27me3-CT_165,9466,9466
PZ-MB-TChIC-K562-H3K4me3-T_191,5336,5336
PZ-MB-TChIC-K562-H3K4me3-T_11,962,962
PZ-TChIC-K562-SC-H3K27me3-C_82,59,59
PZ-MB-TChIC-K562-H3K4me3-T_215,1045,1045
PZ-MB-TChIC-K562-H3K4me3-T_287,498,498
PZ-MB-TChIC-K562-H3K4me3-T_296,1407,1407
PZ-MB-TChIC-K562-H3K4me3-T_46,1352,1352
PZ-MB-TChIC-K562-H3K4me3-T_178,5317,5317
PZ-MB-TChIC-K562-H3K4me3-T_156,1634,1634
PZ-MB-TChIC-K562-H3K4me3-T_375,1955,1955
PZ-MB-TChIC-K562-H3K4me3-CT_83,3615,3615
PZ-MB-TChIC-K562-H3K4me3-CT_50,2222,2222
PZ-TChIC-K562-SC-H3K27me3-C_25,33,33
PZ-MB-TChIC-K562-H3K4me3-T_76,3531,3531
PZ-MB-TChIC-K562-H3K4me3-C_72,2351,2351
PZ-MB-TChIC-K562-H3K4me3-T_336,1304,1304
PZ-MB-TChIC-K562-H3K4me3-CT_287,613,613
PZ-MB-TChIC-K562-H3K4me3-T_343,671,671
PZ-MB-TChIC-K562-H3K4me3-CT_200,1416,1416
PZ-MB-TChIC-K562-H3K4me3-CT_312,3303,3303
PZ-MB-TChIC-K562-H3K4me3-CT_165,3578,3578
PZ-MB-TChIC-K562-H3K4me3-T_119,2647,2647
PZ-MB-TChIC-K562-H3K4me3-T_339,2141,2141
PZ-MB-TChIC-K562-H3K4me3-T_94,2600,2600
PZ-MB-TChIC-K562-H3K4me3-CT_79,245,245
PZ-TChIC-K562-SC-H3K27me3-T_125,340,340
PZ-MB-TChIC-K562-H3K4me3-T_209,6406,6406
PZ-MB-TChIC-K562-H3K4me3-CT_245,2767,2767
PZ-MB-TChIC-K562-H3K4me3-CT_270,4086,4086
PZ-MB-TChIC-K562-H3K4me3-CT_198,429,429
PZ-MB-TChIC-K562-H3K4me3-T_232,6549,6549
PZ-TChIC-K562-SC-H3K27me3-T_167,134,134
PZ-MB-TChIC-K562-H3K4me3-T_307,3066,3066
PZ-TChIC-K562-SC-H3K27me3-T_34,100,100
PZ-TChIC-K562-SC-H3K27me3-T_215,122,122
PZ-MB-TChIC-K562-H3K4me3-T_231,4256,4256
PZ-MB-TChIC-K562-H3K4me3-T_7,1034,1034
PZ-MB-TChIC-K562-H3K4me3-T_12,125,125
PZ-MB-TChIC-K562-H3K4me3-T_135,4329,4329
PZ-MB-TChIC-K562-H3K4me3-CT_182,4409,4409
PZ-TChIC-K562-SC-H3K27me3-CT_1,27,27
PZ-MB-TChIC-K562-H3K4me3-T_376,2893,2893
PZ-TChIC-K562-SC-H3K27me3-T_36,164,164
PZ-TChIC-K562-SC-H3K27me3-T_336,49,49
PZ-MB-TChIC-K562-H3K4me3-CT_320,2241,2241
PZ-MB-TChIC-K562-H3K4me3-CT_346,740,740
PZ-TChIC-K562-SC-H3K27me3-T_277,291,291
PZ-TChIC-K562-SC-H3K27me3-T_211,766,766
PZ-MB-TChIC-K562-H3K4me3-CT_215,1307,1307
PZ-TChIC-K562-SC-H3K27me3-T_251,222,222
PZ-TChIC-K562-SC-H3K27me3-T_300,124,124
PZ-TChIC-K562-SC-H3K27me3-T_337,71,71
PZ-MB-TChIC-K562-H3K4me3-T_10,597,597
PZ-TChIC-K562-SC-H3K27me3-T_285,1938,1938
PZ-TChIC-K562-SC-H3K27me3-T_173,197,197
PZ-MB-TChIC-K562-H3K4me3-T_281,2922,2922
PZ-MB-TChIC-K562-H3K4me3-T_154,3285,3285
PZ-MB-TChIC-K562-H3K4me3-T_166,3861,3861
PZ-MB-TChIC-K562-H3K4me3-T_364,12315,12315
PZ-MB-TChIC-K562-H3K4me3-CT_227,3609,3609
PZ-MB-TChIC-K562-H3K4me3-T_15,1803,1803
PZ-TChIC-K562-SC-H3K27me3-T_305,163,163
PZ-MB-TChIC-K562-H3K4me3-T_193,944,944
PZ-MB-TChIC-K562-H3K4me3-CT_301,2395,2395
PZ-TChIC-K562-SC-H3K27me3-T_356,71,71
PZ-MB-TChIC-K562-H3K4me3-T_321,5938,5938
PZ-MB-TChIC-K562-H3K4me3-T_108,2055,2055
PZ-TChIC-K562-SC-H3K27me3-T_46,111,111
PZ-MB-TChIC-K562-H3K4me3-T_136,2200,2200
PZ-TChIC-K562-SC-H3K27me3-C_97,133,133
PZ-MB-TChIC-K562-H3K4me3-T_227,3250,3250
PZ-MB-TChIC-K562-H3K4me3-T_286,2556,2556
PZ-TChIC-K562-SC-H3K27me3-T_16,193,193
PZ-MB-TChIC-K562-H3K4me3-T_269,4721,4721
PZ-MB-TChIC-K562-H3K4me3-T_26,893,893
PZ-TChIC-K562-SC-H3K27me3-T_265,103,103
PZ-MB-TChIC-K562-H3K4me3-T_253,257,257
PZ-MB-TChIC-K562-H3K4me3-T_258,1283,1283
PZ-MB-TChIC-K562-H3K4me3-T_42,845,845
PZ-MB-TChIC-K562-H3K4me3-T_2,1091,1091
PZ-MB-TChIC-K562-H3K4me3-T_382,2202,2202
PZ-MB-TChIC-K562-H3K4me3-T_110,4232,4232
PZ-MB-TChIC-K562-H3K4me3-CT_65,2582,2582
PZ-TChIC-K562-SC-H3K27me3-T_239,155,155
PZ-TChIC-K562-SC-H3K27me3-T_54,130,130
PZ-MB-TChIC-K562-H3K4me3-CT_168,3555,3555
PZ-MB-TChIC-K562-H3K4me3-T_290,1961,1961
PZ-MB-TChIC-K562-H3K4me3-CT_344,1696,1696
PZ-MB-TChIC-K562-H3K4me3-T_289,2654,2654
PZ-TChIC-K562-SC-H3K27me3-T_371,112,112
PZ-MB-TChIC-K562-H3K4me3-T_66,840,840
PZ-MB-TChIC-K562-H3K4me3-T_266,4475,4475
PZ-MB-TChIC-K562-H3K4me3-T_292,2711,2711
PZ-MB-TChIC-K562-H3K4me3-T_146,671,671
PZ-MB-TChIC-K562-H3K4me3-T_58,415,415
PZ-MB-TChIC-K562-H3K4me3-T_214,2774,2774
PZ-TChIC-K562-SC-H3K27me3-T_316,75,75
PZ-TChIC-K562-SC-H3K27me3-T_312,55,55
PZ-MB-TChIC-K562-H3K4me3-T_247,1678,1678
PZ-MB-TChIC-K562-H3K4me3-T_327,1420,1420
PZ-MB-TChIC-K562-H3K4me3-C_1,4446,4446
PZ-MB-TChIC-K562-H3K4me3-T_3,1640,1640
PZ-TChIC-K562-SC-H3K27me3-T_62,55,55
PZ-TChIC-K562-SC-H3K27me3-T_8,430,430
PZ-TChIC-K562-SC-H3K27me3-T_110,284,284
PZ-TChIC-K562-SC-H3K27me3-T_109,155,155
PZ-TChIC-K562-SC-H3K27me3-T_223,100,100
PZ-TChIC-K562-SC-H3K27me3-T_243,166,166
PZ-MB-TChIC-K562-H3K4me3-CT_81,1588,1588
PZ-TChIC-K562-SC-H3K27me3-T_58,234,234
PZ-MB-TChIC-K562-H3K4me3-T_337,535,535
PZ-TChIC-K562-SC-H3K27me3-C_72,167,167
PZ-MB-TChIC-K562-H3K4me3-T_62,410,410
PZ-TChIC-K562-SC-H3K27me3-C_49,61,61
PZ-MB-TChIC-K562-H3K4me3-T_83,1638,1638
PZ-MB-TChIC-K562-H3K4me3-T_69,267,267
PZ-MB-TChIC-K562-H3K4me3-T_354,2196,2196
PZ-MB-TChIC-K562-H3K4me3-T_274,2846,2846
PZ-MB-TChIC-K562-H3K4me3-T_324,4200,4200
PZ-TChIC-K562-SC-H3K27me3-T_118,271,271
PZ-MB-TChIC-K562-H3K4me3-T_8,1867,1867
PZ-MB-TChIC-K562-H3K4me3-C_122,410,410
PZ-MB-TChIC-K562-H3K4me3-T_254,3831,3831
PZ-MB-TChIC-K562-H3K4me3-T_113,1552,1552
PZ-MB-TChIC-K562-H3K4me3-T_48,1007,1007
PZ-MB-TChIC-K562-H3K4me3-CT_347,2688,2688
PZ-MB-TChIC-K562-H3K4me3-T_52,186,186
PZ-MB-TChIC-K562-H3K4me3-T_200,496,496
PZ-MB-TChIC-K562-H3K4me3-T_350,1226,1226
PZ-TChIC-K562-SC-H3K27me3-C_63,70,70
PZ-TChIC-K562-SC-H3K27me3-T_187,200,200
PZ-TChIC-K562-SC-H3K27me3-C_251,79,79
PZ-TChIC-K562-SC-H3K27me3-T_49,111,111
PZ-MB-TChIC-K562-H3K4me3-T_243,2856,2856
PZ-MB-TChIC-K562-H3K4me3-T_61,615,615
PZ-TChIC-K562-SC-H3K27me3-T_250,141,141
PZ-TChIC-K562-SC-H3K27me3-C_127,75,75
PZ-MB-TChIC-K562-H3K4me3-CT_116,731,731
PZ-MB-TChIC-K562-H3K4me3-T_96,853,853
PZ-MB-TChIC-K562-H3K4me3-T_17,2484,2484
PZ-MB-TChIC-K562-H3K4me3-CT_248,2803,2803
PZ-TChIC-K562-SC-H3K27me3-T_12,38,38
PZ-MB-TChIC-K562-H3K4me3-CT_19,1801,1801
PZ-MB-TChIC-K562-H3K4me3-CT_118,2225,2225
PZ-MB-TChIC-K562-H3K4me3-T_241,1219,1219
PZ-MB-TChIC-K562-H3K4me3-CT_61,1671,1671
PZ-MB-TChIC-K562-H3K4me3-T_4,2623,2623
PZ-MB-TChIC-K562-H3K4me3-CT_28,2512,2512
PZ-MB-TChIC-K562-H3K4me3-CT_35,949,949
PZ-TChIC-K562-SC-H3K27me3-CT_97,102,102
PZ-TChIC-K562-SC-H3K27me3-T_207,175,175
PZ-MB-TChIC-K562-H3K4me3-T_204,1462,1462
PZ-MB-TChIC-K562-H3K4me3-CT_242,2610,2610
PZ-MB-TChIC-K562-H3K4me3-CT_336,1022,1022
PZ-TChIC-K562-SC-H3K27me3-T_129,274,274
PZ-MB-TChIC-K562-H3K4me3-T_82,2895,2895
PZ-MB-TChIC-K562-H3K4me3-CT_158,2670,2670
PZ-TChIC-K562-SC-H3K27me3-T_255,558,558
PZ-TChIC-K562-SC-H3K27me3-T_113,239,239
PZ-TChIC-K562-SC-H3K27me3-T_30,103,103
PZ-MB-TChIC-K562-H3K4me3-CT_352,271,271
PZ-MB-TChIC-K562-H3K4me3-T_91,718,718
PZ-TChIC-K562-SC-H3K27me3-T_271,204,204
PZ-TChIC-K562-SC-H3K27me3-T_272,132,132
PZ-TChIC-K562-SC-H3K27me3-T_3,99,99
PZ-MB-TChIC-K562-H3K4me3-T_340,675,675
PZ-MB-TChIC-K562-H3K4me3-T_276,223,223
PZ-MB-TChIC-K562-H3K4me3-T_144,647,647
PZ-TChIC-K562-SC-H3K27me3-T_128,350,350
PZ-MB-TChIC-K562-H3K4me3-CT_328,345,345
PZ-MB-TChIC-K562-H3K4me3-T_77,640,640
PZ-MB-TChIC-K562-H3K4me3-T_378,1066,1066
PZ-TChIC-K562-SC-H3K27me3-T_11,149,149
PZ-TChIC-K562-SC-H3K27me3-T_39,201,201
PZ-TChIC-K562-SC-H3K27me3-T_317,148,148
PZ-MB-TChIC-K562-H3K4me3-T_88,1321,1321
PZ-MB-TChIC-K562-H3K4me3-T_54,428,428
PZ-TChIC-K562-SC-H3K27me3-T_244,70,70
PZ-MB-TChIC-K562-H3K4me3-CT_283,880,880
PZ-MB-TChIC-K562-H3K4me3-CT_144,2420,2420
PZ-TChIC-K562-SC-H3K27me3-C_145,6,6
PZ-TChIC-K562-SC-H3K27me3-C_44,108,108
PZ-TChIC-K562-SC-H3K27me3-C_216,129,129
PZ-TChIC-K562-SC-H3K27me3-T_33,1562,1562
PZ-MB-TChIC-K562-H3K4me3-T_51,463,463
PZ-MB-TChIC-K562-H3K4me3-CT_241,1313,1313
PZ-MB-TChIC-K562-H3K4me3-T_92,1637,1637
PZ-MB-TChIC-K562-H3K4me3-T_142,1722,1722
PZ-TChIC-K562-SC-H3K27me3-C_103,166,166
PZ-MB-TChIC-K562-H3K4me3-T_203,2545,2545
PZ-MB-TChIC-K562-H3K4me3-T_115,1794,1794
PZ-MB-TChIC-K562-H3K4me3-T_348,1200,1200
PZ-MB-TChIC-K562-H3K4me3-T_13,1683,1683
PZ-MB-TChIC-K562-H3K4me3-C_121,190,190
PZ-MB-TChIC-K562-H3K4me3-CT_327,975,975
PZ-TChIC-K562-SC-H3K27me3-T_105,191,191
PZ-TChIC-K562-SC-H3K27me3-T_183,169,169
PZ-TChIC-K562-SC-H3K27me3-T_68,117,117
PZ-TChIC-K562-SC-H3K27me3-T_4,107,107
PZ-TChIC-K562-SC-H3K27me3-T_31,89,89
PZ-TChIC-K562-SC-H3K27me3-T_142,242,242
PZ-TChIC-K562-SC-H3K27me3-T_185,437,437
PZ-MB-TChIC-K562-H3K4me3-T_21,93,93
PZ-MB-TChIC-K562-H3K4me3-CT_60,855,855
PZ-TChIC-K562-SC-H3K27me3-T_182,177,177
PZ-TChIC-K562-SC-H3K27me3-T_117,111,111
PZ-MB-TChIC-K562-H3K4me3-T_89,406,406
PZ-TChIC-K562-SC-H3K27me3-T_127,419,419
PZ-TChIC-K562-SC-H3K27me3-T_195,125,125
PZ-TChIC-K562-SC-H3K27me3-T_135,171,171
PZ-MB-TChIC-K562-H3K4me3-T_104,8,8
PZ-TChIC-K562-SC-H3K27me3-C_164,61,61
PZ-MB-TChIC-K562-H3K4me3-CT_372,2387,2387
PZ-TChIC-K562-SC-H3K27me3-T_170,108,108
PZ-MB-TChIC-K562-H3K4me3-CT_171,1149,1149
PZ-MB-TChIC-K562-H3K4me3-T_75,390,390
PZ-TChIC-K562-SC-H3K27me3-T_348,159,159
PZ-TChIC-K562-SC-H3K27me3-T_194,87,87
PZ-TChIC-K562-SC-H3K27me3-CT_188,632,632
PZ-MB-TChIC-K562-H3K4me3-CT_332,1837,1837
PZ-TChIC-K562-SC-H3K27me3-T_206,277,277
PZ-MB-TChIC-K562-H3K4me3-C_97,294,294
PZ-TChIC-K562-SC-H3K27me3-T_329,133,133
PZ-TChIC-K562-SC-H3K27me3-T_66,187,187
PZ-TChIC-K562-SC-H3K27me3-T_208,156,156
PZ-TChIC-K562-SC-H3K27me3-T_248,112,112
PZ-TChIC-K562-SC-H3K27me3-CT_187,424,424
PZ-TChIC-K562-SC-H3K27me3-T_275,331,331
PZ-TChIC-K562-SC-H3K27me3-T_369,159,159
PZ-TChIC-K562-SC-H3K27me3-T_282,189,189
PZ-TChIC-K562-SC-H3K27me3-T_159,89,89
PZ-TChIC-K562-SC-H3K27me3-T_355,153,153
PZ-TChIC-K562-SC-H3K27me3-T_149,219,219
PZ-TChIC-K562-SC-H3K27me3-T_160,141,141
PZ-MB-TChIC-K562-H3K4me3-CT_69,522,522
PZ-MB-TChIC-K562-H3K4me3-T_35,455,455
PZ-TChIC-K562-SC-H3K27me3-T_262,117,117
PZ-TChIC-K562-SC-H3K27me3-T_288,224,224
PZ-TChIC-K562-SC-H3K27me3-T_24,159,159
PZ-TChIC-K562-SC-H3K27me3-T_263,224,224
PZ-MB-TChIC-K562-H3K4me3-CT_302,795,795
PZ-TChIC-K562-SC-H3K27me3-T_237,290,290
PZ-TChIC-K562-SC-H3K27me3-T_204,335,335
PZ-MB-TChIC-K562-H3K4me3-C_49,225,225
PZ-TChIC-K562-SC-H3K27me3-CT_189,469,469
PZ-MB-TChIC-K562-H3K4me3-T_338,291,291
PZ-MB-TChIC-K562-H3K4me3-T_27,167,167
PZ-MB-TChIC-K562-H3K4me3-T_171,798,798
PZ-TChIC-K562-SC-H3K27me3-T_18,109,109
PZ-TChIC-K562-SC-H3K27me3-C_123,122,122
PZ-MB-TChIC-K562-H3K4me3-T_50,500,500
PZ-TChIC-K562-SC-H3K27me3-T_249,152,152
PZ-TChIC-K562-SC-H3K27me3-T_111,168,168
PZ-MB-TChIC-K562-H3K4me3-CT_253,359,359
PZ-MB-TChIC-K562-H3K4me3-CT_56,635,635
PZ-TChIC-K562-SC-H3K27me3-T_156,166,166
PZ-TChIC-K562-SC-H3K27me3-C_147,281,281
PZ-TChIC-K562-SC-H3K27me3-T_333,1759,1759
PZ-TChIC-K562-SC-H3K27me3-T_134,131,131
PZ-TChIC-K562-SC-H3K27me3-T_234,340,340
PZ-MB-TChIC-K562-H3K4me3-T_302,572,572
PZ-TChIC-K562-SC-H3K27me3-T_181,78,78
PZ-TChIC-K562-SC-H3K27me3-C_1,11,11
PZ-TChIC-K562-SC-H3K27me3-T_152,155,155
PZ-MB-TChIC-K562-H3K4me3-C_25,329,329
PZ-TChIC-K562-SC-H3K27me3-T_236,277,277
PZ-TChIC-K562-SC-H3K27me3-T_303,276,276
PZ-TChIC-K562-SC-H3K27me3-T_354,145,145
PZ-TChIC-K562-SC-H3K27me3-T_231,132,132
PZ-TChIC-K562-SC-H3K27me3-T_57,92,92
PZ-TChIC-K562-SC-H3K27me3-T_361,128,128
PZ-TChIC-K562-SC-H3K27me3-T_302,39,39
PZ-TChIC-K562-SC-H3K27me3-T_26,98,98
PZ-TChIC-K562-SC-H3K27me3-T_365,145,145
PZ-TChIC-K562-SC-H3K27me3-C_213,113,113
PZ-TChIC-K562-SC-H3K27me3-CT_121,40,40
PZ-TChIC-K562-SC-H3K27me3-T_310,167,167
PZ-TChIC-K562-SC-H3K27me3-T_359,130,130
PZ-TChIC-K562-SC-H3K27me3-CT_145,31,31
PZ-MB-TChIC-K562-H3K4me3-C_169,115,115
PZ-MB-TChIC-K562-H3K4me3-T_74,621,621
PZ-TChIC-K562-SC-H3K27me3-T_161,221,221
PZ-TChIC-K562-SC-H3K27me3-T_328,126,126
PZ-TChIC-K562-SC-H3K27me3-T_171,47,47
PZ-TChIC-K562-SC-H3K27me3-T_306,97,97
PZ-TChIC-K562-SC-H3K27me3-T_63,148,148
PZ-TChIC-K562-SC-H3K27me3-T_235,99,99
PZ-TChIC-K562-SC-H3K27me3-T_85,235,235
PZ-TChIC-K562-SC-H3K27me3-T_65,151,151
PZ-TChIC-K562-SC-H3K27me3-T_140,228,228
PZ-TChIC-K562-SC-H3K27me3-T_315,245,245
PZ-TChIC-K562-SC-H3K27me3-T_106,120,120
PZ-TChIC-K562-SC-H3K27me3-T_184,206,206
PZ-TChIC-K562-SC-H3K27me3-T_370,98,98
PZ-TChIC-K562-SC-H3K27me3-T_103,92,92
PZ-TChIC-K562-SC-H3K27me3-T_190,151,151
PZ-TChIC-K562-SC-H3K27me3-CT_301,118,118
PZ-MB-TChIC-K562-H3K4me3-T_116,347,347
PZ-TChIC-K562-SC-H3K27me3-T_295,109,109
PZ-TChIC-K562-SC-H3K27me3-T_320,81,81
PZ-TChIC-K562-SC-H3K27me3-T_147,57,57
PZ-TChIC-K562-SC-H3K27me3-T_304,117,117
PZ-TChIC-K562-SC-H3K27me3-T_80,123,123
PZ-TChIC-K562-SC-H3K27me3-T_123,236,236
PZ-TChIC-K562-SC-H3K27me3-T_264,173,173
PZ-TChIC-K562-SC-H3K27me3-T_247,77,77
PZ-TChIC-K562-SC-H3K27me3-T_22,66,66
PZ-TChIC-K562-SC-H3K27me3-T_138,79,79
PZ-TChIC-K562-SC-H3K27me3-T_158,143,143
PZ-MB-TChIC-K562-H3K4me3-T_80,1159,1159
PZ-TChIC-K562-SC-H3K27me3-T_165,92,92
PZ-TChIC-K562-SC-H3K27me3-T_9,154,154
PZ-TChIC-K562-SC-H3K27me3-T_226,235,235
PZ-TChIC-K562-SC-H3K27me3-T_218,125,125
PZ-TChIC-K562-SC-H3K27me3-T_252,184,184
PZ-TChIC-K562-SC-H3K27me3-T_377,143,143
PZ-TChIC-K562-SC-H3K27me3-T_212,191,191
PZ-TChIC-K562-SC-H3K27me3-T_70,109,109
PZ-TChIC-K562-SC-H3K27me3-T_188,131,131
PZ-TChIC-K562-SC-H3K27me3-T_81,67,67
PZ-MB-TChIC-K562-H3K4me3-C_289,747,747
PZ-TChIC-K562-SC-H3K27me3-T_381,80,80
PZ-TChIC-K562-SC-H3K27me3-T_136,91,91
PZ-TChIC-K562-SC-H3K27me3-T_41,127,127
PZ-TChIC-K562-SC-H3K27me3-T_229,293,293
PZ-MB-TChIC-K562-H3K4me3-CT_338,747,747
PZ-TChIC-K562-SC-H3K27me3-T_373,119,119
PZ-TChIC-K562-SC-H3K27me3-T_279,181,181
PZ-TChIC-K562-SC-H3K27me3-T_362,157,157
PZ-TChIC-K562-SC-H3K27me3-T_242,120,120
PZ-TChIC-K562-SC-H3K27me3-T_44,56,56
PZ-MB-TChIC-K562-H3K4me3-T_57,163,163
PZ-TChIC-K562-SC-H3K27me3-T_339,154,154
PZ-TChIC-K562-SC-H3K27me3-T_100,119,119
PZ-TChIC-K562-SC-H3K27me3-T_95,105,105
PZ-MB-TChIC-K562-H3K4me3-CT_72,27,27
PZ-TChIC-K562-SC-H3K27me3-T_221,161,161
PZ-TChIC-K562-SC-H3K27me3-CT_49,104,104
PZ-MB-TChIC-K562-H3K4me3-T_79,457,457
PZ-TChIC-K562-SC-H3K27me3-T_35,76,76
PZ-MB-TChIC-K562-H3K4me3-CT_197,1342,1342
PZ-TChIC-K562-SC-H3K27me3-T_281,138,138
PZ-TChIC-K562-SC-H3K27me3-T_157,210,210
PZ-TChIC-K562-SC-H3K27me3-T_259,166,166
PZ-TChIC-K562-SC-H3K27me3-T_177,168,168
PZ-TChIC-K562-SC-H3K27me3-T_280,193,193
PZ-TChIC-K562-SC-H3K27me3-T_289,199,199
PZ-TChIC-K562-SC-H3K27me3-T_224,175,175
PZ-TChIC-K562-SC-H3K27me3-T_363,139,139
PZ-TChIC-K562-SC-H3K27me3-T_178,71,71
PZ-TChIC-K562-SC-H3K27me3-T_166,98,98
PZ-TChIC-K562-SC-H3K27me3-T_197,83,83
PZ-TChIC-K562-SC-H3K27me3-T_341,310,310
PZ-TChIC-K562-SC-H3K27me3-T_102,78,78
PZ-TChIC-K562-SC-H3K27me3-T_32,126,126
PZ-MB-TChIC-K562-H3K4me3-T_194,293,293
PZ-TChIC-K562-SC-H3K27me3-T_137,97,97
PZ-TChIC-K562-SC-H3K27me3-T_278,112,112
PZ-TChIC-K562-SC-H3K27me3-T_322,263,263
PZ-TChIC-K562-SC-H3K27me3-T_360,196,196
PZ-TChIC-K562-SC-H3K27me3-T_151,86,86
PZ-TChIC-K562-SC-H3K27me3-T_148,129,129
PZ-TChIC-K562-SC-H3K27me3-T_52,88,88
PZ-TChIC-K562-SC-H3K27me3-T_203,148,148
PZ-TChIC-K562-SC-H3K27me3-T_92,109,109
PZ-TChIC-K562-SC-H3K27me3-T_116,29,29
PZ-TChIC-K562-SC-H3K27me3-T_191,345,345
PZ-TChIC-K562-SC-H3K27me3-T_104,94,94
PZ-TChIC-K562-SC-H3K27me3-T_7,56,56
PZ-TChIC-K562-SC-H3K27me3-T_76,173,173
PZ-MB-TChIC-K562-H3K4me3-CT_1,18,18
PZ-TChIC-K562-SC-H3K27me3-T_347,123,123
PZ-TChIC-K562-SC-H3K27me3-T_225,201,201
PZ-TChIC-K562-SC-H3K27me3-T_139,175,175
PZ-MB-TChIC-K562-H3K4me3-T_33,13,13
PZ-TChIC-K562-SC-H3K27me3-T_28,114,114
PZ-TChIC-K562-SC-H3K27me3-C_188,48,48
PZ-TChIC-K562-SC-H3K27me3-T_342,83,83
PZ-TChIC-K562-SC-H3K27me3-T_93,218,218
PZ-TChIC-K562-SC-H3K27me3-T_318,90,90
PZ-MB-TChIC-K562-H3K4me3-T_44,190,190
PZ-TChIC-K562-SC-H3K27me3-T_283,81,81
PZ-MB-TChIC-K562-H3K4me3-T_381,1407,1407
PZ-TChIC-K562-SC-H3K27me3-T_364,100,100
PZ-TChIC-K562-SC-H3K27me3-T_101,119,119
PZ-TChIC-K562-SC-H3K27me3-T_150,91,91
PZ-TChIC-K562-SC-H3K27me3-T_270,130,130
PZ-TChIC-K562-SC-H3K27me3-T_20,156,156
PZ-TChIC-K562-SC-H3K27me3-T_287,72,72
PZ-TChIC-K562-SC-H3K27me3-T_321,88,88
PZ-TChIC-K562-SC-H3K27me3-T_346,166,166
PZ-TChIC-K562-SC-H3K27me3-T_179,197,197
PZ-TChIC-K562-SC-H3K27me3-T_154,358,358
PZ-TChIC-K562-SC-H3K27me3-T_45,154,154
PZ-MB-TChIC-K562-H3K4me3-T_101,16,16
PZ-MB-TChIC-K562-H3K4me3-T_198,382,382
PZ-TChIC-K562-SC-H3K27me3-T_293,189,189
PZ-TChIC-K562-SC-H3K27me3-T_124,146,146
PZ-MB-TChIC-K562-H3K4me3-T_81,395,395
PZ-MB-TChIC-K562-H3K4me3-T_55,194,194
PZ-MB-TChIC-K562-H3K4me3-CT_276,171,171
PZ-MB-TChIC-K562-H3K4me3-CT_74,536,536
PZ-TChIC-K562-SC-H3K27me3-T_228,198,198
PZ-TChIC-K562-SC-H3K27me3-C_284,79,79
PZ-TChIC-K562-SC-H3K27me3-T_379,274,274
PZ-TChIC-K562-SC-H3K27me3-T_232,120,120
PZ-TChIC-K562-SC-H3K27me3-T_51,193,193
PZ-TChIC-K562-SC-H3K27me3-T_267,173,173
PZ-TChIC-K562-SC-H3K27me3-T_74,64,64
PZ-TChIC-K562-SC-H3K27me3-T_335,225,225
PZ-TChIC-K562-SC-H3K27me3-T_59,119,119
PZ-TChIC-K562-SC-H3K27me3-T_94,130,130
PZ-TChIC-K562-SC-H3K27me3-T_266,110,110
PZ-TChIC-K562-SC-H3K27me3-C_346,26,26
PZ-TChIC-K562-SC-H3K27me3-T_309,110,110
PZ-TChIC-K562-SC-H3K27me3-T_176,88,88
PZ-TChIC-K562-SC-H3K27me3-T_10,66,66
PZ-TChIC-K562-SC-H3K27me3-T_126,136,136
PZ-TChIC-K562-SC-H3K27me3-T_245,84,84
PZ-TChIC-K562-SC-H3K27me3-T_230,133,133
PZ-TChIC-K562-SC-H3K27me3-T_193,108,108
PZ-TChIC-K562-SC-H3K27me3-T_86,78,78
PZ-TChIC-K562-SC-H3K27me3-T_367,124,124
PZ-TChIC-K562-SC-H3K27me3-T_29,83,83
PZ-TChIC-K562-SC-H3K27me3-T_108,100,100
PZ-TChIC-K562-SC-H3K27me3-T_340,76,76
PZ-TChIC-K562-SC-H3K27me3-T_162,118,118
PZ-TChIC-K562-SC-H3K27me3-T_38,98,98
PZ-TChIC-K562-SC-H3K27me3-T_5,111,111
PZ-TChIC-K562-SC-H3K27me3-T_146,72,72
PZ-MB-TChIC-K562-H3K4me3-T_60,242,242
PZ-TChIC-K562-SC-H3K27me3-T_145,6,6
PZ-TChIC-K562-SC-H3K27me3-T_294,129,129
PZ-MB-TChIC-K562-H3K4me3-T_29,3,3
PZ-TChIC-K562-SC-H3K27me3-T_56,104,104
PZ-TChIC-K562-SC-H3K27me3-T_260,143,143
PZ-TChIC-K562-SC-H3K27me3-T_261,171,171
PZ-TChIC-K562-SC-H3K27me3-T_256,108,108
PZ-TChIC-K562-SC-H3K27me3-T_17,123,123
PZ-TChIC-K562-SC-H3K27me3-T_216,86,86
PZ-TChIC-K562-SC-H3K27me3-T_114,237,237
PZ-TChIC-K562-SC-H3K27me3-T_99,114,114
PZ-TChIC-K562-SC-H3K27me3-T_199,165,165
PZ-TChIC-K562-SC-H3K27me3-T_141,141,141
PZ-TChIC-K562-SC-H3K27me3-T_311,78,78
PZ-TChIC-K562-SC-H3K27me3-T_174,90,90
PZ-TChIC-K562-SC-H3K27me3-T_307,189,189
PZ-TChIC-K562-SC-H3K27me3-T_153,72,72
PZ-TChIC-K562-SC-H3K27me3-T_205,80,80
PZ-TChIC-K562-SC-H3K27me3-T_112,128,128
PZ-TChIC-K562-SC-H3K27me3-T_214,136,136
PZ-TChIC-K562-SC-H3K27me3-C_331,16,16
PZ-TChIC-K562-SC-H3K27me3-T_40,69,69
PZ-TChIC-K562-SC-H3K27me3-T_180,141,141
PZ-TChIC-K562-SC-H3K27me3-T_375,163,163
PZ-MB-TChIC-K562-H3K4me3-T_56,104,104
PZ-TChIC-K562-SC-H3K27me3-T_83,111,111
PZ-TChIC-K562-SC-H3K27me3-T_258,54,54
PZ-TChIC-K562-SC-H3K27me3-T_292,70,70
PZ-TChIC-K562-SC-H3K27me3-T_192,186,186
PZ-TChIC-K562-SC-H3K27me3-T_60,55,55
PZ-TChIC-K562-SC-H3K27me3-T_144,66,66
PZ-TChIC-K562-SC-H3K27me3-T_64,135,135
PZ-TChIC-K562-SC-H3K27me3-T_338,60,60
PZ-TChIC-K562-SC-H3K27me3-T_210,76,76
PZ-TChIC-K562-SC-H3K27me3-C_298,43,43
PZ-TChIC-K562-SC-H3K27me3-T_374,94,94
PZ-TChIC-K562-SC-H3K27me3-T_163,58,58
PZ-TChIC-K562-SC-H3K27me3-T_254,97,97
PZ-TChIC-K562-SC-H3K27me3-T_77,63,63
PZ-TChIC-K562-SC-H3K27me3-T_48,102,102
PZ-TChIC-K562-SC-H3K27me3-T_268,122,122
PZ-TChIC-K562-SC-H3K27me3-T_98,92,92
PZ-TChIC-K562-SC-H3K27me3-T_84,89,89
PZ-TChIC-K562-SC-H3K27me3-T_351,102,102
PZ-TChIC-K562-SC-H3K27me3-T_27,113,113
PZ-TChIC-K562-SC-H3K27me3-T_217,82,82
PZ-TChIC-K562-SC-H3K27me3-T_380,64,64
PZ-TChIC-K562-SC-H3K27me3-T_298,217,217
PZ-TChIC-K562-SC-H3K27me3-T_220,73,73
PZ-TChIC-K562-SC-H3K27me3-T_314,140,140
PZ-TChIC-K562-SC-H3K27me3-T_14,193,193
PZ-TChIC-K562-SC-H3K27me3-T_90,126,126
PZ-TChIC-K562-SC-H3K27me3-T_349,56,56
PZ-TChIC-K562-SC-H3K27me3-T_82,159,159
PZ-TChIC-K562-SC-H3K27me3-T_332,64,64
PZ-TChIC-K562-SC-H3K27me3-T_6,112,112
PZ-TChIC-K562-SC-H3K27me3-T_186,191,191
PZ-TChIC-K562-SC-H3K27me3-T_291,132,132
PZ-TChIC-K562-SC-H3K27me3-T_382,108,108
PZ-TChIC-K562-SC-H3K27me3-T_115,358,358
PZ-TChIC-K562-SC-H3K27me3-T_378,99,99
PZ-TChIC-K562-SC-H3K27me3-T_290,126,126
PZ-TChIC-K562-SC-H3K27me3-T_50,138,138
PZ-TChIC-K562-SC-H3K27me3-T_313,141,141
PZ-TChIC-K562-SC-H3K27me3-T_327,65,65
PZ-TChIC-K562-SC-H3K27me3-T_330,175,175
PZ-TChIC-K562-SC-H3K27me3-T_202,177,177
PZ-TChIC-K562-SC-H3K27me3-T_75,63,63
PZ-TChIC-K562-SC-H3K27me3-T_325,84,84
PZ-TChIC-K562-SC-H3K27me3-T_91,51,51
PZ-TChIC-K562-SC-H3K27me3-T_133,139,139
PZ-TChIC-K562-SC-H3K27me3-T_67,85,85
PZ-TChIC-K562-SC-H3K27me3-T_299,118,118
PZ-TChIC-K562-SC-H3K27me3-T_96,105,105
PZ-MB-TChIC-K562-H3K4me3-T_352,111,111
PZ-TChIC-K562-SC-H3K27me3-T_200,71,71
PZ-TChIC-K562-SC-H3K27me3-T_37,159,159
PZ-TChIC-K562-SC-H3K27me3-T_257,114,114
PZ-TChIC-K562-SC-H3K27me3-T_53,186,186
PZ-TChIC-K562-SC-H3K27me3-T_119,118,118
PZ-TChIC-K562-SC-H3K27me3-T_334,115,115
PZ-TChIC-K562-SC-H3K27me3-T_88,90,90
PZ-TChIC-K562-SC-H3K27me3-T_227,95,95
PZ-TChIC-K562-SC-H3K27me3-T_130,114,114
PZ-MB-TChIC-K562-H3K4me3-C_73,30,30
PZ-TChIC-K562-SC-H3K27me3-T_331,163,163
PZ-TChIC-K562-SC-H3K27me3-T_383,49,49
PZ-TChIC-K562-SC-H3K27me3-T_175,66,66
PZ-TChIC-K562-SC-H3K27me3-T_350,118,118
PZ-TChIC-K562-SC-H3K27me3-C_240,93,93
PZ-TChIC-K562-SC-H3K27me3-T_55,65,65
PZ-MB-TChIC-K562-H3K4me3-T_117,115,115
PZ-MB-TChIC-K562-H3K4me3-C_145,20,20
PZ-TChIC-K562-SC-H3K27me3-T_13,211,211
PZ-TChIC-K562-SC-H3K27me3-CT_73,14,14
PZ-TChIC-K562-SC-H3K27me3-T_276,16,16
PZ-MB-TChIC-K562-H3K4me3-T_32,25,25
PZ-TChIC-K562-SC-H3K27me3-T_79,122,122
PZ-TChIC-K562-SC-H3K27me3-T_196,65,65
PZ-MB-TChIC-K562-H3K4me3-T_25,14,14
PZ-MB-TChIC-K562-H3K4me3-CT_121,14,14
PZ-TChIC-K562-SC-H3K27me3-T_222,122,122
PZ-MB-TChIC-K562-H3K4me3-CT_25,17,17
PZ-TChIC-K562-SC-H3K27me3-T_368,60,60
PZ-TChIC-K562-SC-H3K27me3-T_143,200,200
PZ-TChIC-K562-SC-H3K27me3-C_359,18,18
PZ-TChIC-K562-SC-H3K27me3-T_78,142,142
PZ-TChIC-K562-SC-H3K27me3-T_87,263,263
PZ-TChIC-K562-SC-H3K27me3-T_296,112,112
PZ-TChIC-K562-SC-H3K27me3-T_42,89,89
PZ-TChIC-K562-SC-H3K27me3-T_376,198,198
PZ-TChIC-K562-SC-H3K27me3-T_353,74,74
PZ-TChIC-K562-SC-H3K27me3-T_122,125,125
PZ-TChIC-K562-SC-H3K27me3-C_107,60,60
PZ-TChIC-K562-SC-H3K27me3-T_357,86,86
PZ-TChIC-K562-SC-H3K27me3-T_19,95,95
PZ-TChIC-K562-SC-H3K27me3-T_274,66,66
PZ-TChIC-K562-SC-H3K27me3-C_184,39,39
PZ-TChIC-K562-SC-H3K27me3-T_253,30,30
PZ-TChIC-K562-SC-H3K27me3-T_324,67,67
PZ-MB-TChIC-K562-H3K4me3-CT_73,3,3
PZ-TChIC-K562-SC-H3K27me3-T_246,25,25
PZ-MB-TChIC-K562-H3K4me3-T_123,13,13
PZ-MB-TChIC-K562-H3K4me3-T_1,27,27
PZ-TChIC-K562-SC-H3K27me3-T_164,97,97
PZ-MB-TChIC-K562-H3K4me3-T_28,15,15
PZ-MB-TChIC-K562-H3K4me3-CT_49,24,24
PZ-TChIC-K562-SC-H3K27me3-T_47,68,68
PZ-TChIC-K562-SC-H3K27me3-CT_25,44,44
PZ-MB-TChIC-K562-H3K4me3-T_72,24,24
PZ-TChIC-K562-SC-H3K27me3-T_372,105,105
PZ-TChIC-K562-SC-H3K27me3-CT_347,36,36
PZ-TChIC-K562-SC-H3K27me3-T_201,117,117
PZ-TChIC-K562-SC-H3K27me3-T_97,7,7
PZ-TChIC-K562-SC-H3K27me3-T_352,36,36
PZ-TChIC-K562-SC-H3K27me3-T_326,102,102
PZ-TChIC-K562-SC-H3K27me3-T_189,85,85
PZ-TChIC-K562-SC-H3K27me3-T_343,110,110
PZ-TChIC-K562-SC-H3K27me3-T_169,121,121
PZ-TChIC-K562-SC-H3K27me3-T_241,99,99
PZ-TChIC-K562-SC-H3K27me3-T_2,91,91
PZ-TChIC-K562-SC-H3K27me3-T_286,108,108
PZ-TChIC-K562-SC-H3K27me3-T_69,34,34
PZ-TChIC-K562-SC-H3K27me3-T_366,97,97
PZ-TChIC-K562-SC-H3K27me3-T_21,91,91
PZ-MB-TChIC-K562-H3K4me3-T_49,32,32
PZ-TChIC-K562-SC-H3K27me3-T_219,59,59
PZ-MB-TChIC-K562-H3K4me3-T_169,13,13
PZ-MB-TChIC-K562-H3K4me3-T_122,18,18
PZ-MB-TChIC-K562-H3K4me3-T_121,27,27
PZ-MB-TChIC-K562-H3K4me3-T_31,3,3
PZ-TChIC-K562-SC-H3K27me3-T_121,7,7
PZ-MB-TChIC-K562-H3K4me3-T_105,9,9
PZ-MB-TChIC-K562-H3K4me3-CT_169,3,3
PZ-TChIC-K562-SC-H3K27me3-T_73,6,6
PZ-TChIC-K562-SC-H3K27me3-C_121,12,12
PZ-MB-TChIC-K562-H3K4me3-T_124,7,7
PZ-MB-TChIC-K562-H3K4me3-CT_97,31,31
PZ-TChIC-K562-SC-H3K27me3-T_1,10,10
PZ-TChIC-K562-SC-H3K27me3-C_242,25,25
PZ-MB-TChIC-K562-H3K4me3-T_99,5,5
PZ-TChIC-K562-SC-H3K27me3-T_72,3,3
PZ-TChIC-K562-SC-H3K27me3-T_198,18,18
PZ-MB-TChIC-K562-H3K4me3-T_73,2,2
PZ-TChIC-K562-SC-H3K27me3-CT_72,5,5
PZ-TChIC-K562-SC-H3K27me3-T_25,10,10
PZ-MB-TChIC-K562-H3K4me3-CT_145,5,5
PZ-MB-TChIC-K562-H3K4me3-T_100,4,4
PZ-MB-TChIC-K562-H3K4me3-T_103,9,9
PZ-MB-TChIC-K562-H3K4me3-T_97,5,5
PZ-MB-TChIC-K562-H3K4me3-T_125,6,6
PZ-MB-TChIC-K562-H3K4me3-T_145,3,3
PZ-MB-TChIC-K562-H3K4me3-T_34,7,7
PZ-MB-TChIC-K562-H3K4me3-T_102,3,3
PZ-MB-TChIC-K562-H3K4me3-T_30,4,4
PZ-TChIC-K562-SC-H3K27me3-C_73,2,2
PZ-MB-TChIC-K562-H3K4me3-T_98,2,2
