	status
PZ-MB-TChIC-K562-H3K4me3-CT_343	good
PZ-MB-TChIC-K562-H3K4me3-CT_264	good
PZ-MB-TChIC-K562-H3K4me3-CT_250	good
PZ-MB-TChIC-K562-H3K4me3-CT_131	good
PZ-MB-TChIC-K562-H3K4me3-CT_63	good
PZ-MB-TChIC-K562-H3K4me3-CT_255	good
PZ-MB-TChIC-K562-H3K4me3-CT_77	good
PZ-MB-TChIC-K562-H3K4me3-CT_76	good
PZ-MB-TChIC-K562-H3K4me3-CT_383	good
PZ-MB-TChIC-K562-H3K4me3-CT_45	good
PZ-MB-TChIC-K562-H3K4me3-CT_38	good
PZ-MB-TChIC-K562-H3K4me3-CT_281	good
PZ-MB-TChIC-K562-H3K4me3-CT_285	good
PZ-MB-TChIC-K562-H3K4me3-CT_249	good
PZ-MB-TChIC-K562-H3K4me3-CT_43	good
PZ-MB-TChIC-K562-H3K4me3-CT_143	good
PZ-MB-TChIC-K562-H3K4me3-CT_224	good
PZ-MB-TChIC-K562-H3K4me3-CT_322	good
PZ-MB-TChIC-K562-H3K4me3-CT_278	good
PZ-MB-TChIC-K562-H3K4me3-CT_122	good
PZ-MB-TChIC-K562-H3K4me3-CT_361	good
PZ-MB-TChIC-K562-H3K4me3-CT_214	good
PZ-MB-TChIC-K562-H3K4me3-CT_211	good
PZ-MB-TChIC-K562-H3K4me3-CT_367	good
PZ-MB-TChIC-K562-H3K4me3-CT_68	good
PZ-MB-TChIC-K562-H3K4me3-CT_266	good
PZ-MB-TChIC-K562-H3K4me3-CT_174	good
PZ-MB-TChIC-K562-H3K4me3-CT_226	good
PZ-MB-TChIC-K562-H3K4me3-CT_102	good
PZ-MB-TChIC-K562-H3K4me3-CT_2	good
PZ-MB-TChIC-K562-H3K4me3-CT_11	good
PZ-MB-TChIC-K562-H3K4me3-CT_107	good
PZ-MB-TChIC-K562-H3K4me3-CT_133	good
PZ-MB-TChIC-K562-H3K4me3-CT_157	good
PZ-MB-TChIC-K562-H3K4me3-CT_297	good
PZ-MB-TChIC-K562-H3K4me3-CT_125	good
PZ-MB-TChIC-K562-H3K4me3-CT_85	good
PZ-MB-TChIC-K562-H3K4me3-CT_258	good
PZ-MB-TChIC-K562-H3K4me3-CT_140	good
PZ-MB-TChIC-K562-H3K4me3-CT_176	good
PZ-MB-TChIC-K562-H3K4me3-CT_150	good
PZ-MB-TChIC-K562-H3K4me3-CT_87	good
PZ-MB-TChIC-K562-H3K4me3-CT_353	good
PZ-MB-TChIC-K562-H3K4me3-CT_303	good
PZ-MB-TChIC-K562-H3K4me3-CT_51	good
PZ-MB-TChIC-K562-H3K4me3-CT_24	good
PZ-MB-TChIC-K562-H3K4me3-CT_117	good
PZ-MB-TChIC-K562-H3K4me3-CT_181	good
PZ-MB-TChIC-K562-H3K4me3-CT_179	good
PZ-MB-TChIC-K562-H3K4me3-CT_173	good
PZ-MB-TChIC-K562-H3K4me3-CT_262	good
PZ-MB-TChIC-K562-H3K4me3-CT_319	good
PZ-MB-TChIC-K562-H3K4me3-CT_254	good
PZ-MB-TChIC-K562-H3K4me3-CT_183	good
PZ-MB-TChIC-K562-H3K4me3-CT_185	bad
PZ-MB-TChIC-K562-H3K4me3-CT_288	good
PZ-MB-TChIC-K562-H3K4me3-CT_208	good
PZ-MB-TChIC-K562-H3K4me3-CT_364	good
PZ-MB-TChIC-K562-H3K4me3-CT_162	bad
PZ-MB-TChIC-K562-H3K4me3-CT_29	good
PZ-MB-TChIC-K562-H3K4me3-CT_239	good
PZ-MB-TChIC-K562-H3K4me3-CT_370	good
PZ-MB-TChIC-K562-H3K4me3-CT_127	good
PZ-MB-TChIC-K562-H3K4me3-CT_52	good
PZ-MB-TChIC-K562-H3K4me3-CT_82	good
PZ-MB-TChIC-K562-H3K4me3-CT_376	good
PZ-MB-TChIC-K562-H3K4me3-CT_371	good
PZ-MB-TChIC-K562-H3K4me3-CT_128	good
PZ-MB-TChIC-K562-H3K4me3-CT_377	good
PZ-MB-TChIC-K562-H3K4me3-CT_335	good
PZ-MB-TChIC-K562-H3K4me3-CT_78	good
PZ-MB-TChIC-K562-H3K4me3-CT_252	good
PZ-MB-TChIC-K562-H3K4me3-CT_104	good
PZ-MB-TChIC-K562-H3K4me3-CT_129	good
PZ-MB-TChIC-K562-H3K4me3-CT_191	good
PZ-MB-TChIC-K562-H3K4me3-CT_268	good
PZ-MB-TChIC-K562-H3K4me3-CT_180	good
PZ-MB-TChIC-K562-H3K4me3-CT_382	good
PZ-MB-TChIC-K562-H3K4me3-CT_366	good
PZ-MB-TChIC-K562-H3K4me3-CT_240	good
PZ-MB-TChIC-K562-H3K4me3-CT_14	good
PZ-MB-TChIC-K562-H3K4me3-CT_167	good
PZ-MB-TChIC-K562-H3K4me3-CT_225	good
PZ-MB-TChIC-K562-H3K4me3-CT_256	good
PZ-MB-TChIC-K562-H3K4me3-CT_139	good
PZ-MB-TChIC-K562-H3K4me3-CT_48	good
PZ-MB-TChIC-K562-H3K4me3-CT_193	good
PZ-MB-TChIC-K562-H3K4me3-CT_204	good
PZ-MB-TChIC-K562-H3K4me3-CT_96	good
PZ-MB-TChIC-K562-H3K4me3-CT_374	good
PZ-MB-TChIC-K562-H3K4me3-CT_307	good
PZ-MB-TChIC-K562-H3K4me3-CT_178	good
PZ-MB-TChIC-K562-H3K4me3-CT_33	good
PZ-MB-TChIC-K562-H3K4me3-CT_267	good
PZ-MB-TChIC-K562-H3K4me3-CT_359	good
PZ-MB-TChIC-K562-H3K4me3-CT_373	good
PZ-MB-TChIC-K562-H3K4me3-CT_321	good
PZ-MB-TChIC-K562-H3K4me3-CT_163	good
PZ-MB-TChIC-K562-H3K4me3-CT_135	good
PZ-MB-TChIC-K562-H3K4me3-CT_277	good
PZ-MB-TChIC-K562-H3K4me3-CT_177	good
PZ-MB-TChIC-K562-H3K4me3-CT_259	good
PZ-MB-TChIC-K562-H3K4me3-CT_101	good
PZ-MB-TChIC-K562-H3K4me3-CT_151	good
PZ-MB-TChIC-K562-H3K4me3-CT_59	good
PZ-MB-TChIC-K562-H3K4me3-CT_71	good
PZ-MB-TChIC-K562-H3K4me3-CT_111	good
PZ-MB-TChIC-K562-H3K4me3-CT_34	good
PZ-MB-TChIC-K562-H3K4me3-CT_15	good
PZ-MB-TChIC-K562-H3K4me3-CT_21	good
PZ-MB-TChIC-K562-H3K4me3-CT_155	good
PZ-MB-TChIC-K562-H3K4me3-CT_123	good
PZ-MB-TChIC-K562-H3K4me3-CT_57	good
PZ-MB-TChIC-K562-H3K4me3-CT_23	good
PZ-MB-TChIC-K562-H3K4me3-CT_88	good
PZ-MB-TChIC-K562-H3K4me3-CT_100	good
PZ-MB-TChIC-K562-H3K4me3-CT_356	good
PZ-MB-TChIC-K562-H3K4me3-CT_273	good
PZ-MB-TChIC-K562-H3K4me3-CT_275	good
PZ-MB-TChIC-K562-H3K4me3-CT_196	good
PZ-MB-TChIC-K562-H3K4me3-CT_313	good
PZ-MB-TChIC-K562-H3K4me3-CT_99	good
PZ-MB-TChIC-K562-H3K4me3-CT_358	good
PZ-MB-TChIC-K562-H3K4me3-CT_326	good
PZ-MB-TChIC-K562-H3K4me3-CT_106	good
PZ-MB-TChIC-K562-H3K4me3-CT_341	good
PZ-MB-TChIC-K562-H3K4me3-CT_221	good
PZ-MB-TChIC-K562-H3K4me3-CT_284	good
PZ-MB-TChIC-K562-H3K4me3-CT_299	good
PZ-MB-TChIC-K562-H3K4me3-CT_112	good
PZ-MB-TChIC-K562-H3K4me3-CT_316	good
PZ-MB-TChIC-K562-H3K4me3-CT_309	good
PZ-MB-TChIC-K562-H3K4me3-CT_205	good
PZ-MB-TChIC-K562-H3K4me3-CT_325	good
PZ-MB-TChIC-K562-H3K4me3-CT_230	good
PZ-MB-TChIC-K562-H3K4me3-CT_5	good
PZ-MB-TChIC-K562-H3K4me3-CT_362	good
PZ-MB-TChIC-K562-H3K4me3-CT_229	good
PZ-MB-TChIC-K562-H3K4me3-CT_32	good
PZ-MB-TChIC-K562-H3K4me3-CT_369	good
PZ-MB-TChIC-K562-H3K4me3-CT_233	good
PZ-MB-TChIC-K562-H3K4me3-CT_232	good
PZ-MB-TChIC-K562-H3K4me3-CT_300	good
PZ-MB-TChIC-K562-H3K4me3-CT_37	good
PZ-MB-TChIC-K562-H3K4me3-CT_318	good
PZ-MB-TChIC-K562-H3K4me3-CT_184	good
PZ-MB-TChIC-K562-H3K4me3-CT_202	good
PZ-MB-TChIC-K562-H3K4me3-CT_188	good
PZ-MB-TChIC-K562-H3K4me3-CT_247	good
PZ-MB-TChIC-K562-H3K4me3-CT_170	good
PZ-MB-TChIC-K562-H3K4me3-CT_6	good
PZ-MB-TChIC-K562-H3K4me3-CT_263	good
PZ-MB-TChIC-K562-H3K4me3-CT_305	good
PZ-MB-TChIC-K562-H3K4me3-CT_98	good
PZ-MB-TChIC-K562-H3K4me3-CT_330	good
PZ-MB-TChIC-K562-H3K4me3-CT_236	good
PZ-MB-TChIC-K562-H3K4me3-CT_218	good
PZ-MB-TChIC-K562-H3K4me3-CT_384	good
PZ-MB-TChIC-K562-H3K4me3-CT_90	good
PZ-MB-TChIC-K562-H3K4me3-CT_293	good
PZ-MB-TChIC-K562-H3K4me3-CT_291	good
PZ-MB-TChIC-K562-H3K4me3-CT_105	good
PZ-MB-TChIC-K562-H3K4me3-CT_272	good
PZ-MB-TChIC-K562-H3K4me3-CT_161	good
PZ-MB-TChIC-K562-H3K4me3-CT_17	good
PZ-MB-TChIC-K562-H3K4me3-CT_138	good
PZ-MB-TChIC-K562-H3K4me3-CT_317	good
PZ-MB-TChIC-K562-H3K4me3-CT_40	good
PZ-MB-TChIC-K562-H3K4me3-CT_137	good
PZ-MB-TChIC-K562-H3K4me3-CT_219	good
PZ-MB-TChIC-K562-H3K4me3-CT_234	good
PZ-MB-TChIC-K562-H3K4me3-CT_217	good
PZ-MB-TChIC-K562-H3K4me3-CT_282	good
PZ-MB-TChIC-K562-H3K4me3-CT_160	good
PZ-MB-TChIC-K562-H3K4me3-CT_103	good
PZ-MB-TChIC-K562-H3K4me3-CT_261	good
PZ-MB-TChIC-K562-H3K4me3-CT_10	good
PZ-MB-TChIC-K562-H3K4me3-CT_209	good
PZ-MB-TChIC-K562-H3K4me3-CT_304	good
PZ-MB-TChIC-K562-H3K4me3-CT_95	good
PZ-MB-TChIC-K562-H3K4me3-CT_75	good
PZ-MB-TChIC-K562-H3K4me3-CT_286	good
PZ-MB-TChIC-K562-H3K4me3-CT_310	good
PZ-MB-TChIC-K562-H3K4me3-CT_46	good
PZ-MB-TChIC-K562-H3K4me3-CT_54	good
PZ-MB-TChIC-K562-H3K4me3-CT_294	good
PZ-MB-TChIC-K562-H3K4me3-CT_114	good
PZ-MB-TChIC-K562-H3K4me3-CT_8	good
PZ-MB-TChIC-K562-H3K4me3-CT_141	good
PZ-MB-TChIC-K562-H3K4me3-CT_260	good
PZ-MB-TChIC-K562-H3K4me3-CT_3	good
PZ-MB-TChIC-K562-H3K4me3-CT_4	good
PZ-MB-TChIC-K562-H3K4me3-CT_331	good
PZ-MB-TChIC-K562-H3K4me3-CT_206	good
PZ-MB-TChIC-K562-H3K4me3-CT_298	good
PZ-MB-TChIC-K562-H3K4me3-CT_337	good
PZ-MB-TChIC-K562-H3K4me3-CT_203	good
PZ-MB-TChIC-K562-H3K4me3-CT_357	good
PZ-MB-TChIC-K562-H3K4me3-CT_113	good
PZ-MB-TChIC-K562-H3K4me3-CT_55	good
PZ-MB-TChIC-K562-H3K4me3-CT_368	good
PZ-MB-TChIC-K562-H3K4me3-CT_238	good
PZ-MB-TChIC-K562-H3K4me3-CT_324	good
PZ-MB-TChIC-K562-H3K4me3-CT_16	good
PZ-MB-TChIC-K562-H3K4me3-CT_379	good
PZ-MB-TChIC-K562-H3K4me3-CT_120	good
PZ-MB-TChIC-K562-H3K4me3-CT_351	good
PZ-MB-TChIC-K562-H3K4me3-CT_306	good
PZ-MB-TChIC-K562-H3K4me3-CT_20	good
PZ-MB-TChIC-K562-H3K4me3-CT_195	good
PZ-MB-TChIC-K562-H3K4me3-CT_289	good
PZ-MB-TChIC-K562-H3K4me3-CT_199	good
PZ-MB-TChIC-K562-H3K4me3-CT_91	good
PZ-MB-TChIC-K562-H3K4me3-CT_192	good
PZ-MB-TChIC-K562-H3K4me3-CT_36	good
PZ-MB-TChIC-K562-H3K4me3-CT_67	good
PZ-MB-TChIC-K562-H3K4me3-CT_295	good
PZ-MB-TChIC-K562-H3K4me3-CT_348	good
PZ-MB-TChIC-K562-H3K4me3-CT_235	good
PZ-MB-TChIC-K562-H3K4me3-CT_13	good
PZ-MB-TChIC-K562-H3K4me3-CT_190	good
PZ-MB-TChIC-K562-H3K4me3-CT_194	good
PZ-MB-TChIC-K562-H3K4me3-CT_189	good
PZ-MB-TChIC-K562-H3K4me3-CT_92	good
PZ-MB-TChIC-K562-H3K4me3-CT_110	good
PZ-MB-TChIC-K562-H3K4me3-CT_84	good
PZ-MB-TChIC-K562-H3K4me3-CT_342	good
PZ-MB-TChIC-K562-H3K4me3-CT_58	good
PZ-MB-TChIC-K562-H3K4me3-CT_280	good
PZ-MB-TChIC-K562-H3K4me3-CT_94	good
PZ-MB-TChIC-K562-H3K4me3-CT_186	good
PZ-MB-TChIC-K562-H3K4me3-CT_39	good
PZ-MB-TChIC-K562-H3K4me3-CT_222	good
PZ-MB-TChIC-K562-H3K4me3-CT_323	good
PZ-MB-TChIC-K562-H3K4me3-CT_269	good
PZ-MB-TChIC-K562-H3K4me3-CT_350	good
PZ-MB-TChIC-K562-H3K4me3-CT_164	good
PZ-MB-TChIC-K562-H3K4me3-CT_154	good
PZ-MB-TChIC-K562-H3K4me3-CT_345	good
PZ-MB-TChIC-K562-H3K4me3-CT_265	good
PZ-MB-TChIC-K562-H3K4me3-CT_354	good
PZ-MB-TChIC-K562-H3K4me3-CT_271	good
PZ-MB-TChIC-K562-H3K4me3-CT_136	good
PZ-MB-TChIC-K562-H3K4me3-CT_31	good
PZ-MB-TChIC-K562-H3K4me3-CT_166	good
PZ-MB-TChIC-K562-H3K4me3-CT_378	good
PZ-MB-TChIC-K562-H3K4me3-CT_207	good
PZ-MB-TChIC-K562-H3K4me3-CT_223	good
PZ-MB-TChIC-K562-H3K4me3-CT_86	good
PZ-MB-TChIC-K562-H3K4me3-CT_119	good
PZ-MB-TChIC-K562-H3K4me3-CT_212	good
PZ-MB-TChIC-K562-H3K4me3-CT_334	good
PZ-MB-TChIC-K562-H3K4me3-CT_308	good
PZ-MB-TChIC-K562-H3K4me3-CT_126	good
PZ-MB-TChIC-K562-H3K4me3-CT_355	good
PZ-MB-TChIC-K562-H3K4me3-CT_292	good
PZ-MB-TChIC-K562-H3K4me3-CT_279	good
PZ-MB-TChIC-K562-H3K4me3-CT_153	good
PZ-MB-TChIC-K562-H3K4me3-CT_329	good
PZ-MB-TChIC-K562-H3K4me3-CT_148	good
PZ-MB-TChIC-K562-H3K4me3-CT_243	good
PZ-MB-TChIC-K562-H3K4me3-CT_142	good
PZ-MB-TChIC-K562-H3K4me3-CT_146	good
PZ-MB-TChIC-K562-H3K4me3-CT_290	good
PZ-MB-TChIC-K562-H3K4me3-CT_340	good
PZ-MB-TChIC-K562-H3K4me3-CT_296	good
PZ-MB-TChIC-K562-H3K4me3-CT_9	good
PZ-MB-TChIC-K562-H3K4me3-CT_339	good
PZ-MB-TChIC-K562-H3K4me3-CT_237	good
PZ-MB-TChIC-K562-H3K4me3-CT_70	good
PZ-MB-TChIC-K562-H3K4me3-CT_109	good
PZ-MB-TChIC-K562-H3K4me3-CT_228	good
PZ-MB-TChIC-K562-H3K4me3-CT_64	good
PZ-MB-TChIC-K562-H3K4me3-CT_66	good
PZ-MB-TChIC-K562-H3K4me3-CT_175	good
PZ-MB-TChIC-K562-H3K4me3-CT_213	good
PZ-MB-TChIC-K562-H3K4me3-CT_18	good
PZ-MB-TChIC-K562-H3K4me3-CT_231	good
PZ-MB-TChIC-K562-H3K4me3-CT_41	good
PZ-MB-TChIC-K562-H3K4me3-CT_314	good
PZ-MB-TChIC-K562-H3K4me3-CT_62	good
PZ-MB-TChIC-K562-H3K4me3-CT_375	good
PZ-MB-TChIC-K562-H3K4me3-CT_244	good
PZ-MB-TChIC-K562-H3K4me3-CT_132	good
PZ-MB-TChIC-K562-H3K4me3-CT_381	good
PZ-MB-TChIC-K562-H3K4me3-CT_89	good
PZ-MB-TChIC-K562-H3K4me3-CT_147	good
PZ-MB-TChIC-K562-H3K4me3-CT_210	good
PZ-MB-TChIC-K562-H3K4me3-CT_274	good
PZ-MB-TChIC-K562-H3K4me3-CT_380	good
PZ-MB-TChIC-K562-H3K4me3-CT_156	good
PZ-MB-TChIC-K562-H3K4me3-CT_27	good
PZ-MB-TChIC-K562-H3K4me3-CT_130	good
PZ-MB-TChIC-K562-H3K4me3-CT_80	good
PZ-MB-TChIC-K562-H3K4me3-CT_53	good
PZ-MB-TChIC-K562-H3K4me3-CT_187	good
PZ-MB-TChIC-K562-H3K4me3-CT_22	good
PZ-MB-TChIC-K562-H3K4me3-CT_311	good
PZ-MB-TChIC-K562-H3K4me3-CT_216	good
PZ-MB-TChIC-K562-H3K4me3-CT_349	good
PZ-MB-TChIC-K562-H3K4me3-CT_7	good
PZ-MB-TChIC-K562-H3K4me3-CT_172	good
PZ-MB-TChIC-K562-H3K4me3-CT_47	good
PZ-MB-TChIC-K562-H3K4me3-CT_124	good
PZ-MB-TChIC-K562-H3K4me3-CT_93	good
PZ-MB-TChIC-K562-H3K4me3-CT_134	good
PZ-MB-TChIC-K562-H3K4me3-CT_360	good
PZ-MB-TChIC-K562-H3K4me3-CT_115	good
PZ-MB-TChIC-K562-H3K4me3-CT_108	good
PZ-MB-TChIC-K562-H3K4me3-CT_26	good
PZ-MB-TChIC-K562-H3K4me3-CT_333	good
PZ-MB-TChIC-K562-H3K4me3-CT_315	good
PZ-MB-TChIC-K562-H3K4me3-CT_365	good
PZ-MB-TChIC-K562-H3K4me3-CT_251	good
PZ-MB-TChIC-K562-H3K4me3-CT_159	good
PZ-MB-TChIC-K562-H3K4me3-CT_149	good
PZ-MB-TChIC-K562-H3K4me3-CT_201	good
PZ-MB-TChIC-K562-H3K4me3-CT_152	good
PZ-MB-TChIC-K562-H3K4me3-CT_363	good
PZ-MB-TChIC-K562-H3K4me3-CT_83	good
PZ-MB-TChIC-K562-H3K4me3-CT_50	good
PZ-MB-TChIC-K562-H3K4me3-CT_220	good
PZ-MB-TChIC-K562-H3K4me3-CT_200	good
PZ-MB-TChIC-K562-H3K4me3-CT_312	good
PZ-MB-TChIC-K562-H3K4me3-CT_165	good
PZ-MB-TChIC-K562-H3K4me3-CT_270	good
PZ-MB-TChIC-K562-H3K4me3-CT_182	good
PZ-MB-TChIC-K562-H3K4me3-CT_245	good
PZ-MB-TChIC-K562-H3K4me3-CT_320	good
PZ-MB-TChIC-K562-H3K4me3-CT_215	good
PZ-MB-TChIC-K562-H3K4me3-CT_227	good
PZ-MB-TChIC-K562-H3K4me3-CT_301	good
PZ-MB-TChIC-K562-H3K4me3-CT_65	good
PZ-MB-TChIC-K562-H3K4me3-CT_168	good
PZ-MB-TChIC-K562-H3K4me3-CT_344	good
PZ-MB-TChIC-K562-H3K4me3-CT_81	good
PZ-MB-TChIC-K562-H3K4me3-CT_257	good
PZ-MB-TChIC-K562-H3K4me3-CT_347	good
PZ-MB-TChIC-K562-H3K4me3-CT_248	good
PZ-MB-TChIC-K562-H3K4me3-CT_19	good
PZ-MB-TChIC-K562-H3K4me3-CT_118	good
PZ-MB-TChIC-K562-H3K4me3-CT_61	good
PZ-MB-TChIC-K562-H3K4me3-CT_28	good
PZ-MB-TChIC-K562-H3K4me3-CT_242	good
PZ-MB-TChIC-K562-H3K4me3-CT_158	good
PZ-MB-TChIC-K562-H3K4me3-CT_144	good
PZ-MB-TChIC-K562-H3K4me3-CT_241	good
PZ-MB-TChIC-K562-H3K4me3-CT_372	good
PZ-MB-TChIC-K562-H3K4me3-CT_171	good
PZ-MB-TChIC-K562-H3K4me3-CT_332	good
PZ-MB-TChIC-K562-H3K4me3-CT_197	good
