	step	PT	UMAP1	UMAP2	lin	RT	lin2	RT_m	step_id
1	1	0.3725373316	11.126464	4.5995846	ect1	mESCs	Pluripotent mESCs	0.0	1:ect1
2	2	0.46334159890000004	11.385221	4.5090275	ect1	mESCs	Pluripotent mESCs	0.0	2:ect1
3	3	0.5417578815	11.454574	4.386492	ect1	mESCs	Pluripotent mESCs	0.0	3:ect1
4	4	0.6055707372000001	11.645337	4.233151	ect1	mESCs	Pluripotent mESCs	0.0	4:ect1
5	5	0.6706454019999998	11.506994	4.3826466	ect1	mESCs	Pluripotent mESCs	0.0	5:ect1
6	6	0.7386451256000002	11.550562	4.3902154	ect1	mESCs	Pluripotent mESCs	0.0	6:ect1
7	7	0.8075167897	11.470323	4.2688046	ect1	mESCs	Pluripotent mESCs	1.68	7:ect1
8	8	0.8892268190999999	11.498241	4.3284016	ect1	mESCs	Pluripotent mESCs	0.0	8:ect1
9	9	0.9661944036	11.29548	4.487218	ect1	mESCs	Pluripotent mESCs	0.0	9:ect1
10	10	1.0492609179999999	11.36153	4.3545885	ect1	mESCs	Pluripotent mESCs	1.44	10:ect1
11	11	1.137803718	11.354447	4.504107	ect1	mESCs	Pluripotent mESCs	1.44	11:ect1
12	12	1.227428264	11.315815	4.5416374	ect1	mESCs	Pluripotent mESCs	0.0	12:ect1
13	13	1.3203625509999997	11.403002	4.5173097	ect1	mESCs	Pluripotent mESCs	0.0	13:ect1
14	14	1.4210018569999996	11.468866	4.455546	ect1	mESCs	Pluripotent mESCs	0.0	14:ect1
15	15	1.5259784980000004	11.281655	4.502635	ect1	mESCs	Pluripotent mESCs	1.68	15:ect1
16	16	1.6214562569999995	11.460884	4.391166	ect1	mESCs	Pluripotent mESCs	1.44	16:ect1
17	17	1.721798215	11.486903	4.175813	ect1	mESCs	Pluripotent mESCs	3.36	17:ect1
18	18	1.816995278	11.476799	4.470221	ect1	mESCs	Pluripotent mESCs	2.64	18:ect1
19	19	1.920784677	11.554338	4.392248	ect1	mESCs	Pluripotent mESCs	0.0	19:ect1
20	20	2.006427672	11.548886	4.3445506	ect1	mESCs	Pluripotent mESCs	0.0	20:ect1
21	21	2.10145923	11.530478	4.4519396	ect1	mESCs	Pluripotent mESCs	0.0	21:ect1
22	22	2.1946430030000004	11.43274	4.47545	ect1	mESCs	Pluripotent mESCs	0.0	22:ect1
23	23	2.3239184020000003	11.602614	4.289101	ect1	mESCs	Pluripotent mESCs	0.0	23:ect1
24	24	2.4696848599999996	11.622875	4.3315663	ect1	mESCs	Pluripotent mESCs	0.0	24:ect1
25	25	2.6109142509999996	11.652009	4.354657	ect1	mESCs	Pluripotent mESCs	1.68	25:ect1
26	26	2.7320748490000004	11.554913	4.2695875	ect1	mESCs	Pluripotent mESCs	0.72	26:ect1
27	27	2.855737008	11.775082	4.2496943	ect1	mESCs	Pluripotent mESCs	0.0	27:ect1
28	28	2.998822895	11.653786	4.283058	ect1	mESCs	Pluripotent mESCs	1.68	28:ect1
29	29	3.1864833550000005	11.6576	4.4459653	ect1	mESCs	Pluripotent mESCs	0.0	29:ect1
30	30	3.335302126	11.74118	4.4125	ect1	mESCs	Pluripotent mESCs	0.0	30:ect1
31	31	3.513640805	11.768203	4.3063445	ect1	mESCs	Pluripotent mESCs	0.0	31:ect1
32	32	3.739240205	11.801035	4.2976055	ect1	mESCs	Pluripotent mESCs	1.2	32:ect1
33	33	3.9936504119999996	11.675153	4.303569	ect1	mESCs	Pluripotent mESCs	1.2	33:ect1
34	34	4.2354350389999995	11.8568535	4.217493	ect1	mESCs	Pluripotent mESCs	0.0	34:ect1
35	35	4.533736216	11.725695	4.132668	ect1	mESCs	Pluripotent mESCs	5.76	35:ect1
36	36	4.955100076	11.760181	4.337682	ect1	mESCs	Pluripotent mESCs	1.44	36:ect1
37	37	5.805180276	11.845388	4.22457	ect1	mESCs	Pluripotent mESCs	0.0	37:ect1
38	38	11.303958404000003	9.567925	4.778676	ect1	mESCs	Pluripotent mESCs	13.44	38:ect1
39	39	21.984440579999998	6.0552607	5.3099084	ect1	Gastd4	Pluripotent Gastd4	97.44	39:ect1
40	40	24.042572319999998	5.3956842	5.552048	ect1	Gastd3	Pluripotent Gastd3	89.52	40:ect1
41	41	24.82576758	5.167246	5.6075892	ect1	Gastd3	Pluripotent Gastd3	87.6	41:ect1
42	42	25.35503867	5.2030416	5.6942115	ect1	Gastd3	Pluripotent Gastd3	86.64	42:ect1
43	43	25.681811940000003	5.114046	5.822847	ect1	Gastd3	Pluripotent Gastd3	85.44	43:ect1
44	44	25.88188079	5.083973	5.9077754	ect1	Gastd3	Pluripotent Gastd3	79.92	44:ect1
45	45	26.018406959999997	5.07943	6.0030775	ect1	Gastd3	Pluripotent Gastd3	78.0	45:ect1
46	46	26.127388369999995	5.0180526	6.095453	ect1	Gastd3	Pluripotent Gastd3	79.68	46:ect1
47	47	26.217187610000007	5.094163	6.1744328	ect1	Gastd3	Pluripotent Gastd3	77.76	47:ect1
48	48	26.287837279999994	5.0233827	6.1258473	ect1	Gastd3	Pluripotent Gastd3	76.32	48:ect1
49	49	26.35631734	4.8845882	6.108	ect1	Gastd3	Pluripotent Gastd3	78.96	49:ect1
50	50	26.41734228	4.832825	6.0712643	ect1	Gastd3	Pluripotent Gastd3	78.24	50:ect1
51	51	26.474872510000004	4.834589	6.2475863	ect1	Gastd3	Pluripotent Gastd3	76.8	51:ect1
52	52	26.52653363	4.7487493	6.2779083	ect1	Gastd3	Pluripotent Gastd3	76.56	52:ect1
53	53	26.583327179999998	4.697957	6.146789	ect1	Gastd3	Pluripotent Gastd3	78.0	53:ect1
54	54	26.635476769999997	4.556083	6.2589016	ect1	Gastd3	Pluripotent Gastd3	78.96	54:ect1
55	55	26.681696180000003	4.5445123	6.3240285	ect1	Gastd3	Pluripotent Gastd3	78.0	55:ect1
56	56	26.73083057	4.423259	6.1428943	ect1	Gastd3	Pluripotent Gastd3	80.16	56:ect1
57	57	26.786797709999995	4.360597	6.1802983	ect1	Gastd3	Pluripotent Gastd3	80.88	57:ect1
58	58	26.837385519999998	4.426596	6.120869	ect1	Gastd3	Pluripotent Gastd3	76.8	58:ect1
59	59	26.887166380000004	4.3877425	6.1362233	ect1	Gastd3	Pluripotent Gastd3	81.6	59:ect1
60	60	26.936853539999998	4.270596	6.246236	ect1	Gastd3	Pluripotent Gastd3	78.72	60:ect1
61	61	26.990727539999998	4.1914372	6.208067	ect1	Gastd3	Pluripotent Gastd3	80.64	61:ect1
62	62	27.04872966	4.052049	6.1828747	ect1	Gastd3	Pluripotent Gastd3	80.64	62:ect1
63	63	27.11722444	4.142871	6.137973	ect1	Gastd3	Pluripotent Gastd3	80.16	63:ect1
64	64	27.185784530000006	3.9815092	6.1427555	ect1	Gastd3	Pluripotent Gastd3	81.6	64:ect1
65	65	27.26310263	3.9067075	6.2123966	ect1	Gastd3	Pluripotent Gastd3	83.28	65:ect1
66	66	27.344774770000004	3.731716	6.0358067	ect1	Gastd4	Pluripotent Gastd4	88.32	66:ect1
67	67	27.42958745	3.549758	6.079269	ect1	Gastd4	Pluripotent Gastd4	89.04	67:ect1
68	68	27.543857350000007	3.4923954	6.0339413	ect1	Gastd4	Pluripotent Gastd4	89.04	68:ect1
69	69	27.641743209999994	3.2069445	5.897191	ect1	Gastd4	Pluripotent Gastd4	92.16	69:ect1
70	70	27.767898409999997	3.0355597	5.8600397	ect1	Gastd4	Pluripotent Gastd4	95.52	70:ect1
71	71	27.88483996	3.0494318	5.6956706	ect1	Gastd4	Pluripotent Gastd4	96.0	71:ect1
72	72	27.99226697	3.0513437	5.745771	ect1	Gastd4	Pluripotent Gastd4	96.72	72:ect1
73	73	28.098023780000002	2.8464768	5.735781	ect1	Gastd4	Pluripotent Gastd4	97.44	73:ect1
74	74	28.179391140000007	2.9183805	5.708293	ect1	Gastd4	Pluripotent Gastd4	99.84	74:ect1
75	75	28.255711640000005	2.8178012	5.8656597	ect1	Gastd4	Pluripotent Gastd4	96.48	75:ect1
76	76	28.32245981	2.7813985	5.7970166	ect1	Gastd4	Pluripotent Gastd4	98.88	76:ect1
77	77	28.386078789999992	2.7799702	5.8188953	ect1	Gastd4	Pluripotent Gastd4	98.4	77:ect1
78	78	28.43972179	2.6884336	5.610643	ect1	Gastd4	Pluripotent Gastd4	97.68	78:ect1
79	79	28.48555404999999	2.6049216	5.493017	ect1	Gastd4	Pluripotent Gastd4	97.44	79:ect1
80	80	28.529203439999993	2.713269	5.7024474	ect1	Gastd4	Pluripotent Gastd4	96.72	80:ect1
81	81	28.565824199999994	2.585051	5.682549	ect1	Gastd4	Pluripotent Gastd4	99.36	81:ect1
82	82	28.598679629999996	2.6182966	5.8200088	ect1	Gastd4	Pluripotent Gastd4	97.2	82:ect1
83	83	28.637431519999996	2.4826555	5.6148252	ect1	Gastd4	Pluripotent Gastd4	99.12	83:ect1
84	84	28.676307669999996	2.4768586	5.893042	ect1	Gastd4	Pluripotent Gastd4	98.16	84:ect1
85	85	28.715397199999998	2.3979254	5.7220516	ect1	Gastd4	Pluripotent Gastd4	98.88	85:ect1
86	86	28.75364659	2.3786068	5.735253	ect1	Gastd4	Pluripotent Gastd4	98.16	86:ect1
87	87	28.797316409999997	2.4357054	5.82884	ect1	Gastd4	Pluripotent Gastd4	98.4	87:ect1
88	88	28.833566319999996	2.3965964	5.7018986	ect1	Gastd4	Pluripotent Gastd4	97.68	88:ect1
89	89	28.87833229	2.3280752	5.5311418	ect1	Gastd4	Pluripotent Gastd4	97.2	89:ect1
90	90	28.920346610000003	2.2269285	5.4880548	ect1	Gastd4	Pluripotent Gastd4	99.84	90:ect1
91	91	28.958684660000003	2.2433949	5.752236	ect1	Gastd4	Pluripotent Gastd4	98.16	91:ect1
92	92	28.998813700000007	2.1421309	5.6754107	ect1	Gastd4	Pluripotent Gastd4	101.04	92:ect1
93	93	29.03973932	2.1343591	5.740185	ect1	Gastd4	Pluripotent Gastd4	99.6	93:ect1
94	94	29.075703310000005	2.131884	5.6981525	ect1	Gastd4	Pluripotent Gastd4	100.08	94:ect1
95	95	29.11775904999999	2.0487878	5.6672473	ect1	Gastd4	Pluripotent Gastd4	99.84	95:ect1
96	96	29.167128260000005	1.9133596	5.7162957	ect1	Gastd4	Pluripotent Gastd4	101.28	96:ect1
97	97	29.216738839999998	1.8883731	5.6883526	ect1	Gastd4	Pluripotent Gastd4	102.72	97:ect1
98	98	29.26479318	1.8724375	5.62704	ect1	Gastd4	Pluripotent Gastd4	102.96	98:ect1
99	99	29.30618614	1.6452762	5.5177097	ect1	Gastd4	Pluripotent Gastd4	106.08	99:ect1
100	100	29.356385619999998	1.5771025	5.4551497	ect1	Gastd4	Pluripotent Gastd4	105.12	100:ect1
101	101	29.412181359999998	1.4707513	5.3080363	ect1	Gastd4	Pluripotent Gastd4	107.76	101:ect1
102	102	29.464882550000002	1.5822731	5.4060884	ect1	Gastd4	Pluripotent Gastd4	108.96	102:ect1
103	103	29.515860649999993	1.3551533	5.3952794	ect1	Gastd5	Ectoderm Gastd5	108.96	103:ect1
104	104	29.568664320000003	1.1048362	5.196382	ect1	Gastd5	Ectoderm Gastd5	114.96	104:ect1
105	105	29.618259	1.0737488	5.227279	ect1	Gastd5	Ectoderm Gastd5	116.88	105:ect1
106	106	29.67100999	1.0647887	5.1386003	ect1	Gastd5	Ectoderm Gastd5	117.36	106:ect1
107	107	29.71365816	1.0316842	5.1895223	ect1	Gastd5	Ectoderm Gastd5	116.16	107:ect1
108	108	29.762079040000003	0.9436512	4.897974	ect1	Gastd5	Ectoderm Gastd5	117.36	108:ect1
109	109	29.811560209999996	0.9819069	5.0532537	ect1	Gastd5	Ectoderm Gastd5	119.28	109:ect1
110	110	29.867102919999997	1.0105677	4.856568	ect1	Gastd5	Ectoderm Gastd5	116.88	110:ect1
111	111	29.918569380000008	0.96575844	4.789741	ect1	Gastd5	Ectoderm Gastd5	119.28	111:ect1
112	112	29.983624609999996	0.8193201	4.680683	ect1	Gastd5	Ectoderm Gastd5	122.88	112:ect1
113	113	30.054248009999995	0.7713082	4.62507	ect1	Gastd5	Ectoderm Gastd5	120.0	113:ect1
114	114	30.148467049999994	0.820313	4.3354836	ect1	Gastd5	Ectoderm Gastd5	120.72	114:ect1
115	115	30.236304049999998	0.7712572	4.300346	ect1	Gastd5	Ectoderm Gastd5	122.64	115:ect1
116	116	30.338590049999997	0.6031606	4.018576	ect1	Gastd5	Ectoderm Gastd5	122.16	116:ect1
117	117	30.4299552	0.77469134	3.7860038	ect1	Gastd5	Ectoderm Gastd5	122.64	117:ect1
118	118	30.515171149999997	0.6821669	3.760752	ect1	Gastd5	Ectoderm Gastd5	123.36	118:ect1
119	119	30.602883040000002	0.5639572	3.5898008	ect1	Gastd5	Ectoderm Gastd5	128.16	119:ect1
120	120	30.687993929999998	0.5316808	3.3512352	ect1	Gastd5	Ectoderm Gastd5	127.68	120:ect1
121	121	30.79034654	0.45997268	3.3840618	ect1	Gastd5	Ectoderm Gastd5	129.12	121:ect1
122	122	30.88311702	0.529125	3.4743326	ect1	Gastd5	Ectoderm Gastd5	129.84	122:ect1
123	123	30.97936144	0.6029765	3.2765195	ect1	Gastd5	Ectoderm Gastd5	126.24	123:ect1
124	124	31.059187500000004	0.59536743	3.0678687	ect1	Gastd5	Ectoderm Gastd5	126.72	124:ect1
125	125	31.148758819999998	0.54397386	3.0778918	ect1	Gastd5	Ectoderm Gastd5	129.12	125:ect1
126	126	31.24222412	0.5090785	3.05578	ect1	Gastd5	Ectoderm Gastd5	127.2	126:ect1
127	127	31.321203500000003	0.54079217	2.7758048	ect1	Gastd5	Ectoderm Gastd5	126.24	127:ect1
128	128	31.413370720000003	0.5186279	2.7645676	ect1	Gastd6	Ectoderm Gastd6	128.88	128:ect1
129	129	31.507089660000002	0.58787733	2.8545883	ect1	Gastd5	Ectoderm Gastd5	128.88	129:ect1
130	130	31.619226350000005	0.42267966	2.5644574	ect1	Gastd5	Ectoderm Gastd5	132.96	130:ect1
131	131	31.723737560000004	0.48318204	2.340188	ect1	Gastd5	Ectoderm Gastd5	130.8	131:ect1
132	132	31.84446293	0.64309335	2.605143	ect1	Gastd5	Ectoderm Gastd5	131.04	132:ect1
133	133	32.00352958	0.67525566	2.2010107	ect1	Gastd5	Ectoderm Gastd5	134.4	133:ect1
134	134	32.191222859999996	0.6297184	2.071183	ect1	Gastd6	Ectoderm Gastd6	135.36	134:ect1
135	135	32.38776188	0.66460454	1.6194165	ect1	Gastd6	Ectoderm Gastd6	138.0	135:ect1
136	136	32.577269789999995	0.8003195	1.4534073	ect1	Gastd6	Ectoderm Gastd6	139.92	136:ect1
137	137	32.786330650000004	0.90480536	1.3017111	ect1	Gastd6	Ectoderm Gastd6	142.32	137:ect1
138	138	33.05885687	0.79854476	1.0138459	ect1	Gastd6	Ectoderm Gastd6	148.08	138:ect1
139	139	33.28641705	0.7950098	0.87487257	ect1	Gastd6	Ectoderm Gastd6	149.28	139:ect1
140	140	33.55732424	0.7772729	0.75820756	ect1	Gastd6	Ectoderm Gastd6	151.2	140:ect1
141	141	33.89308901	0.8265553	0.5400826	ect1	Gastd7	Ectoderm Gastd7	153.84	141:ect1
142	142	34.36894846	0.7668997	0.14788075	ect1	Gastd7	Ectoderm Gastd7	156.72	142:ect1
143	143	34.9126202	0.8899128	-0.1598971	ect1	Gastd7	Ectoderm Gastd7	154.32	143:ect1
144	144	35.974010160000006	0.9179377	-0.67457217	ect1	Gastd7	Ectoderm Gastd7	156.24	144:ect1
145	145	37.04443329	0.7094034	-1.2432932	ect1	Gastd7	Ectoderm Gastd7	156.0	145:ect1
146	146	38.263706709999994	0.6809694	-1.5894276	ect1	Gastd7	Ectoderm Gastd7	161.76	146:ect1
147	147	39.96653222	0.8179203	-1.8685907	ect1	Gastd7	Ectoderm Gastd7	156.48	147:ect1
148	148	41.571049470000005	1.0709984	-2.1335828	ect1	Gastd7	Ectoderm Gastd7	157.92	148:ect1
149	149	43.07698781	1.1862018	-2.4490604	ect1	Gastd7	Ectoderm Gastd7	157.92	149:ect1
150	150	44.78658880000001	1.1353494	-2.7180681	ect1	Gastd7	Ectoderm Gastd7	161.52	150:ect1
151	151	46.64886858	1.1573131	-3.1046731	ect1	Gastd7	Ectoderm Gastd7	161.04	151:ect1
152	152	48.44367893	1.0083995	-3.3800611	ect1	Gastd7	Ectoderm Gastd7	161.04	152:ect1
153	153	50.220888470000006	0.87700415	-3.5879953	ect1	Gastd7	Ectoderm Gastd7	161.76	153:ect1
154	154	52.23124595	0.5531483	-3.7536838	ect1	Gastd7	Ectoderm Gastd7	161.52	154:ect1
155	155	53.984863360000006	0.5903212	-3.9945416	ect1	Gastd7	Ectoderm Gastd7	161.76	155:ect1
156	156	55.736773379999995	0.43369335	-4.154245	ect1	Gastd7	Ectoderm Gastd7	162.72	156:ect1
157	157	57.489173149999985	0.24952467	-4.493426	ect1	Gastd7	Ectoderm Gastd7	164.4	157:ect1
158	158	58.99052963	-0.025750004	-4.645374	ect1	Gastd7	Ectoderm Gastd7	161.76	158:ect1
159	159	60.28642311999999	-0.3563268	-4.7869606	ect1	Gastd7	Ectoderm Gastd7	163.44	159:ect1
160	160	61.67097953999999	-0.58406734	-4.917049	ect1	Gastd7	Ectoderm Gastd7	165.12	160:ect1
161	161	63.13045694	-0.7562052	-5.0438914	ect1	Gastd7	Ectoderm Gastd7	165.84	161:ect1
1	1	0.3725373316	11.126464	4.5995846	ect2	mESCs	Pluripotent mESCs	0.0	1:ect2
2	2	0.46334159890000004	11.385221	4.5090275	ect2	mESCs	Pluripotent mESCs	0.0	2:ect2
3	3	0.5417578815	11.454574	4.386492	ect2	mESCs	Pluripotent mESCs	0.0	3:ect2
4	4	0.6055707372000001	11.645337	4.233151	ect2	mESCs	Pluripotent mESCs	0.0	4:ect2
5	5	0.6706454019999998	11.506994	4.3826466	ect2	mESCs	Pluripotent mESCs	0.0	5:ect2
6	6	0.7386451256000002	11.550562	4.3902154	ect2	mESCs	Pluripotent mESCs	0.0	6:ect2
7	7	0.8075167897	11.470323	4.2688046	ect2	mESCs	Pluripotent mESCs	1.68	7:ect2
8	8	0.8892268190999999	11.498241	4.3284016	ect2	mESCs	Pluripotent mESCs	0.0	8:ect2
9	9	0.9661944036	11.29548	4.487218	ect2	mESCs	Pluripotent mESCs	0.0	9:ect2
10	10	1.0492609179999999	11.36153	4.3545885	ect2	mESCs	Pluripotent mESCs	1.44	10:ect2
11	11	1.137803718	11.354447	4.504107	ect2	mESCs	Pluripotent mESCs	1.44	11:ect2
12	12	1.227428264	11.315815	4.5416374	ect2	mESCs	Pluripotent mESCs	0.0	12:ect2
13	13	1.3203625509999997	11.403002	4.5173097	ect2	mESCs	Pluripotent mESCs	0.0	13:ect2
14	14	1.4210018569999996	11.468866	4.455546	ect2	mESCs	Pluripotent mESCs	0.0	14:ect2
15	15	1.5259784980000004	11.281655	4.502635	ect2	mESCs	Pluripotent mESCs	1.68	15:ect2
16	16	1.6214562569999995	11.460884	4.391166	ect2	mESCs	Pluripotent mESCs	1.44	16:ect2
17	17	1.721798215	11.486903	4.175813	ect2	mESCs	Pluripotent mESCs	3.36	17:ect2
18	18	1.816995278	11.476799	4.470221	ect2	mESCs	Pluripotent mESCs	2.64	18:ect2
19	19	1.920784677	11.554338	4.392248	ect2	mESCs	Pluripotent mESCs	0.0	19:ect2
20	20	2.006427672	11.548886	4.3445506	ect2	mESCs	Pluripotent mESCs	0.0	20:ect2
21	21	2.10145923	11.530478	4.4519396	ect2	mESCs	Pluripotent mESCs	0.0	21:ect2
22	22	2.1946430030000004	11.43274	4.47545	ect2	mESCs	Pluripotent mESCs	0.0	22:ect2
23	23	2.3239184020000003	11.602614	4.289101	ect2	mESCs	Pluripotent mESCs	0.0	23:ect2
24	24	2.4696848599999996	11.622875	4.3315663	ect2	mESCs	Pluripotent mESCs	0.0	24:ect2
25	25	2.6109142509999996	11.652009	4.354657	ect2	mESCs	Pluripotent mESCs	1.68	25:ect2
26	26	2.7320748490000004	11.554913	4.2695875	ect2	mESCs	Pluripotent mESCs	0.72	26:ect2
27	27	2.855737008	11.775082	4.2496943	ect2	mESCs	Pluripotent mESCs	0.0	27:ect2
28	28	2.998822895	11.653786	4.283058	ect2	mESCs	Pluripotent mESCs	1.68	28:ect2
29	29	3.1864833550000005	11.6576	4.4459653	ect2	mESCs	Pluripotent mESCs	0.0	29:ect2
30	30	3.335302126	11.74118	4.4125	ect2	mESCs	Pluripotent mESCs	0.0	30:ect2
31	31	3.513640805	11.768203	4.3063445	ect2	mESCs	Pluripotent mESCs	0.0	31:ect2
32	32	3.739240205	11.801035	4.2976055	ect2	mESCs	Pluripotent mESCs	1.2	32:ect2
33	33	3.9936504119999996	11.675153	4.303569	ect2	mESCs	Pluripotent mESCs	1.2	33:ect2
34	34	4.2354350389999995	11.8568535	4.217493	ect2	mESCs	Pluripotent mESCs	0.0	34:ect2
35	35	4.533736216	11.725695	4.132668	ect2	mESCs	Pluripotent mESCs	5.76	35:ect2
36	36	4.955100076	11.760181	4.337682	ect2	mESCs	Pluripotent mESCs	1.44	36:ect2
37	37	5.805180276	11.845388	4.22457	ect2	mESCs	Pluripotent mESCs	0.0	37:ect2
38	38	11.303958404000003	9.567925	4.778676	ect2	mESCs	Pluripotent mESCs	13.44	38:ect2
39	39	21.984440579999998	6.0552607	5.3099084	ect2	Gastd4	Pluripotent Gastd4	97.44	39:ect2
40	40	24.042572319999998	5.3956842	5.552048	ect2	Gastd3	Pluripotent Gastd3	89.52	40:ect2
41	41	24.827564579999994	5.218709	5.6481886	ect2	Gastd3	Pluripotent Gastd3	87.12	41:ect2
42	42	25.358820310000002	5.1977234	5.68313	ect2	Gastd3	Pluripotent Gastd3	86.64	42:ect2
43	43	25.6841592	5.1109753	5.8182063	ect2	Gastd3	Pluripotent Gastd3	85.2	43:ect2
44	44	25.88310912	5.0853953	5.9219193	ect2	Gastd3	Pluripotent Gastd3	79.92	44:ect2
45	45	26.019303519999994	5.071642	6.0318775	ect2	Gastd3	Pluripotent Gastd3	77.76	45:ect2
46	46	26.128418909999997	5.017777	6.079577	ect2	Gastd3	Pluripotent Gastd3	79.68	46:ect2
47	47	26.217871730000002	5.0975485	6.1696234	ect2	Gastd3	Pluripotent Gastd3	77.52	47:ect2
48	48	26.288635329999998	5.0213017	6.1234508	ect2	Gastd3	Pluripotent Gastd3	76.32	48:ect2
49	49	26.356933780000006	4.8886485	6.105777	ect2	Gastd3	Pluripotent Gastd3	78.96	49:ect2
50	50	26.4179121	4.838322	6.0697603	ect2	Gastd3	Pluripotent Gastd3	78.24	50:ect2
51	51	26.475446010000006	4.830416	6.245889	ect2	Gastd3	Pluripotent Gastd3	76.8	51:ect2
52	52	26.52702187	4.75881	6.2830215	ect2	Gastd3	Pluripotent Gastd3	76.56	52:ect2
53	53	26.583885649999992	4.702293	6.1427517	ect2	Gastd3	Pluripotent Gastd3	77.76	53:ect2
54	54	26.635905119999993	4.5574284	6.2540307	ect2	Gastd3	Pluripotent Gastd3	79.2	54:ect2
55	55	26.68218225	4.5445232	6.2977233	ect2	Gastd3	Pluripotent Gastd3	78.24	55:ect2
56	56	26.731462739999998	4.414013	6.13193	ect2	Gastd3	Pluripotent Gastd3	80.16	56:ect2
57	57	26.787322439999997	4.3624253	6.182193	ect2	Gastd3	Pluripotent Gastd3	80.88	57:ect2
58	58	26.83784752	4.4219594	6.1228285	ect2	Gastd3	Pluripotent Gastd3	76.8	58:ect2
59	59	26.887685130000005	4.391172	6.133887	ect2	Gastd3	Pluripotent Gastd3	81.6	59:ect2
60	60	26.937468969999994	4.2757607	6.2338214	ect2	Gastd3	Pluripotent Gastd3	78.72	60:ect2
61	61	26.991216209999997	4.169873	6.203882	ect2	Gastd3	Pluripotent Gastd3	80.64	61:ect2
62	62	27.049607779999995	4.0545793	6.1756325	ect2	Gastd3	Pluripotent Gastd3	80.64	62:ect2
63	63	27.117807659999997	4.135271	6.1477427	ect2	Gastd3	Pluripotent Gastd3	80.16	63:ect2
64	64	27.186582330000007	3.9857628	6.1485577	ect2	Gastd3	Pluripotent Gastd3	81.6	64:ect2
65	65	27.26410926	3.9328387	6.2182574	ect2	Gastd3	Pluripotent Gastd3	83.52	65:ect2
66	66	27.345531110000003	3.7296789	6.0358534	ect2	Gastd4	Pluripotent Gastd4	88.32	66:ect2
67	67	27.430333169999997	3.5375178	6.069171	ect2	Gastd4	Pluripotent Gastd4	88.8	67:ect2
68	68	27.54465275	3.4815714	6.025652	ect2	Gastd4	Pluripotent Gastd4	89.28	68:ect2
69	69	27.64310813	3.1994073	5.8629723	ect2	Gastd4	Pluripotent Gastd4	92.4	69:ect2
70	70	27.76900754999999	3.0244071	5.86004	ect2	Gastd4	Pluripotent Gastd4	95.76	70:ect2
71	71	27.885704830000005	3.0458155	5.69601	ect2	Gastd4	Pluripotent Gastd4	96.0	71:ect2
72	72	27.99336014	3.0536315	5.78483	ect2	Gastd4	Pluripotent Gastd4	96.48	72:ect2
73	73	28.09892778	2.8532953	5.7281017	ect2	Gastd4	Pluripotent Gastd4	97.44	73:ect2
74	74	28.180025859999997	2.933839	5.7233567	ect2	Gastd4	Pluripotent Gastd4	99.6	74:ect2
75	75	28.25638639	2.8265145	5.871757	ect2	Gastd4	Pluripotent Gastd4	96.48	75:ect2
76	76	28.32306444	2.7859662	5.8129387	ect2	Gastd4	Pluripotent Gastd4	98.88	76:ect2
77	77	28.386895409999997	2.7763305	5.7932167	ect2	Gastd4	Pluripotent Gastd4	98.4	77:ect2
78	78	28.440290920000002	2.6772602	5.6154237	ect2	Gastd4	Pluripotent Gastd4	97.68	78:ect2
79	79	28.486024929999996	2.6010249	5.5114384	ect2	Gastd4	Pluripotent Gastd4	97.44	79:ect2
80	80	28.529518609999997	2.7104306	5.6905513	ect2	Gastd4	Pluripotent Gastd4	96.72	80:ect2
81	81	28.566168279999992	2.5759394	5.666517	ect2	Gastd4	Pluripotent Gastd4	99.36	81:ect2
82	82	28.599067389999995	2.6012907	5.807315	ect2	Gastd4	Pluripotent Gastd4	97.68	82:ect2
83	83	28.637815999999997	2.4796915	5.5988417	ect2	Gastd4	Pluripotent Gastd4	99.12	83:ect2
84	84	28.676713569999997	2.4799159	5.8896294	ect2	Gastd4	Pluripotent Gastd4	98.16	84:ect2
85	85	28.715792779999997	2.3970022	5.7308	ect2	Gastd4	Pluripotent Gastd4	98.88	85:ect2
86	86	28.754130789999998	2.3933043	5.755011	ect2	Gastd4	Pluripotent Gastd4	97.92	86:ect2
87	87	28.79765904	2.4416425	5.8326135	ect2	Gastd4	Pluripotent Gastd4	98.4	87:ect2
88	88	28.833958929999998	2.4102697	5.6866155	ect2	Gastd4	Pluripotent Gastd4	97.68	88:ect2
89	89	28.87879089	2.3305151	5.512696	ect2	Gastd4	Pluripotent Gastd4	97.2	89:ect2
90	90	28.92074165	2.2221134	5.5012627	ect2	Gastd4	Pluripotent Gastd4	99.84	90:ect2
91	91	28.959044040000002	2.248336	5.7509236	ect2	Gastd4	Pluripotent Gastd4	98.16	91:ect2
92	92	28.999159840000008	2.1306396	5.6962886	ect2	Gastd4	Pluripotent Gastd4	101.04	92:ect2
93	93	29.04016415	2.1211996	5.7401323	ect2	Gastd4	Pluripotent Gastd4	99.84	93:ect2
94	94	29.076135179999998	2.1356337	5.6685424	ect2	Gastd4	Pluripotent Gastd4	100.56	94:ect2
95	95	29.118298489999997	2.036791	5.6362915	ect2	Gastd4	Pluripotent Gastd4	100.08	95:ect2
96	96	29.167689890000002	1.9210237	5.731805	ect2	Gastd4	Pluripotent Gastd4	101.28	96:ect2
97	97	29.217256479999996	1.9002413	5.6861877	ect2	Gastd4	Pluripotent Gastd4	102.48	97:ect2
98	98	29.26524522	1.8685378	5.604971	ect2	Gastd4	Pluripotent Gastd4	103.2	98:ect2
99	99	29.306633540000004	1.6491143	5.547085	ect2	Gastd4	Pluripotent Gastd4	106.08	99:ect2
100	100	29.356913449999997	1.57161	5.4796295	ect2	Gastd4	Pluripotent Gastd4	105.12	100:ect2
101	101	29.41267463	1.4703373	5.2750726	ect2	Gastd4	Pluripotent Gastd4	107.76	101:ect2
102	102	29.46549416	1.5662546	5.3852587	ect2	Gastd4	Pluripotent Gastd4	109.2	102:ect2
103	103	29.516457319999994	1.3417934	5.401943	ect2	Gastd5	Ectoderm Gastd5	109.2	103:ect2
104	104	29.569226920000002	1.1048589	5.214628	ect2	Gastd5	Ectoderm Gastd5	114.96	104:ect2
105	105	29.618887269999995	1.0703639	5.2366853	ect2	Gastd5	Ectoderm Gastd5	116.88	105:ect2
106	106	29.67133726	1.0557711	5.1474767	ect2	Gastd5	Ectoderm Gastd5	117.6	106:ect2
107	107	29.71398089	1.0365468	5.21727	ect2	Gastd5	Ectoderm Gastd5	116.4	107:ect2
108	108	29.762079040000003	0.9436512	4.897974	ect2	Gastd5	Ectoderm Gastd5	117.36	108:ect2
109	109	29.81205191	0.97871345	5.0764995	ect2	Gastd5	Ectoderm Gastd5	119.52	109:ect2
110	110	29.867708409999995	0.99841356	4.8621483	ect2	Gastd5	Ectoderm Gastd5	116.88	110:ect2
111	111	29.91909987000001	0.9626203	4.785181	ect2	Gastd5	Ectoderm Gastd5	119.28	111:ect2
112	112	29.984380089999995	0.81204623	4.6862965	ect2	Gastd5	Ectoderm Gastd5	122.88	112:ect2
113	113	30.055296979999998	0.76892114	4.6237283	ect2	Gastd5	Ectoderm Gastd5	120.24	113:ect2
114	114	30.149218879999992	0.82962453	4.3409586	ect2	Gastd5	Ectoderm Gastd5	120.48	114:ect2
115	115	30.237293369999996	0.74792176	4.2532907	ect2	Gastd5	Ectoderm Gastd5	123.12	115:ect2
116	116	30.339348450000003	0.59663004	4.030152	ect2	Gastd5	Ectoderm Gastd5	122.16	116:ect2
117	117	30.430507529999996	0.75833344	3.7911642	ect2	Gastd5	Ectoderm Gastd5	122.4	117:ect2
118	118	30.515946579999994	0.6726502	3.759997	ect2	Gastd5	Ectoderm Gastd5	123.6	118:ect2
119	119	30.60373656	0.5613202	3.594594	ect2	Gastd5	Ectoderm Gastd5	128.16	119:ect2
120	120	30.690254299999996	0.53042966	3.3893096	ect2	Gastd5	Ectoderm Gastd5	127.44	120:ect2
121	121	30.794576610000004	0.48397335	3.3757927	ect2	Gastd5	Ectoderm Gastd5	128.88	121:ect2
122	122	30.886562360000003	0.52059686	3.4926014	ect2	Gastd5	Ectoderm Gastd5	130.32	122:ect2
123	123	30.983401819999997	0.6426275	3.2499065	ect2	Gastd5	Ectoderm Gastd5	125.76	123:ect2
124	124	31.062876000000003	0.5566031	3.1002746	ect2	Gastd5	Ectoderm Gastd5	126.24	124:ect2
125	125	31.15384402	0.55811286	3.1200552	ect2	Gastd5	Ectoderm Gastd5	128.4	125:ect2
126	126	31.24782663999999	0.5322054	3.1135247	ect2	Gastd5	Ectoderm Gastd5	126.24	126:ect2
127	127	31.327931470000003	0.5797918	2.732954	ect2	Gastd5	Ectoderm Gastd5	125.76	127:ect2
128	128	31.422131330000003	0.5430938	2.809484	ect2	Gastd6	Ectoderm Gastd5	128.88	128:ect2
129	129	31.51688449	0.6544778	2.8397667	ect2	Gastd5	Ectoderm Gastd5	126.48	129:ect2
130	130	31.63080834	0.4660629	2.6135862	ect2	Gastd5	Ectoderm Gastd5	132.0	130:ect2
131	131	31.738517780000002	0.5261255	2.4462695	ect2	Gastd5	Ectoderm Gastd5	130.8	131:ect2
132	132	31.85914332	0.7472751	2.5533602	ect2	Gastd5	Ectoderm Gastd5	132.0	132:ect2
133	133	32.02112657	0.8081493	2.345102	ect2	Gastd5	Ectoderm Gastd5	131.28	133:ect2
134	134	32.23483694	0.7399033	2.100197	ect2	Gastd5	Ectoderm Gastd5	131.04	134:ect2
135	135	32.50117053	1.2667377	1.8264078	ect2	Gastd5	Ectoderm Gastd5	132.96	135:ect2
136	136	32.77354355	1.4023205	1.5060314	ect2	Gastd6	Ectoderm Gastd6	140.4	136:ect2
137	137	33.122329689999994	1.6989434	1.1390742	ect2	Gastd6	Ectoderm Gastd6	149.04	137:ect2
138	138	33.509882590000004	1.9320031	1.0448549	ect2	Gastd7	Ectoderm Gastd7	156.0	138:ect2
139	139	33.902850140000005	2.1418178	0.7730307	ect2	Gastd7	Ectoderm Gastd7	155.52	139:ect2
140	140	34.26970323	2.2146697	0.58375496	ect2	Gastd7	Ectoderm Gastd7	159.36	140:ect2
141	141	34.69209262	2.5133998	0.34855258	ect2	Gastd7	Ectoderm Gastd7	164.4	141:ect2
142	142	35.23874742	2.584443	0.3080885	ect2	Gastd7	Ectoderm Gastd7	163.2	142:ect2
1	1	0.3725373316	11.126464	4.5995846	ect3	mESCs	Pluripotent mESCs	0.0	1:ect3
2	2	0.46334159890000004	11.385221	4.5090275	ect3	mESCs	Pluripotent mESCs	0.0	2:ect3
3	3	0.5417578815	11.454574	4.386492	ect3	mESCs	Pluripotent mESCs	0.0	3:ect3
4	4	0.6055707372000001	11.645337	4.233151	ect3	mESCs	Pluripotent mESCs	0.0	4:ect3
5	5	0.6706454019999998	11.506994	4.3826466	ect3	mESCs	Pluripotent mESCs	0.0	5:ect3
6	6	0.7386451256000002	11.550562	4.3902154	ect3	mESCs	Pluripotent mESCs	0.0	6:ect3
7	7	0.8075167897	11.470323	4.2688046	ect3	mESCs	Pluripotent mESCs	1.68	7:ect3
8	8	0.8892268190999999	11.498241	4.3284016	ect3	mESCs	Pluripotent mESCs	0.0	8:ect3
9	9	0.9661944036	11.29548	4.487218	ect3	mESCs	Pluripotent mESCs	0.0	9:ect3
10	10	1.0492609179999999	11.36153	4.3545885	ect3	mESCs	Pluripotent mESCs	1.44	10:ect3
11	11	1.137803718	11.354447	4.504107	ect3	mESCs	Pluripotent mESCs	1.44	11:ect3
12	12	1.227428264	11.315815	4.5416374	ect3	mESCs	Pluripotent mESCs	0.0	12:ect3
13	13	1.3203625509999997	11.403002	4.5173097	ect3	mESCs	Pluripotent mESCs	0.0	13:ect3
14	14	1.4210018569999996	11.468866	4.455546	ect3	mESCs	Pluripotent mESCs	0.0	14:ect3
15	15	1.5259784980000004	11.281655	4.502635	ect3	mESCs	Pluripotent mESCs	1.68	15:ect3
16	16	1.6214562569999995	11.460884	4.391166	ect3	mESCs	Pluripotent mESCs	1.44	16:ect3
17	17	1.721798215	11.486903	4.175813	ect3	mESCs	Pluripotent mESCs	3.36	17:ect3
18	18	1.816995278	11.476799	4.470221	ect3	mESCs	Pluripotent mESCs	2.64	18:ect3
19	19	1.920784677	11.554338	4.392248	ect3	mESCs	Pluripotent mESCs	0.0	19:ect3
20	20	2.006427672	11.548886	4.3445506	ect3	mESCs	Pluripotent mESCs	0.0	20:ect3
21	21	2.10145923	11.530478	4.4519396	ect3	mESCs	Pluripotent mESCs	0.0	21:ect3
22	22	2.1946430030000004	11.43274	4.47545	ect3	mESCs	Pluripotent mESCs	0.0	22:ect3
23	23	2.3239184020000003	11.602614	4.289101	ect3	mESCs	Pluripotent mESCs	0.0	23:ect3
24	24	2.4696848599999996	11.622875	4.3315663	ect3	mESCs	Pluripotent mESCs	0.0	24:ect3
25	25	2.6109142509999996	11.652009	4.354657	ect3	mESCs	Pluripotent mESCs	1.68	25:ect3
26	26	2.7320748490000004	11.554913	4.2695875	ect3	mESCs	Pluripotent mESCs	0.72	26:ect3
27	27	2.855737008	11.775082	4.2496943	ect3	mESCs	Pluripotent mESCs	0.0	27:ect3
28	28	2.998822895	11.653786	4.283058	ect3	mESCs	Pluripotent mESCs	1.68	28:ect3
29	29	3.1864833550000005	11.6576	4.4459653	ect3	mESCs	Pluripotent mESCs	0.0	29:ect3
30	30	3.335302126	11.74118	4.4125	ect3	mESCs	Pluripotent mESCs	0.0	30:ect3
31	31	3.513640805	11.768203	4.3063445	ect3	mESCs	Pluripotent mESCs	0.0	31:ect3
32	32	3.739240205	11.801035	4.2976055	ect3	mESCs	Pluripotent mESCs	1.2	32:ect3
33	33	3.9936504119999996	11.675153	4.303569	ect3	mESCs	Pluripotent mESCs	1.2	33:ect3
34	34	4.2354350389999995	11.8568535	4.217493	ect3	mESCs	Pluripotent mESCs	0.0	34:ect3
35	35	4.533736216	11.725695	4.132668	ect3	mESCs	Pluripotent mESCs	5.76	35:ect3
36	36	4.955100076	11.760181	4.337682	ect3	mESCs	Pluripotent mESCs	1.44	36:ect3
37	37	5.805180276	11.845388	4.22457	ect3	mESCs	Pluripotent mESCs	0.0	37:ect3
38	38	11.303958404000003	9.567925	4.778676	ect3	mESCs	Pluripotent mESCs	13.44	38:ect3
39	39	21.984440579999998	6.0552607	5.3099084	ect3	Gastd4	Pluripotent Gastd4	97.44	39:ect3
40	40	24.042572319999998	5.3956842	5.552048	ect3	Gastd3	Pluripotent Gastd3	89.52	40:ect3
41	41	24.827564579999994	5.218709	5.6481886	ect3	Gastd3	Pluripotent Gastd3	87.12	41:ect3
42	42	25.358820310000002	5.1977234	5.68313	ect3	Gastd3	Pluripotent Gastd3	86.64	42:ect3
43	43	25.6841592	5.1109753	5.8182063	ect3	Gastd3	Pluripotent Gastd3	85.2	43:ect3
44	44	25.88310912	5.0853953	5.9219193	ect3	Gastd3	Pluripotent Gastd3	79.92	44:ect3
45	45	26.019303519999994	5.071642	6.0318775	ect3	Gastd3	Pluripotent Gastd3	77.76	45:ect3
46	46	26.128418909999997	5.017777	6.079577	ect3	Gastd3	Pluripotent Gastd3	79.68	46:ect3
47	47	26.217871730000002	5.0975485	6.1696234	ect3	Gastd3	Pluripotent Gastd3	77.52	47:ect3
48	48	26.288635329999998	5.0213017	6.1234508	ect3	Gastd3	Pluripotent Gastd3	76.32	48:ect3
49	49	26.356933780000006	4.8886485	6.105777	ect3	Gastd3	Pluripotent Gastd3	78.96	49:ect3
50	50	26.4179121	4.838322	6.0697603	ect3	Gastd3	Pluripotent Gastd3	78.24	50:ect3
51	51	26.475446010000006	4.830416	6.245889	ect3	Gastd3	Pluripotent Gastd3	76.8	51:ect3
52	52	26.52702187	4.75881	6.2830215	ect3	Gastd3	Pluripotent Gastd3	76.56	52:ect3
53	53	26.583885649999992	4.702293	6.1427517	ect3	Gastd3	Pluripotent Gastd3	77.76	53:ect3
54	54	26.635905119999993	4.5574284	6.2540307	ect3	Gastd3	Pluripotent Gastd3	79.2	54:ect3
55	55	26.68218225	4.5445232	6.2977233	ect3	Gastd3	Pluripotent Gastd3	78.24	55:ect3
56	56	26.731462739999998	4.414013	6.13193	ect3	Gastd3	Pluripotent Gastd3	80.16	56:ect3
57	57	26.787322439999997	4.3624253	6.182193	ect3	Gastd3	Pluripotent Gastd3	80.88	57:ect3
58	58	26.83784752	4.4219594	6.1228285	ect3	Gastd3	Pluripotent Gastd3	76.8	58:ect3
59	59	26.887685130000005	4.391172	6.133887	ect3	Gastd3	Pluripotent Gastd3	81.6	59:ect3
60	60	26.937468969999994	4.2757607	6.2338214	ect3	Gastd3	Pluripotent Gastd3	78.72	60:ect3
61	61	26.991216209999997	4.169873	6.203882	ect3	Gastd3	Pluripotent Gastd3	80.64	61:ect3
62	62	27.049607779999995	4.0545793	6.1756325	ect3	Gastd3	Pluripotent Gastd3	80.64	62:ect3
63	63	27.117807659999997	4.135271	6.1477427	ect3	Gastd3	Pluripotent Gastd3	80.16	63:ect3
64	64	27.186582330000007	3.9857628	6.1485577	ect3	Gastd3	Pluripotent Gastd3	81.6	64:ect3
65	65	27.26410926	3.9328387	6.2182574	ect3	Gastd3	Pluripotent Gastd3	83.52	65:ect3
66	66	27.345531110000003	3.7296789	6.0358534	ect3	Gastd4	Pluripotent Gastd4	88.32	66:ect3
67	67	27.430333169999997	3.5375178	6.069171	ect3	Gastd4	Pluripotent Gastd4	88.8	67:ect3
68	68	27.54465275	3.4815714	6.025652	ect3	Gastd4	Pluripotent Gastd4	89.28	68:ect3
69	69	27.64310813	3.1994073	5.8629723	ect3	Gastd4	Pluripotent Gastd4	92.4	69:ect3
70	70	27.76900754999999	3.0244071	5.86004	ect3	Gastd4	Pluripotent Gastd4	95.76	70:ect3
71	71	27.885704830000005	3.0458155	5.69601	ect3	Gastd4	Pluripotent Gastd4	96.0	71:ect3
72	72	27.99336014	3.0536313	5.78483	ect3	Gastd4	Pluripotent Gastd4	96.48	72:ect3
73	73	28.098608919999997	2.8243313	5.6865664	ect3	Gastd4	Pluripotent Gastd4	98.16	73:ect3
74	74	28.179391140000007	2.9183805	5.708293	ect3	Gastd4	Pluripotent Gastd4	99.84	74:ect3
75	75	28.255711640000005	2.8178012	5.8656597	ect3	Gastd4	Pluripotent Gastd4	96.48	75:ect3
76	76	28.322097769999996	2.7506897	5.785662	ect3	Gastd4	Pluripotent Gastd4	99.36	76:ect3
77	77	28.385273049999995	2.773154	5.7836437	ect3	Gastd4	Pluripotent Gastd4	98.64	77:ect3
78	78	28.439339599999997	2.6838367	5.617283	ect3	Gastd4	Pluripotent Gastd4	97.68	78:ect3
79	79	28.48501316999999	2.6033955	5.460741	ect3	Gastd4	Pluripotent Gastd4	97.44	79:ect3
80	80	28.528768009999993	2.7017336	5.6749244	ect3	Gastd4	Pluripotent Gastd4	96.72	80:ect3
81	81	28.565472269999997	2.586353	5.698403	ect3	Gastd4	Pluripotent Gastd4	99.6	81:ect3
82	82	28.598377789999994	2.6261415	5.80322	ect3	Gastd4	Pluripotent Gastd4	97.2	82:ect3
83	83	28.637046559999995	2.4932594	5.619585	ect3	Gastd4	Pluripotent Gastd4	99.12	83:ect3
84	84	28.67586858	2.4988003	5.8785644	ect3	Gastd4	Pluripotent Gastd4	97.92	84:ect3
85	85	28.715006849999995	2.4025023	5.7008867	ect3	Gastd4	Pluripotent Gastd4	98.88	85:ect3
86	86	28.75322663	2.382684	5.7470174	ect3	Gastd4	Pluripotent Gastd4	98.16	86:ect3
87	87	28.7969718	2.434588	5.818094	ect3	Gastd4	Pluripotent Gastd4	98.4	87:ect3
88	88	28.832982429999998	2.3677957	5.6482415	ect3	Gastd4	Pluripotent Gastd4	98.4	88:ect3
89	89	28.877409389999993	2.335084	5.5380754	ect3	Gastd4	Pluripotent Gastd4	97.2	89:ect3
90	90	28.919556080000003	2.2379475	5.511165	ect3	Gastd4	Pluripotent Gastd4	99.84	90:ect3
91	91	28.958003210000005	2.2380683	5.7184815	ect3	Gastd4	Pluripotent Gastd4	98.16	91:ect3
92	92	28.998021080000004	2.1513512	5.6928015	ect3	Gastd4	Pluripotent Gastd4	101.04	92:ect3
93	93	29.03894011	2.1420822	5.781119	ect3	Gastd4	Pluripotent Gastd4	99.36	93:ect3
94	94	29.07497506	2.1288357	5.706948	ect3	Gastd4	Pluripotent Gastd4	100.08	94:ect3
95	95	29.117060859999995	2.0664454	5.6773634	ect3	Gastd4	Pluripotent Gastd4	99.6	95:ect3
96	96	29.16599541	1.92508	5.7099733	ect3	Gastd4	Pluripotent Gastd4	101.04	96:ect3
97	97	29.21578572	1.890936	5.652957	ect3	Gastd4	Pluripotent Gastd4	102.72	97:ect3
98	98	29.26352298000001	1.8424679	5.585983	ect3	Gastd4	Pluripotent Gastd4	103.68	98:ect3
99	99	29.304871820000002	1.6497921	5.5284185	ect3	Gastd4	Pluripotent Gastd4	106.08	99:ect3
100	100	29.354617609999995	1.558742	5.453166	ect3	Gastd4	Pluripotent Gastd4	105.36	100:ect3
101	101	29.41073255	1.4810824	5.3329773	ect3	Gastd4	Pluripotent Gastd4	107.76	101:ect3
102	102	29.463176450000002	1.5959505	5.385888	ect3	Gastd4	Pluripotent Gastd4	108.72	102:ect3
103	103	29.514537679999993	1.3458668	5.398444	ect3	Gastd5	Ectoderm Gastd5	108.96	103:ect3
104	104	29.56700709	1.1149403	5.1851587	ect3	Gastd5	Ectoderm Gastd5	115.44	104:ect3
105	105	29.61685213	1.0519402	5.179871	ect3	Gastd5	Ectoderm Gastd5	116.88	105:ect3
106	106	29.66969109	1.0656353	5.1294003	ect3	Gastd5	Ectoderm Gastd5	117.6	106:ect3
107	107	29.71265056	1.0481958	5.1646705	ect3	Gastd5	Ectoderm Gastd5	116.4	107:ect3
108	108	29.75972275	0.97440714	4.8549724	ect3	Gastd5	Ectoderm Gastd5	116.88	108:ect3
109	109	29.809687849999996	1.0053694	5.053148	ect3	Gastd5	Ectoderm Gastd5	118.8	109:ect3
110	110	29.86482937	1.0080762	4.8879037	ect3	Gastd5	Ectoderm Gastd5	116.88	110:ect3
111	111	29.916464629999997	0.9366174	4.757499	ect3	Gastd5	Ectoderm Gastd5	119.04	111:ect3
112	112	29.98099376	0.8359024	4.686397	ect3	Gastd5	Ectoderm Gastd5	122.64	112:ect3
113	113	30.0507731	0.76531714	4.5600414	ect3	Gastd5	Ectoderm Gastd5	120.72	113:ect3
114	114	30.143429769999997	0.8049042	4.253026	ect3	Gastd5	Ectoderm Gastd5	120.72	114:ect3
115	115	30.230043860000002	0.7678883	4.321245	ect3	Gastd5	Ectoderm Gastd5	121.92	115:ect3
116	116	30.3330422	0.6010346	4.024609	ect3	Gastd5	Ectoderm Gastd5	122.16	116:ect3
117	117	30.425168190000004	0.75707304	3.8173835	ect3	Gastd5	Ectoderm Gastd5	122.88	117:ect3
118	118	30.509617010000007	0.69603866	3.7086737	ect3	Gastd5	Ectoderm Gastd5	123.84	118:ect3
119	119	30.59610703	0.536906	3.584269	ect3	Gastd5	Ectoderm Gastd5	128.64	119:ect3
120	120	30.680671960000005	0.52129126	3.4075515	ect3	Gastd5	Ectoderm Gastd5	128.16	120:ect3
121	121	30.78026303	0.4243249	3.3966513	ect3	Gastd5	Ectoderm Gastd5	130.08	121:ect3
122	122	30.87256073	0.4891054	3.3658323	ect3	Gastd5	Ectoderm Gastd5	130.56	122:ect3
123	123	30.961896179999993	0.5343127	3.356514	ect3	Gastd5	Ectoderm Gastd5	128.88	123:ect3
124	124	31.03859602	0.5601022	3.0601509	ect3	Gastd5	Ectoderm Gastd5	127.68	124:ect3
125	125	31.123980349999997	0.45705006	3.1021442	ect3	Gastd6	Ectoderm Gastd6	130.08	125:ect3
126	126	31.20496005	0.40415195	3.0586271	ect3	Gastd5	Ectoderm Gastd6	131.76	126:ect3
127	127	31.281979569999997	0.49029893	2.8761413	ect3	Gastd5	Ectoderm Gastd5	126.24	127:ect3
128	128	31.35784538	0.394411	2.7241523	ect3	Gastd6	Ectoderm Gastd6	130.32	128:ect3
129	129	31.442312029999997	0.37414783	2.7133012	ect3	Gastd6	Ectoderm Gastd6	132.24	129:ect3
130	130	31.51984283	0.42718986	2.7587266	ect3	Gastd5	Ectoderm Gastd5	131.52	130:ect3
131	131	31.6053428	0.2226859	2.4605367	ect3	Gastd6	Ectoderm Gastd6	135.6	131:ect3
132	132	31.683556290000002	0.23940481	2.4329636	ect3	Gastd6	Ectoderm Gastd6	134.16	132:ect3
133	133	31.766011279999997	0.2282095	2.2984219	ect3	Gastd6	Ectoderm Gastd6	136.08	133:ect3
134	134	31.844653989999998	0.21572809	2.358377	ect3	Gastd6	Ectoderm Gastd6	139.2	134:ect3
135	135	31.935435979999998	0.15217328	1.987752	ect3	Gastd6	Ectoderm Gastd6	141.36	135:ect3
136	136	32.037009850000004	0.11084625	2.0727108	ect3	Gastd6	Ectoderm Gastd6	140.16	136:ect3
137	137	32.13055223	0.09773077	1.9791045	ect3	Gastd6	Ectoderm Gastd6	142.08	137:ect3
138	138	32.232309300000004	-0.09692699	1.8064477	ect3	Gastd6	Ectoderm Gastd6	143.76	138:ect3
139	139	32.32784635	-0.13151506	1.7851129	ect3	Gastd6	Ectoderm Gastd6	143.04	139:ect3
140	140	32.423091119999995	-0.23686673	1.6651237	ect3	Gastd6	Ectoderm Gastd6	146.4	140:ect3
141	141	32.511687390000006	-0.078451596	1.5991316	ect3	Gastd6	Ectoderm Gastd6	144.24	141:ect3
142	142	32.600188800000005	-0.23941511	1.5960499	ect3	Gastd6	Ectoderm Gastd6	147.84	142:ect3
143	143	32.68554814	-0.21527933	1.4793621	ect3	Gastd6	Ectoderm Gastd6	150.24	143:ect3
144	144	32.77111483000001	-0.33408883	1.4535365	ect3	Gastd6	Ectoderm Gastd6	148.08	144:ect3
145	145	32.86372488	-0.4571472	1.2418355	ect3	Gastd6	Ectoderm Gastd6	149.76	145:ect3
146	146	32.96083342	-0.5749266	1.2423264	ect3	Gastd6	Ectoderm Gastd6	152.64	146:ect3
147	147	33.056083830000006	-0.41853473	1.1655072	ect3	Gastd6	Ectoderm Gastd6	151.44	147:ect3
148	148	33.15197119	-0.60582596	1.0599941	ect3	Gastd6	Ectoderm Gastd6	151.44	148:ect3
149	149	33.24992286	-0.7624425	0.8821915	ect3	Gastd6	Ectoderm Gastd6	155.28	149:ect3
150	150	33.33292934	-0.7418122	0.9334941	ect3	Gastd6	Ectoderm Gastd6	154.8	150:ect3
151	151	33.40723652	-0.7921723	0.93142915	ect3	Gastd7	Ectoderm Gastd7	155.52	151:ect3
152	152	33.495987230000004	-0.725926	0.7615162	ect3	Gastd7	Ectoderm Gastd7	158.4	152:ect3
153	153	33.58845288	-0.8738773	0.76491356	ect3	Gastd7	Ectoderm Gastd7	157.68	153:ect3
154	154	33.68465320999999	-0.8990716	0.7101792	ect3	Gastd6	Ectoderm Gastd6	154.56	154:ect3
155	155	33.80476081	-0.9002949	0.37790132	ect3	Gastd7	Ectoderm Gastd7	160.08	155:ect3
156	156	33.909224630000004	-0.78214705	0.46330547	ect3	Gastd7	Ectoderm Gastd7	156.48	156:ect3
157	157	34.02752826	-0.8344799	0.20665844	ect3	Gastd7	Ectoderm Gastd7	157.92	157:ect3
158	158	34.14600081	-0.8921143	0.21713285	ect3	Gastd7	Ectoderm Gastd7	157.92	158:ect3
159	159	34.25998325	-0.9652609	0.25522196	ect3	Gastd7	Ectoderm Gastd7	159.36	159:ect3
160	160	34.38514136	-1.06006	-0.072211266	ect3	Gastd7	Ectoderm Gastd7	162.96	160:ect3
161	161	34.49270508999999	-0.88065207	-0.107560724	ect3	Gastd7	Ectoderm Gastd7	158.16	161:ect3
162	162	34.61644512	-1.1229192	-0.26868787	ect3	Gastd7	Ectoderm Gastd7	162.96	162:ect3
163	163	34.75941429	-1.1055934	-0.29302162	ect3	Gastd7	Ectoderm Gastd7	162.96	163:ect3
164	164	34.91454487	-0.9281575	-0.43805894	ect3	Gastd7	Ectoderm Gastd7	159.84	164:ect3
165	165	35.08125887	-1.0610783	-0.6992823	ect3	Gastd7	Ectoderm Gastd7	162.0	165:ect3
166	166	35.240546689999995	-1.0639726	-0.710688	ect3	Gastd7	Ectoderm Gastd7	165.12	166:ect3
167	167	35.4559679	-0.8583742	-0.9007056	ect3	Gastd7	Ectoderm Gastd7	164.4	167:ect3
168	168	35.70127959	-0.97157013	-1.0434831	ect3	Gastd7	Ectoderm Gastd7	163.92	168:ect3
169	169	36.02049226	-0.846863	-1.0831478	ect3	Gastd7	Ectoderm Gastd7	163.68	169:ect3
170	170	36.97292460416667	-0.44055033	-1.3756882	ect3	Gastd7	Ectoderm Gastd7	164.0	170:ect3
1	1	0.3725373316	11.126464	4.5995846	mes1	mESCs	Pluripotent mESCs	0.0	1:mes1
2	2	0.46334159890000004	11.385221	4.5090275	mes1	mESCs	Pluripotent mESCs	0.0	2:mes1
3	3	0.5417578815	11.454574	4.386492	mes1	mESCs	Pluripotent mESCs	0.0	3:mes1
4	4	0.6055707372000001	11.645337	4.233151	mes1	mESCs	Pluripotent mESCs	0.0	4:mes1
5	5	0.6706454019999998	11.506994	4.3826466	mes1	mESCs	Pluripotent mESCs	0.0	5:mes1
6	6	0.7386451256000002	11.550562	4.3902154	mes1	mESCs	Pluripotent mESCs	0.0	6:mes1
7	7	0.8075167897	11.470323	4.2688046	mes1	mESCs	Pluripotent mESCs	1.68	7:mes1
8	8	0.8892268190999999	11.498241	4.3284016	mes1	mESCs	Pluripotent mESCs	0.0	8:mes1
9	9	0.9661944036	11.29548	4.487218	mes1	mESCs	Pluripotent mESCs	0.0	9:mes1
10	10	1.0492609179999999	11.36153	4.3545885	mes1	mESCs	Pluripotent mESCs	1.44	10:mes1
11	11	1.137803718	11.354447	4.504107	mes1	mESCs	Pluripotent mESCs	1.44	11:mes1
12	12	1.227428264	11.315815	4.5416374	mes1	mESCs	Pluripotent mESCs	0.0	12:mes1
13	13	1.3203625509999997	11.403002	4.5173097	mes1	mESCs	Pluripotent mESCs	0.0	13:mes1
14	14	1.4210018569999996	11.468866	4.455546	mes1	mESCs	Pluripotent mESCs	0.0	14:mes1
15	15	1.5259784980000004	11.281655	4.502635	mes1	mESCs	Pluripotent mESCs	1.68	15:mes1
16	16	1.6214562569999995	11.460884	4.391166	mes1	mESCs	Pluripotent mESCs	1.44	16:mes1
17	17	1.721798215	11.486903	4.175813	mes1	mESCs	Pluripotent mESCs	3.36	17:mes1
18	18	1.816995278	11.476799	4.470221	mes1	mESCs	Pluripotent mESCs	2.64	18:mes1
19	19	1.920784677	11.554338	4.392248	mes1	mESCs	Pluripotent mESCs	0.0	19:mes1
20	20	2.006427672	11.548886	4.3445506	mes1	mESCs	Pluripotent mESCs	0.0	20:mes1
21	21	2.10145923	11.530478	4.4519396	mes1	mESCs	Pluripotent mESCs	0.0	21:mes1
22	22	2.1946430030000004	11.43274	4.47545	mes1	mESCs	Pluripotent mESCs	0.0	22:mes1
23	23	2.3239184020000003	11.602614	4.289101	mes1	mESCs	Pluripotent mESCs	0.0	23:mes1
24	24	2.4696848599999996	11.622875	4.3315663	mes1	mESCs	Pluripotent mESCs	0.0	24:mes1
25	25	2.6109142509999996	11.652009	4.354657	mes1	mESCs	Pluripotent mESCs	1.68	25:mes1
26	26	2.7320748490000004	11.554913	4.2695875	mes1	mESCs	Pluripotent mESCs	0.72	26:mes1
27	27	2.855737008	11.775082	4.2496943	mes1	mESCs	Pluripotent mESCs	0.0	27:mes1
28	28	2.998822895	11.653786	4.283058	mes1	mESCs	Pluripotent mESCs	1.68	28:mes1
29	29	3.1864833550000005	11.6576	4.4459653	mes1	mESCs	Pluripotent mESCs	0.0	29:mes1
30	30	3.335302126	11.74118	4.4125	mes1	mESCs	Pluripotent mESCs	0.0	30:mes1
31	31	3.513640805	11.768203	4.3063445	mes1	mESCs	Pluripotent mESCs	0.0	31:mes1
32	32	3.739240205	11.801035	4.2976055	mes1	mESCs	Pluripotent mESCs	1.2	32:mes1
33	33	3.9936504119999996	11.675153	4.303569	mes1	mESCs	Pluripotent mESCs	1.2	33:mes1
34	34	4.2354350389999995	11.8568535	4.217493	mes1	mESCs	Pluripotent mESCs	0.0	34:mes1
35	35	4.533736216	11.725695	4.132668	mes1	mESCs	Pluripotent mESCs	5.76	35:mes1
36	36	4.955100076	11.760181	4.337682	mes1	mESCs	Pluripotent mESCs	1.44	36:mes1
37	37	5.805180276	11.845388	4.22457	mes1	mESCs	Pluripotent mESCs	0.0	37:mes1
38	38	11.303958404000003	9.567925	4.778676	mes1	mESCs	Pluripotent mESCs	13.44	38:mes1
39	39	21.984440579999998	6.0552607	5.3099084	mes1	Gastd4	Pluripotent Gastd4	97.44	39:mes1
40	40	24.042572319999998	5.3956842	5.552048	mes1	Gastd3	Pluripotent Gastd3	89.52	40:mes1
41	41	24.827564579999994	5.218709	5.6481886	mes1	Gastd3	Pluripotent Gastd3	87.12	41:mes1
42	42	25.358820310000002	5.1977234	5.68313	mes1	Gastd3	Pluripotent Gastd3	86.64	42:mes1
43	43	25.6841592	5.1109753	5.8182063	mes1	Gastd3	Pluripotent Gastd3	85.2	43:mes1
44	44	25.88310912	5.0853953	5.9219193	mes1	Gastd3	Pluripotent Gastd3	79.92	44:mes1
45	45	26.019628559999997	5.1169124	6.069613	mes1	Gastd3	Pluripotent Gastd3	76.8	45:mes1
46	46	26.129302529999997	5.0107784	6.0676775	mes1	Gastd3	Pluripotent Gastd3	79.68	46:mes1
47	47	26.218603150000003	5.074972	6.205128	mes1	Gastd3	Pluripotent Gastd3	77.76	47:mes1
48	48	26.288100099999998	4.9820924	6.165477	mes1	Gastd3	Pluripotent Gastd3	77.04	48:mes1
49	49	26.35606756	4.8652043	6.132617	mes1	Gastd3	Pluripotent Gastd3	79.2	49:mes1
50	50	26.416733269999998	4.830527	6.069139	mes1	Gastd3	Pluripotent Gastd3	78.24	50:mes1
51	51	26.474303560000003	4.830387	6.2448354	mes1	Gastd3	Pluripotent Gastd3	76.8	51:mes1
52	52	26.525998010000002	4.7510357	6.283523	mes1	Gastd3	Pluripotent Gastd3	76.56	52:mes1
53	53	26.582701739999997	4.6940894	6.149179	mes1	Gastd3	Pluripotent Gastd3	78.0	53:mes1
54	54	26.634930479999994	4.5483418	6.297968	mes1	Gastd3	Pluripotent Gastd3	78.96	54:mes1
55	55	26.680810219999998	4.539983	6.328543	mes1	Gastd3	Pluripotent Gastd3	77.76	55:mes1
56	56	26.72971819	4.396428	6.1436586	mes1	Gastd3	Pluripotent Gastd3	80.64	56:mes1
57	57	26.78601156	4.398222	6.2166142	mes1	Gastd3	Pluripotent Gastd3	80.16	57:mes1
58	58	26.836878079999998	4.42581	6.1201696	mes1	Gastd3	Pluripotent Gastd3	76.56	58:mes1
59	59	26.886650660000004	4.385638	6.127106	mes1	Gastd3	Pluripotent Gastd3	81.6	59:mes1
60	60	26.93637331	4.2705894	6.2345476	mes1	Gastd3	Pluripotent Gastd3	78.96	60:mes1
61	61	26.990250469999996	4.192255	6.2109704	mes1	Gastd3	Pluripotent Gastd3	80.88	61:mes1
62	62	27.04714134	4.0321126	6.206417	mes1	Gastd3	Pluripotent Gastd3	81.12	62:mes1
63	63	27.11535974	4.1216655	6.142041	mes1	Gastd3	Pluripotent Gastd3	80.4	63:mes1
64	64	27.18381022	3.984251	6.162018	mes1	Gastd3	Pluripotent Gastd3	81.6	64:mes1
65	65	27.261325550000002	3.968669	6.2536225	mes1	Gastd3	Pluripotent Gastd3	82.56	65:mes1
66	66	27.34309157	3.7466438	6.026735	mes1	Gastd4	Pluripotent Gastd4	88.32	66:mes1
67	67	27.427433099999995	3.5369859	6.0770397	mes1	Gastd4	Pluripotent Gastd4	89.04	67:mes1
68	68	27.54224924	3.4951117	6.0104656	mes1	Gastd4	Pluripotent Gastd4	88.8	68:mes1
69	69	27.639616359999994	3.2463858	5.9137993	mes1	Gastd4	Pluripotent Gastd4	91.44	69:mes1
70	70	27.76464598	3.0550504	5.9698772	mes1	Gastd4	Pluripotent Gastd4	95.28	70:mes1
71	71	27.8781255	3.009735	5.8035655	mes1	Gastd4	Pluripotent Gastd4	97.2	71:mes1
72	72	27.981791259999994	3.0567503	5.8625364	mes1	Gastd4	Pluripotent Gastd4	95.28	72:mes1
73	73	28.08571248	2.876404	5.8137703	mes1	Gastd4	Pluripotent Gastd4	97.68	73:mes1
74	74	28.17170517	2.8671927	5.6701727	mes1	Gastd4	Pluripotent Gastd4	98.64	74:mes1
75	75	28.24793418	2.826259	5.9640923	mes1	Gastd4	Pluripotent Gastd4	96.72	75:mes1
76	76	28.31324739	2.7793517	5.8861756	mes1	Gastd4	Pluripotent Gastd4	98.64	76:mes1
77	77	28.37434398	2.7808378	5.863584	mes1	Gastd4	Pluripotent Gastd4	98.4	77:mes1
78	78	28.4300954	2.7066464	5.6400585	mes1	Gastd4	Pluripotent Gastd4	96.72	78:mes1
79	79	28.47517246	2.612408	5.5754566	mes1	Gastd4	Pluripotent Gastd4	97.44	79:mes1
80	80	28.520156020000005	2.6697488	5.685652	mes1	Gastd4	Pluripotent Gastd4	96.72	80:mes1
81	81	28.55692044	2.5754426	5.824811	mes1	Gastd4	Pluripotent Gastd4	98.4	81:mes1
82	82	28.5903297	2.6330068	5.7907786	mes1	Gastd4	Pluripotent Gastd4	98.16	82:mes1
83	83	28.62537808	2.430436	5.756783	mes1	Gastd4	Pluripotent Gastd4	100.08	83:mes1
84	84	28.663690469999995	2.4675343	5.92363	mes1	Gastd4	Pluripotent Gastd4	98.4	84:mes1
85	85	28.703791819999996	2.5286825	5.8647943	mes1	Gastd4	Pluripotent Gastd4	97.44	85:mes1
86	86	28.74041867	2.3187678	5.721832	mes1	Gastd4	Pluripotent Gastd4	99.12	86:mes1
87	87	28.783452650000008	2.507533	6.0230556	mes1	Gastd4	Pluripotent Gastd4	96.96	87:mes1
88	88	28.820709249999997	2.4393797	5.71966	mes1	Gastd4	Pluripotent Gastd4	97.68	88:mes1
89	89	28.8603044	2.4119565	5.790942	mes1	Gastd4	Pluripotent Gastd4	96.96	89:mes1
90	90	28.903272620000003	2.2761538	5.76644	mes1	Gastd4	Pluripotent Gastd4	98.64	90:mes1
91	91	28.944097839999998	2.2187579	5.6721797	mes1	Gastd4	Pluripotent Gastd4	97.68	91:mes1
92	92	28.98308175	2.2267904	5.9600806	mes1	Gastd4	Pluripotent Gastd4	99.12	92:mes1
93	93	29.024135139999995	2.190676	5.953628	mes1	Gastd4	Pluripotent Gastd4	99.36	93:mes1
94	94	29.060963500000003	2.1346118	5.9178905	mes1	Gastd4	Pluripotent Gastd4	97.92	94:mes1
95	95	29.09917782	2.1875124	5.9350743	mes1	Gastd4	Pluripotent Gastd4	97.68	95:mes1
96	96	29.144952879999995	2.0587835	5.930105	mes1	Gastd4	Pluripotent Gastd4	98.16	96:mes1
97	97	29.19315308	2.0284264	6.443713	mes1	Gastd4	Pluripotent Gastd4	98.4	97:mes1
98	98	29.240191010000004	1.9342949	6.054631	mes1	Gastd4	Pluripotent Gastd4	100.08	98:mes1
99	99	29.285532040000003	1.9658161	6.1062036	mes1	Gastd4	Pluripotent Gastd4	99.6	99:mes1
100	100	29.33778377	1.7509955	6.213003	mes1	Gastd4	Pluripotent Gastd4	99.84	100:mes1
101	101	29.401494120000002	1.7609532	6.0524573	mes1	Gastd4	Pluripotent Gastd4	101.04	101:mes1
102	102	29.45911652	1.8279954	6.4219246	mes1	Gastd4	Pluripotent Gastd4	100.56	102:mes1
103	103	29.521743279999995	1.6382079	6.5467463	mes1	Gastd4	Pluripotent Gastd4	100.8	103:mes1
104	104	29.59994228	1.5111434	6.7811937	mes1	Gastd4	Mesoderm Gastd4	102.24	104:mes1
105	105	29.671707429999998	1.4609894	6.751666	mes1	Gastd4	Mesoderm Gastd4	107.52	105:mes1
106	106	29.741043949999998	1.4032959	6.9457426	mes1	Gastd4	Mesoderm Gastd4	102.96	106:mes1
107	107	29.816250809999996	1.3379855	7.2419176	mes1	Gastd4	Mesoderm Gastd4	103.44	107:mes1
108	108	29.888122279999997	1.3432605	7.307391	mes1	Gastd4	Mesoderm Gastd4	106.08	108:mes1
109	109	29.967284609999997	1.1671907	7.4328356	mes1	Gastd4	Mesoderm Gastd4	106.8	109:mes1
110	110	30.04271705	1.0421813	7.58553	mes1	Gastd4	Mesoderm Gastd4	107.52	110:mes1
111	111	30.115246990000006	1.1000397	7.839007	mes1	Gastd4	Mesoderm Gastd4	105.36	111:mes1
112	112	30.204136300000005	1.1832051	8.069618	mes1	Gastd4	Mesoderm Gastd4	104.64	112:mes1
113	113	30.295153569999997	1.0075446	7.9966774	mes1	Gastd4	Mesoderm Gastd4	108.0	113:mes1
114	114	30.385331369999996	0.9410592	8.026038	mes1	Gastd4	Mesoderm Gastd4	106.08	114:mes1
115	115	30.46796835	0.959411	8.342805	mes1	Gastd4	Mesoderm Gastd4	102.96	115:mes1
116	116	30.57001009	0.8951654	8.434864	mes1	Gastd4	Mesoderm Gastd4	105.36	116:mes1
117	117	30.696650079999994	1.1500633	8.593695	mes1	Gastd4	Mesoderm Gastd4	103.92	117:mes1
118	118	30.819904879999996	1.178706	8.760842	mes1	Gastd4	Mesoderm Gastd4	104.88	118:mes1
119	119	30.978970520000008	1.206412	9.019245	mes1	Gastd4	Mesoderm Gastd4	107.76	119:mes1
120	120	31.150361290000006	1.0958881	8.912448	mes1	Gastd4	Mesoderm Gastd4	111.6	120:mes1
121	121	31.338885200000007	0.99547124	8.978411	mes1	Gastd5	Mesoderm Gastd4	114.24	121:mes1
122	122	31.5727447	1.2335738	9.183408	mes1	Gastd4	Mesoderm Gastd4	113.52	122:mes1
123	123	31.880741779999997	0.84097975	9.181516	mes1	Gastd5	Mesoderm Gastd5	116.64	123:mes1
124	124	32.28318887	0.38849297	9.711037	mes1	Gastd5	Mesoderm Gastd5	124.8	124:mes1
125	125	32.72094545	0.29352438	9.695057	mes1	Gastd5	Mesoderm Gastd5	130.32	125:mes1
126	126	33.104552270000006	0.021887193	10.158274	mes1	Gastd5	Mesoderm Gastd5	131.28	126:mes1
127	127	33.43679184	-0.21718365	10.636669	mes1	Gastd5	Mesoderm Gastd5	137.04	127:mes1
128	128	33.77159013000001	-0.8272202	10.598861	mes1	Gastd5	Mesoderm Gastd5	130.32	128:mes1
129	129	34.112866069999995	-0.97899467	10.537017	mes1	Gastd5	Mesoderm Gastd5	132.0	129:mes1
130	130	34.53278762	-1.3829257	10.795119	mes1	Gastd6	Mesoderm Gastd6	137.28	130:mes1
131	131	34.900385480000004	-1.6245216	10.923489	mes1	Gastd6	Mesoderm Gastd6	141.6	131:mes1
132	132	35.39535851	-1.7786626	11.14371	mes1	Gastd6	Mesoderm Gastd6	146.64	132:mes1
133	133	36.11960786000001	-2.1128356	11.497346	mes1	Gastd6	Mesoderm Gastd6	153.84	133:mes1
1	1	0.3725373316	11.126464	4.5995846	mes2	mESCs	Pluripotent mESCs	0.0	1:mes2
2	2	0.46334159890000004	11.385221	4.5090275	mes2	mESCs	Pluripotent mESCs	0.0	2:mes2
3	3	0.5417578815	11.454574	4.386492	mes2	mESCs	Pluripotent mESCs	0.0	3:mes2
4	4	0.6055707372000001	11.645337	4.233151	mes2	mESCs	Pluripotent mESCs	0.0	4:mes2
5	5	0.6706454019999998	11.506994	4.3826466	mes2	mESCs	Pluripotent mESCs	0.0	5:mes2
6	6	0.7386451256000002	11.550562	4.3902154	mes2	mESCs	Pluripotent mESCs	0.0	6:mes2
7	7	0.8075167897	11.470323	4.2688046	mes2	mESCs	Pluripotent mESCs	1.68	7:mes2
8	8	0.8892268190999999	11.498241	4.3284016	mes2	mESCs	Pluripotent mESCs	0.0	8:mes2
9	9	0.9661944036	11.29548	4.487218	mes2	mESCs	Pluripotent mESCs	0.0	9:mes2
10	10	1.0492609179999999	11.36153	4.3545885	mes2	mESCs	Pluripotent mESCs	1.44	10:mes2
11	11	1.137803718	11.354447	4.504107	mes2	mESCs	Pluripotent mESCs	1.44	11:mes2
12	12	1.227428264	11.315815	4.5416374	mes2	mESCs	Pluripotent mESCs	0.0	12:mes2
13	13	1.3203625509999997	11.403002	4.5173097	mes2	mESCs	Pluripotent mESCs	0.0	13:mes2
14	14	1.4210018569999996	11.468866	4.455546	mes2	mESCs	Pluripotent mESCs	0.0	14:mes2
15	15	1.5259784980000004	11.281655	4.502635	mes2	mESCs	Pluripotent mESCs	1.68	15:mes2
16	16	1.6214562569999995	11.460884	4.391166	mes2	mESCs	Pluripotent mESCs	1.44	16:mes2
17	17	1.721798215	11.486903	4.175813	mes2	mESCs	Pluripotent mESCs	3.36	17:mes2
18	18	1.816995278	11.476799	4.470221	mes2	mESCs	Pluripotent mESCs	2.64	18:mes2
19	19	1.920784677	11.554338	4.392248	mes2	mESCs	Pluripotent mESCs	0.0	19:mes2
20	20	2.006427672	11.548886	4.3445506	mes2	mESCs	Pluripotent mESCs	0.0	20:mes2
21	21	2.10145923	11.530478	4.4519396	mes2	mESCs	Pluripotent mESCs	0.0	21:mes2
22	22	2.1946430030000004	11.43274	4.47545	mes2	mESCs	Pluripotent mESCs	0.0	22:mes2
23	23	2.3239184020000003	11.602614	4.289101	mes2	mESCs	Pluripotent mESCs	0.0	23:mes2
24	24	2.4696848599999996	11.622875	4.3315663	mes2	mESCs	Pluripotent mESCs	0.0	24:mes2
25	25	2.6109142509999996	11.652009	4.354657	mes2	mESCs	Pluripotent mESCs	1.68	25:mes2
26	26	2.7320748490000004	11.554913	4.2695875	mes2	mESCs	Pluripotent mESCs	0.72	26:mes2
27	27	2.855737008	11.775082	4.2496943	mes2	mESCs	Pluripotent mESCs	0.0	27:mes2
28	28	2.998822895	11.653786	4.283058	mes2	mESCs	Pluripotent mESCs	1.68	28:mes2
29	29	3.1864833550000005	11.6576	4.4459653	mes2	mESCs	Pluripotent mESCs	0.0	29:mes2
30	30	3.335302126	11.74118	4.4125	mes2	mESCs	Pluripotent mESCs	0.0	30:mes2
31	31	3.513640805	11.768203	4.3063445	mes2	mESCs	Pluripotent mESCs	0.0	31:mes2
32	32	3.739240205	11.801035	4.2976055	mes2	mESCs	Pluripotent mESCs	1.2	32:mes2
33	33	3.9936504119999996	11.675153	4.303569	mes2	mESCs	Pluripotent mESCs	1.2	33:mes2
34	34	4.2354350389999995	11.8568535	4.217493	mes2	mESCs	Pluripotent mESCs	0.0	34:mes2
35	35	4.533736216	11.725695	4.132668	mes2	mESCs	Pluripotent mESCs	5.76	35:mes2
36	36	4.955100076	11.760181	4.337682	mes2	mESCs	Pluripotent mESCs	1.44	36:mes2
37	37	5.805180276	11.845388	4.22457	mes2	mESCs	Pluripotent mESCs	0.0	37:mes2
38	38	11.303958404000003	9.567925	4.778676	mes2	mESCs	Pluripotent mESCs	13.44	38:mes2
39	39	21.984440579999998	6.0552607	5.3099084	mes2	Gastd4	Pluripotent Gastd4	97.44	39:mes2
40	40	24.042572319999998	5.3956842	5.552048	mes2	Gastd3	Pluripotent Gastd3	89.52	40:mes2
41	41	24.827564579999994	5.218709	5.6481886	mes2	Gastd3	Pluripotent Gastd3	87.12	41:mes2
42	42	25.358820310000002	5.1977234	5.68313	mes2	Gastd3	Pluripotent Gastd3	86.64	42:mes2
43	43	25.6841592	5.1109753	5.8182063	mes2	Gastd3	Pluripotent Gastd3	85.2	43:mes2
44	44	25.88310912	5.0853953	5.9219193	mes2	Gastd3	Pluripotent Gastd3	79.92	44:mes2
45	45	26.019628559999997	5.1169124	6.069613	mes2	Gastd3	Pluripotent Gastd3	76.8	45:mes2
46	46	26.129302529999997	5.0107784	6.0676775	mes2	Gastd3	Pluripotent Gastd3	79.68	46:mes2
47	47	26.218830080000004	5.0993104	6.1709523	mes2	Gastd3	Pluripotent Gastd3	77.52	47:mes2
48	48	26.289330340000003	5.023256	6.122531	mes2	Gastd3	Pluripotent Gastd3	76.08	48:mes2
49	49	26.357550850000006	4.8863716	6.10325	mes2	Gastd3	Pluripotent Gastd3	78.72	49:mes2
50	50	26.418509199999995	4.84282	6.075507	mes2	Gastd3	Pluripotent Gastd3	78.24	50:mes2
51	51	26.475983470000003	4.8389344	6.2529426	mes2	Gastd3	Pluripotent Gastd3	76.8	51:mes2
52	52	26.527512319999996	4.756786	6.267656	mes2	Gastd3	Pluripotent Gastd3	76.56	52:mes2
53	53	26.584516659999995	4.6984997	6.1522717	mes2	Gastd3	Pluripotent Gastd3	77.76	53:mes2
54	54	26.636340169999997	4.5565104	6.258993	mes2	Gastd3	Pluripotent Gastd3	79.2	54:mes2
55	55	26.682623150000005	4.537257	6.3106775	mes2	Gastd3	Pluripotent Gastd3	78.72	55:mes2
56	56	26.731941900000002	4.446455	6.1205683	mes2	Gastd3	Pluripotent Gastd3	79.2	56:mes2
57	57	26.78833149	4.3972244	6.195681	mes2	Gastd3	Pluripotent Gastd3	79.68	57:mes2
58	58	26.83885529	4.409141	6.1100836	mes2	Gastd3	Pluripotent Gastd3	76.8	58:mes2
59	59	26.88866794000001	4.361973	6.1361804	mes2	Gastd3	Pluripotent Gastd3	81.84	59:mes2
60	60	26.93855407	4.2767086	6.2440248	mes2	Gastd3	Pluripotent Gastd3	78.24	60:mes2
61	61	26.992212650000003	4.1754537	6.223323	mes2	Gastd3	Pluripotent Gastd3	80.4	61:mes2
62	62	27.050981660000005	4.0858245	6.1863346	mes2	Gastd3	Pluripotent Gastd3	80.4	62:mes2
63	63	27.119282179999995	4.1385865	6.136999	mes2	Gastd3	Pluripotent Gastd3	80.4	63:mes2
64	64	27.18798488	3.9881458	6.134574	mes2	Gastd3	Pluripotent Gastd3	81.36	64:mes2
65	65	27.26501432	3.8921695	6.2269044	mes2	Gastd3	Pluripotent Gastd3	84.24	65:mes2
66	66	27.344644900000002	3.6143613	6.100416	mes2	Gastd4	Pluripotent Gastd4	90.24	66:mes2
67	67	27.427932849999994	3.4965115	6.0663233	mes2	Gastd4	Pluripotent Gastd4	90.0	67:mes2
68	68	27.541678150000006	3.4866595	6.019598	mes2	Gastd4	Pluripotent Gastd4	89.28	68:mes2
69	69	27.637399679999994	3.1682458	5.984177	mes2	Gastd4	Pluripotent Gastd4	92.88	69:mes2
70	70	27.757913579999993	3.039957	5.8853884	mes2	Gastd4	Pluripotent Gastd4	95.04	70:mes2
71	71	27.873275040000003	3.0779157	5.74452	mes2	Gastd4	Pluripotent Gastd4	96.0	71:mes2
72	72	27.976525900000002	2.8822405	5.809744	mes2	Gastd4	Pluripotent Gastd4	98.4	72:mes2
73	73	28.079279980000003	2.8617034	5.803578	mes2	Gastd4	Pluripotent Gastd4	97.92	73:mes2
74	74	28.166195700000003	2.772596	5.740579	mes2	Gastd4	Pluripotent Gastd4	99.84	74:mes2
75	75	28.239941159999997	2.735398	5.9868355	mes2	Gastd4	Pluripotent Gastd4	98.16	75:mes2
76	76	28.306032499999997	2.741976	5.8608284	mes2	Gastd4	Pluripotent Gastd4	99.12	76:mes2
77	77	28.366593130000002	2.7197487	5.9411926	mes2	Gastd4	Pluripotent Gastd4	99.84	77:mes2
78	78	28.422505769999997	2.6509142	5.625397	mes2	Gastd4	Pluripotent Gastd4	98.4	78:mes2
79	79	28.46747742	2.4721606	5.6780853	mes2	Gastd4	Pluripotent Gastd4	98.88	79:mes2
80	80	28.512979220000002	2.6619873	5.658855	mes2	Gastd4	Pluripotent Gastd4	97.2	80:mes2
81	81	28.55020837	2.6200628	5.7981596	mes2	Gastd4	Pluripotent Gastd4	98.16	81:mes2
82	82	28.58449061	2.5853024	5.8078814	mes2	Gastd4	Pluripotent Gastd4	99.6	82:mes2
83	83	28.617988540000006	2.3609695	5.842973	mes2	Gastd4	Pluripotent Gastd4	101.28	83:mes2
84	84	28.65591093	2.497055	5.8215947	mes2	Gastd4	Pluripotent Gastd4	97.68	84:mes2
85	85	28.695839569999997	2.5283842	5.8889046	mes2	Gastd4	Pluripotent Gastd4	97.2	85:mes2
86	86	28.73301348	2.2879205	5.70209	mes2	Gastd4	Pluripotent Gastd4	99.84	86:mes2
87	87	28.774642789999998	2.480824	5.9325104	mes2	Gastd4	Pluripotent Gastd4	97.68	87:mes2
88	88	28.81369735	2.386343	5.739071	mes2	Gastd4	Pluripotent Gastd4	98.88	88:mes2
89	89	28.851071019999996	2.3261573	5.8888636	mes2	Gastd4	Pluripotent Gastd4	98.16	89:mes2
90	90	28.89290656	2.2418103	5.7950983	mes2	Gastd4	Pluripotent Gastd4	99.36	90:mes2
91	91	28.93342947	2.252834	5.7131395	mes2	Gastd4	Pluripotent Gastd4	98.4	91:mes2
92	92	28.972576900000004	2.2536767	5.8368254	mes2	Gastd4	Pluripotent Gastd4	98.16	92:mes2
93	93	29.014216339999994	2.184629	5.9243774	mes2	Gastd4	Pluripotent Gastd4	100.08	93:mes2
94	94	29.05256578	2.1127937	5.919206	mes2	Gastd4	Pluripotent Gastd4	98.64	94:mes2
95	95	29.08938726	2.1431437	5.948246	mes2	Gastd4	Pluripotent Gastd4	99.6	95:mes2
96	96	29.132442050000005	2.0584872	5.80929	mes2	Gastd4	Pluripotent Gastd4	98.16	96:mes2
97	97	29.18329048	2.0248594	6.1656184	mes2	Gastd4	Pluripotent Gastd4	98.88	97:mes2
98	98	29.229985069999998	1.8905766	6.1324925	mes2	Gastd4	Pluripotent Gastd4	100.8	98:mes2
99	99	29.274877339999993	1.924143	6.013622	mes2	Gastd4	Pluripotent Gastd4	99.84	99:mes2
100	100	29.3264469	1.7131702	6.1852736	mes2	Gastd4	Pluripotent Gastd4	101.28	100:mes2
101	101	29.3846821	1.6723163	6.0662174	mes2	Gastd4	Pluripotent Gastd4	102.72	101:mes2
102	102	29.445218009999998	1.7708256	6.2668614	mes2	Gastd4	Pluripotent Gastd4	101.76	102:mes2
103	103	29.5040589	1.5364844	6.411188	mes2	Gastd4	Pluripotent Gastd4	103.44	103:mes2
104	104	29.581882689999997	1.4424903	6.8058863	mes2	Gastd4	Mesoderm Gastd4	102.0	104:mes2
105	105	29.652325129999998	1.3557668	6.7253394	mes2	Gastd4	Mesoderm Gastd4	109.68	105:mes2
106	106	29.72239159	1.3745106	6.8616643	mes2	Gastd4	Mesoderm Gastd4	105.12	106:mes2
107	107	29.799994960000006	1.2537317	6.99909	mes2	Gastd4	Mesoderm Gastd4	104.88	107:mes2
108	108	29.87503132	1.081142	7.0536385	mes2	Gastd4	Mesoderm Gastd4	110.4	108:mes2
109	109	29.950113849999994	1.1077837	7.2603316	mes2	Gastd4	Mesoderm Gastd4	107.04	109:mes2
110	110	30.02866537	0.9250036	7.4143944	mes2	Gastd4	Mesoderm Gastd4	109.68	110:mes2
111	111	30.102287999999998	0.9092614	7.7132573	mes2	Gastd4	Mesoderm Gastd4	106.56	111:mes2
112	112	30.191922690000006	0.85943305	7.701977	mes2	Gastd4	Mesoderm Gastd4	108.48	112:mes2
113	113	30.28917922	0.68393934	7.7182374	mes2	Gastd5	Mesoderm Gastd5	110.88	113:mes2
114	114	30.38441743	0.71219015	7.684017	mes2	Gastd4	Mesoderm Gastd4	109.44	114:mes2
115	115	30.46917287	0.57748616	7.883451	mes2	Gastd4	Mesoderm Gastd4	108.96	115:mes2
116	116	30.57513597	0.40101975	7.8191247	mes2	Gastd4	Mesoderm Gastd4	112.56	116:mes2
117	117	30.706219749999995	0.22195671	7.565088	mes2	Gastd4	Mesoderm Gastd4	116.64	117:mes2
118	118	30.8435131	-0.15908535	7.4728255	mes2	Gastd5	Mesoderm Gastd5	120.72	118:mes2
119	119	31.00045688	-0.3944224	7.5504107	mes2	Gastd5	Mesoderm Gastd5	123.84	119:mes2
120	120	31.14213395	-0.5635152	7.200664	mes2	Gastd5	Mesoderm Gastd5	128.64	120:mes2
121	121	31.266816750000004	-1.0081348	7.1951113	mes2	Gastd5	Mesoderm Gastd5	130.08	121:mes2
122	122	31.399491670000003	-0.9182409	7.1376553	mes2	Gastd5	Mesoderm Gastd5	131.52	122:mes2
123	123	31.51875102	-1.1865494	7.231	mes2	Gastd5	Mesoderm Gastd5	132.96	123:mes2
124	124	31.628085090000003	-1.3875772	7.1312366	mes2	Gastd5	Mesoderm Gastd5	133.44	124:mes2
125	125	31.73853596	-1.3429979	7.1528535	mes2	Gastd5	Mesoderm Gastd5	134.64	125:mes2
126	126	31.84122339	-1.3226159	6.9593263	mes2	Gastd5	Mesoderm Gastd5	132.0	126:mes2
127	127	31.931371710000004	-1.6123685	7.1263885	mes2	Gastd6	Mesoderm Gastd6	136.32	127:mes2
128	128	32.037774309999996	-1.5138144	7.179176	mes2	Gastd6	Mesoderm Gastd6	136.56	128:mes2
129	129	32.13400239	-1.5487032	7.4362917	mes2	Gastd5	Mesoderm Gastd5	129.6	129:mes2
130	130	32.246608810000005	-1.6988301	7.489132	mes2	Gastd5	Mesoderm Gastd5	133.44	130:mes2
131	131	32.33410316	-1.8758476	7.538355	mes2	Gastd5	Mesoderm Gastd5	133.92	131:mes2
132	132	32.43061639	-1.8877194	7.850771	mes2	Gastd5	Mesoderm Gastd5	132.72	132:mes2
133	133	32.527666839999995	-1.92178	7.6423006	mes2	Gastd5	Mesoderm Gastd5	133.92	133:mes2
134	134	32.61054813	-1.8166858	7.8104568	mes2	Gastd5	Mesoderm Gastd5	133.68	134:mes2
135	135	32.692157730000005	-2.0096624	7.7530913	mes2	Gastd5	Mesoderm Gastd5	134.88	135:mes2
136	136	32.77839016	-2.173339	7.859255	mes2	Gastd5	Mesoderm Gastd5	137.04	136:mes2
137	137	32.86339196000001	-2.275356	7.9008846	mes2	Gastd5	Mesoderm Gastd5	135.6	137:mes2
138	138	32.93872546	-2.32745	8.105146	mes2	Gastd5	Mesoderm Gastd5	137.28	138:mes2
139	139	33.017856789999996	-2.263647	8.166001	mes2	Gastd5	Mesoderm Gastd5	137.52	139:mes2
140	140	33.096540669999996	-2.4064045	7.8035693	mes2	Gastd6	Mesoderm Gastd6	140.4	140:mes2
141	141	33.162543510000006	-2.3807955	7.8872814	mes2	Gastd5	Mesoderm Gastd5	140.16	141:mes2
142	142	33.22503984	-2.4988015	8.251219	mes2	Gastd5	Mesoderm Gastd5	138.96	142:mes2
143	143	33.29556162	-2.3622937	8.268416	mes2	Gastd5	Mesoderm Gastd5	138.72	143:mes2
144	144	33.36199272	-2.5796244	8.169179	mes2	Gastd6	Mesoderm Gastd6	144.24	144:mes2
145	145	33.44293146	-2.4716024	8.284888	mes2	Gastd5	Mesoderm Gastd5	137.76	145:mes2
146	146	33.51403739	-2.7173102	8.462505	mes2	Gastd6	Mesoderm Gastd6	142.8	146:mes2
147	147	33.58453911000001	-2.6730268	8.547471	mes2	Gastd6	Mesoderm Gastd6	140.88	147:mes2
148	148	33.651274869999995	-2.659392	8.519659	mes2	Gastd6	Mesoderm Gastd6	141.84	148:mes2
149	149	33.714114370000004	-2.7821379	8.628947	mes2	Gastd5	Mesoderm Gastd5	140.64	149:mes2
150	150	33.78174885	-2.8871188	8.363681	mes2	Gastd6	Mesoderm Gastd6	144.72	150:mes2
151	151	33.85197823	-2.8922443	8.416973	mes2	Gastd6	Mesoderm Gastd6	147.84	151:mes2
152	152	33.93154947000001	-2.9160058	8.607035	mes2	Gastd6	Mesoderm Gastd6	146.64	152:mes2
153	153	34.00426514	-2.9379632	8.464789	mes2	Gastd7	Mesoderm Gastd7	149.76	153:mes2
154	154	34.087461520000005	-3.0397809	8.379184	mes2	Gastd7	Mesoderm Gastd7	149.04	154:mes2
155	155	34.173462750000006	-3.1665661	8.640803	mes2	Gastd7	Mesoderm Gastd7	152.4	155:mes2
156	156	34.26219654	-3.1023724	8.744767	mes2	Gastd6	Mesoderm Gastd6	150.96	156:mes2
157	157	34.35518037999999	-3.2444632	8.571408	mes2	Gastd7	Mesoderm Gastd7	153.6	157:mes2
158	158	34.440958640000005	-3.3166976	8.842359	mes2	Gastd7	Mesoderm Gastd7	153.6	158:mes2
159	159	34.55122099	-3.4856553	8.917523	mes2	Gastd7	Mesoderm Gastd7	155.52	159:mes2
160	160	34.678811270000004	-3.5846543	8.674275	mes2	Gastd7	Mesoderm Gastd7	159.36	160:mes2
161	161	34.80294859999999	-3.5274673	8.982372	mes2	Gastd7	Mesoderm Gastd7	157.68	161:mes2
162	162	34.96131711	-3.4598408	9.037916	mes2	Gastd7	Mesoderm Gastd7	157.44	162:mes2
163	163	35.136830059999994	-3.7986405	9.11167	mes2	Gastd7	Mesoderm Gastd7	162.24	163:mes2
164	164	35.35451758	-3.8895211	9.187145	mes2	Gastd7	Mesoderm Gastd7	162.96	164:mes2
165	165	35.85110705050505	-3.908498	9.139391	mes2	Gastd7	Mesoderm Gastd7	164.84848484848484	165:mes2
1	1	0.3725373316	11.126464	4.5995846	mes3	mESCs	Pluripotent mESCs	0.0	1:mes3
2	2	0.46334159890000004	11.385221	4.5090275	mes3	mESCs	Pluripotent mESCs	0.0	2:mes3
3	3	0.5417578815	11.454574	4.386492	mes3	mESCs	Pluripotent mESCs	0.0	3:mes3
4	4	0.6055707372000001	11.645337	4.233151	mes3	mESCs	Pluripotent mESCs	0.0	4:mes3
5	5	0.6706454019999998	11.506994	4.3826466	mes3	mESCs	Pluripotent mESCs	0.0	5:mes3
6	6	0.7386451256000002	11.550562	4.3902154	mes3	mESCs	Pluripotent mESCs	0.0	6:mes3
7	7	0.8075167897	11.470323	4.2688046	mes3	mESCs	Pluripotent mESCs	1.68	7:mes3
8	8	0.8892268190999999	11.498241	4.3284016	mes3	mESCs	Pluripotent mESCs	0.0	8:mes3
9	9	0.9661944036	11.29548	4.487218	mes3	mESCs	Pluripotent mESCs	0.0	9:mes3
10	10	1.0492609179999999	11.36153	4.3545885	mes3	mESCs	Pluripotent mESCs	1.44	10:mes3
11	11	1.137803718	11.354447	4.504107	mes3	mESCs	Pluripotent mESCs	1.44	11:mes3
12	12	1.227428264	11.315815	4.5416374	mes3	mESCs	Pluripotent mESCs	0.0	12:mes3
13	13	1.3203625509999997	11.403002	4.5173097	mes3	mESCs	Pluripotent mESCs	0.0	13:mes3
14	14	1.4210018569999996	11.468866	4.455546	mes3	mESCs	Pluripotent mESCs	0.0	14:mes3
15	15	1.5259784980000004	11.281655	4.502635	mes3	mESCs	Pluripotent mESCs	1.68	15:mes3
16	16	1.6214562569999995	11.460884	4.391166	mes3	mESCs	Pluripotent mESCs	1.44	16:mes3
17	17	1.721798215	11.486903	4.175813	mes3	mESCs	Pluripotent mESCs	3.36	17:mes3
18	18	1.816995278	11.476799	4.470221	mes3	mESCs	Pluripotent mESCs	2.64	18:mes3
19	19	1.920784677	11.554338	4.392248	mes3	mESCs	Pluripotent mESCs	0.0	19:mes3
20	20	2.006427672	11.548886	4.3445506	mes3	mESCs	Pluripotent mESCs	0.0	20:mes3
21	21	2.10145923	11.530478	4.4519396	mes3	mESCs	Pluripotent mESCs	0.0	21:mes3
22	22	2.1946430030000004	11.43274	4.47545	mes3	mESCs	Pluripotent mESCs	0.0	22:mes3
23	23	2.3239184020000003	11.602614	4.289101	mes3	mESCs	Pluripotent mESCs	0.0	23:mes3
24	24	2.4696848599999996	11.622875	4.3315663	mes3	mESCs	Pluripotent mESCs	0.0	24:mes3
25	25	2.6109142509999996	11.652009	4.354657	mes3	mESCs	Pluripotent mESCs	1.68	25:mes3
26	26	2.7320748490000004	11.554913	4.2695875	mes3	mESCs	Pluripotent mESCs	0.72	26:mes3
27	27	2.855737008	11.775082	4.2496943	mes3	mESCs	Pluripotent mESCs	0.0	27:mes3
28	28	2.998822895	11.653786	4.283058	mes3	mESCs	Pluripotent mESCs	1.68	28:mes3
29	29	3.1864833550000005	11.6576	4.4459653	mes3	mESCs	Pluripotent mESCs	0.0	29:mes3
30	30	3.335302126	11.74118	4.4125	mes3	mESCs	Pluripotent mESCs	0.0	30:mes3
31	31	3.513640805	11.768203	4.3063445	mes3	mESCs	Pluripotent mESCs	0.0	31:mes3
32	32	3.739240205	11.801035	4.2976055	mes3	mESCs	Pluripotent mESCs	1.2	32:mes3
33	33	3.9936504119999996	11.675153	4.303569	mes3	mESCs	Pluripotent mESCs	1.2	33:mes3
34	34	4.2354350389999995	11.8568535	4.217493	mes3	mESCs	Pluripotent mESCs	0.0	34:mes3
35	35	4.533736216	11.725695	4.132668	mes3	mESCs	Pluripotent mESCs	5.76	35:mes3
36	36	4.955100076	11.760181	4.337682	mes3	mESCs	Pluripotent mESCs	1.44	36:mes3
37	37	5.805180276	11.845388	4.22457	mes3	mESCs	Pluripotent mESCs	0.0	37:mes3
38	38	11.303958404000003	9.567925	4.778676	mes3	mESCs	Pluripotent mESCs	13.44	38:mes3
39	39	21.984440579999998	6.0552607	5.3099084	mes3	Gastd4	Pluripotent Gastd4	97.44	39:mes3
40	40	24.042572319999998	5.3956842	5.552048	mes3	Gastd3	Pluripotent Gastd3	89.52	40:mes3
41	41	24.827564579999994	5.218709	5.6481886	mes3	Gastd3	Pluripotent Gastd3	87.12	41:mes3
42	42	25.358820310000002	5.1977234	5.68313	mes3	Gastd3	Pluripotent Gastd3	86.64	42:mes3
43	43	25.6841592	5.1109753	5.8182063	mes3	Gastd3	Pluripotent Gastd3	85.2	43:mes3
44	44	25.88310912	5.0853953	5.9219193	mes3	Gastd3	Pluripotent Gastd3	79.92	44:mes3
45	45	26.019628559999997	5.1169124	6.069613	mes3	Gastd3	Pluripotent Gastd3	76.8	45:mes3
46	46	26.129302529999997	5.0107784	6.0676775	mes3	Gastd3	Pluripotent Gastd3	79.68	46:mes3
47	47	26.218603150000003	5.074972	6.205128	mes3	Gastd3	Pluripotent Gastd3	77.76	47:mes3
48	48	26.288100099999998	4.9820924	6.165477	mes3	Gastd3	Pluripotent Gastd3	77.04	48:mes3
49	49	26.35606756	4.8652043	6.132617	mes3	Gastd3	Pluripotent Gastd3	79.2	49:mes3
50	50	26.416733269999998	4.830527	6.069139	mes3	Gastd3	Pluripotent Gastd3	78.24	50:mes3
51	51	26.474303560000003	4.830387	6.2448354	mes3	Gastd3	Pluripotent Gastd3	76.8	51:mes3
52	52	26.525998010000002	4.7510357	6.283523	mes3	Gastd3	Pluripotent Gastd3	76.56	52:mes3
53	53	26.582247040000002	4.638257	6.196054	mes3	Gastd3	Pluripotent Gastd3	78.48	53:mes3
54	54	26.634467299999997	4.5582466	6.314239	mes3	Gastd3	Pluripotent Gastd3	79.2	54:mes3
55	55	26.680373189999997	4.5413914	6.3313813	mes3	Gastd3	Pluripotent Gastd3	77.76	55:mes3
56	56	26.729227809999998	4.3949	6.1575494	mes3	Gastd3	Pluripotent Gastd3	80.64	56:mes3
57	57	26.785483010000004	4.385698	6.1959476	mes3	Gastd3	Pluripotent Gastd3	80.4	57:mes3
58	58	26.83638693	4.428007	6.1098175	mes3	Gastd3	Pluripotent Gastd3	76.56	58:mes3
59	59	26.8861593	4.393895	6.123868	mes3	Gastd3	Pluripotent Gastd3	81.84	59:mes3
60	60	26.93576607	4.2411666	6.245315	mes3	Gastd3	Pluripotent Gastd3	79.2	60:mes3
61	61	26.989787359999994	4.195291	6.2027836	mes3	Gastd3	Pluripotent Gastd3	80.88	61:mes3
62	62	27.04668745	4.032292	6.2063317	mes3	Gastd3	Pluripotent Gastd3	81.12	62:mes3
63	63	27.114810470000002	4.1059732	6.1457105	mes3	Gastd3	Pluripotent Gastd3	80.4	63:mes3
64	64	27.18319011	3.9960105	6.1589274	mes3	Gastd3	Pluripotent Gastd3	81.6	64:mes3
65	65	27.26079961	3.9671595	6.245094	mes3	Gastd3	Pluripotent Gastd3	82.32	65:mes3
66	66	27.34214991	3.7340546	6.029411	mes3	Gastd4	Pluripotent Gastd4	88.32	66:mes3
67	67	27.426093899999998	3.5369015	6.088411	mes3	Gastd4	Pluripotent Gastd4	88.8	67:mes3
68	68	27.541426070000007	3.5048633	6.0323186	mes3	Gastd4	Pluripotent Gastd4	88.56	68:mes3
69	69	27.637966749999997	3.3044152	5.938206	mes3	Gastd4	Pluripotent Gastd4	92.4	69:mes3
70	70	27.762132899999997	3.1101584	5.932404	mes3	Gastd4	Pluripotent Gastd4	94.56	70:mes3
71	71	27.877022280000002	3.0673988	5.732672	mes3	Gastd4	Pluripotent Gastd4	96.24	71:mes3
72	72	27.98073742	3.0583525	5.8634276	mes3	Gastd4	Pluripotent Gastd4	95.52	72:mes3
73	73	28.084704459999998	2.8896146	5.82714	mes3	Gastd4	Pluripotent Gastd4	97.68	73:mes3
74	74	28.171201689999997	2.8535917	5.686205	mes3	Gastd4	Pluripotent Gastd4	98.64	74:mes3
75	75	28.247215649999998	2.828769	5.9997497	mes3	Gastd4	Pluripotent Gastd4	96.72	75:mes3
76	76	28.3126471	2.7720385	5.872037	mes3	Gastd4	Pluripotent Gastd4	98.64	76:mes3
77	77	28.373825150000002	2.7862725	5.866853	mes3	Gastd4	Pluripotent Gastd4	98.4	77:mes3
78	78	28.4295103	2.7014163	5.6532855	mes3	Gastd4	Pluripotent Gastd4	96.72	78:mes3
79	79	28.474685290000004	2.6069705	5.5361376	mes3	Gastd4	Pluripotent Gastd4	97.44	79:mes3
80	80	28.519810900000003	2.6789768	5.7282147	mes3	Gastd4	Pluripotent Gastd4	96.72	80:mes3
81	81	28.556550790000003	2.5822625	5.8149376	mes3	Gastd4	Pluripotent Gastd4	98.4	81:mes3
82	82	28.589982770000002	2.6249313	5.806022	mes3	Gastd4	Pluripotent Gastd4	98.16	82:mes3
83	83	28.625029429999998	2.4333136	5.7456884	mes3	Gastd4	Pluripotent Gastd4	100.08	83:mes3
84	84	28.663288379999997	2.4631004	5.934525	mes3	Gastd4	Pluripotent Gastd4	98.4	84:mes3
85	85	28.703096889999998	2.5156689	5.9249654	mes3	Gastd4	Pluripotent Gastd4	97.68	85:mes3
86	86	28.73977593	2.329377	5.7032304	mes3	Gastd4	Pluripotent Gastd4	99.12	86:mes3
87	87	28.782585570000002	2.51658	6.023708	mes3	Gastd4	Pluripotent Gastd4	96.96	87:mes3
88	88	28.8199973	2.4300952	5.6976295	mes3	Gastd4	Pluripotent Gastd4	97.92	88:mes3
89	89	28.85946704	2.4045224	5.790198	mes3	Gastd4	Pluripotent Gastd4	97.2	89:mes3
90	90	28.902419590000004	2.2894447	5.776686	mes3	Gastd4	Pluripotent Gastd4	98.4	90:mes3
91	91	28.94331007	2.229822	5.6951995	mes3	Gastd4	Pluripotent Gastd4	97.68	91:mes3
92	92	28.982267210000003	2.2384934	5.9722166	mes3	Gastd4	Pluripotent Gastd4	98.88	92:mes3
93	93	29.023226659999995	2.1899862	6.0049725	mes3	Gastd4	Pluripotent Gastd4	99.36	93:mes3
94	94	29.060248549999997	2.1473534	5.9228406	mes3	Gastd4	Pluripotent Gastd4	97.68	94:mes3
95	95	29.098301449999997	2.1987085	5.920977	mes3	Gastd4	Pluripotent Gastd4	97.44	95:mes3
96	96	29.144031709999993	2.0493634	5.93532	mes3	Gastd4	Pluripotent Gastd4	98.16	96:mes3
97	97	29.19219834	2.0346732	6.396829	mes3	Gastd4	Pluripotent Gastd4	98.4	97:mes3
98	98	29.239320359999997	1.9385241	6.057528	mes3	Gastd4	Pluripotent Gastd4	99.6	98:mes3
99	99	29.284621780000002	1.9589739	6.1213613	mes3	Gastd4	Pluripotent Gastd4	99.6	99:mes3
100	100	29.336688010000003	1.7450138	6.1920915	mes3	Gastd4	Pluripotent Gastd4	100.08	100:mes3
101	101	29.400153190000005	1.7612756	6.0462456	mes3	Gastd4	Pluripotent Gastd4	100.8	101:mes3
102	102	29.457957480000005	1.8419577	6.4121494	mes3	Gastd4	Pluripotent Gastd4	100.56	102:mes3
103	103	29.520281190000002	1.6520066	6.510784	mes3	Gastd4	Pluripotent Gastd4	101.04	103:mes3
104	104	29.59870739	1.5224757	6.7986336	mes3	Gastd4	Mesoderm Gastd4	102.0	104:mes3
105	105	29.67080424	1.5008497	6.7154894	mes3	Gastd4	Mesoderm Gastd4	107.52	105:mes3
106	106	29.740151469999997	1.3968854	6.9436836	mes3	Gastd4	Mesoderm Gastd4	102.96	106:mes3
107	107	29.81560708	1.3556111	7.216951	mes3	Gastd4	Mesoderm Gastd4	103.2	107:mes3
108	108	29.887426490000003	1.342872	7.298656	mes3	Gastd4	Mesoderm Gastd4	106.32	108:mes3
109	109	29.966457979999994	1.182577	7.4315047	mes3	Gastd4	Mesoderm Gastd4	106.8	109:mes3
110	110	30.042540159999998	1.0544653	7.576254	mes3	Gastd4	Mesoderm Gastd4	107.28	110:mes3
111	111	30.115246990000006	1.1000397	7.839007	mes3	Gastd4	Mesoderm Gastd4	105.36	111:mes3
112	112	30.204136300000005	1.1832051	8.069618	mes3	Gastd4	Mesoderm Gastd4	104.64	112:mes3
113	113	30.295153569999997	1.0075446	7.9966774	mes3	Gastd4	Mesoderm Gastd4	108.0	113:mes3
114	114	30.38625737	0.95379823	8.011811	mes3	Gastd4	Mesoderm Gastd4	105.6	114:mes3
115	115	30.469349750000003	0.9883631	8.329572	mes3	Gastd4	Mesoderm Gastd4	103.2	115:mes3
116	116	30.57472554	0.94675165	8.399661	mes3	Gastd4	Mesoderm Gastd4	104.88	116:mes3
117	117	30.703518910000003	1.180104	8.540734	mes3	Gastd4	Mesoderm Gastd4	103.68	117:mes3
118	118	30.829317009999997	1.2015058	8.782675	mes3	Gastd4	Mesoderm Gastd4	104.88	118:mes3
119	119	30.990926449999996	1.2571883	9.086673	mes3	Gastd4	Mesoderm Gastd4	107.04	119:mes3
120	120	31.16575938	1.1561602	8.918505	mes3	Gastd4	Mesoderm Gastd4	110.88	120:mes3
121	121	31.386302869999998	1.1300137	8.821013	mes3	Gastd4	Mesoderm Gastd4	113.52	121:mes3
122	122	31.6579324	1.3468913	9.186159	mes3	Gastd4	Mesoderm Gastd4	111.6	122:mes3
123	123	32.143807429999995	1.1000032	9.110944	mes3	Gastd5	Mesoderm Gastd5	123.6	123:mes3
124	124	32.815934569999996	0.9678157	9.5540285	mes3	Gastd5	Mesoderm Gastd5	133.44	124:mes3
125	125	33.46424433999999	0.7514632	10.35796	mes3	Gastd7	Mesoderm Gastd6	143.28	125:mes3
126	126	39.42197629	-0.00093913137	10.7770815	mes3	Gastd5	Mesoderm Gastd5	126.24	126:mes3
127	127	50.84995306	-0.47843316	12.138409	mes3	Gastd5	Mesoderm Gastd5	126.24	127:mes3
128	128	59.79193243	-0.4100086	12.58576	mes3	Gastd5	Mesoderm Gastd5	134.4	128:mes3
129	129	67.04119355	-0.32982078	12.963017	mes3	Gastd6	Mesoderm Gastd6	142.56	129:mes3
130	130	72.89968023	-0.0974784	13.275252	mes3	Gastd6	Mesoderm Gastd6	147.6	130:mes3
131	131	79.63840768	-0.18490152	13.685115	mes3	Gastd7	Mesoderm Gastd7	156.0	131:mes3
1	1	0.3725373316	11.126464	4.5995846	endo1	mESCs	Pluripotent mESCs	0.0	1:endo1
2	2	0.46334159890000004	11.385221	4.5090275	endo1	mESCs	Pluripotent mESCs	0.0	2:endo1
3	3	0.5417578815	11.454574	4.386492	endo1	mESCs	Pluripotent mESCs	0.0	3:endo1
4	4	0.6055707372000001	11.645337	4.233151	endo1	mESCs	Pluripotent mESCs	0.0	4:endo1
5	5	0.6706454019999998	11.506994	4.3826466	endo1	mESCs	Pluripotent mESCs	0.0	5:endo1
6	6	0.7386451256000002	11.550562	4.3902154	endo1	mESCs	Pluripotent mESCs	0.0	6:endo1
7	7	0.8075167897	11.470323	4.2688046	endo1	mESCs	Pluripotent mESCs	1.68	7:endo1
8	8	0.8892268190999999	11.498241	4.3284016	endo1	mESCs	Pluripotent mESCs	0.0	8:endo1
9	9	0.9661944036	11.29548	4.487218	endo1	mESCs	Pluripotent mESCs	0.0	9:endo1
10	10	1.0492609179999999	11.36153	4.3545885	endo1	mESCs	Pluripotent mESCs	1.44	10:endo1
11	11	1.137803718	11.354447	4.504107	endo1	mESCs	Pluripotent mESCs	1.44	11:endo1
12	12	1.227428264	11.315815	4.5416374	endo1	mESCs	Pluripotent mESCs	0.0	12:endo1
13	13	1.3203625509999997	11.403002	4.5173097	endo1	mESCs	Pluripotent mESCs	0.0	13:endo1
14	14	1.4210018569999996	11.468866	4.455546	endo1	mESCs	Pluripotent mESCs	0.0	14:endo1
15	15	1.5259784980000004	11.281655	4.502635	endo1	mESCs	Pluripotent mESCs	1.68	15:endo1
16	16	1.6214562569999995	11.460884	4.391166	endo1	mESCs	Pluripotent mESCs	1.44	16:endo1
17	17	1.721798215	11.486903	4.175813	endo1	mESCs	Pluripotent mESCs	3.36	17:endo1
18	18	1.816995278	11.476799	4.470221	endo1	mESCs	Pluripotent mESCs	2.64	18:endo1
19	19	1.920784677	11.554338	4.392248	endo1	mESCs	Pluripotent mESCs	0.0	19:endo1
20	20	2.006427672	11.548886	4.3445506	endo1	mESCs	Pluripotent mESCs	0.0	20:endo1
21	21	2.10145923	11.530478	4.4519396	endo1	mESCs	Pluripotent mESCs	0.0	21:endo1
22	22	2.1946430030000004	11.43274	4.47545	endo1	mESCs	Pluripotent mESCs	0.0	22:endo1
23	23	2.3239184020000003	11.602614	4.289101	endo1	mESCs	Pluripotent mESCs	0.0	23:endo1
24	24	2.4696848599999996	11.622875	4.3315663	endo1	mESCs	Pluripotent mESCs	0.0	24:endo1
25	25	2.6109142509999996	11.652009	4.354657	endo1	mESCs	Pluripotent mESCs	1.68	25:endo1
26	26	2.7320748490000004	11.554913	4.2695875	endo1	mESCs	Pluripotent mESCs	0.72	26:endo1
27	27	2.855737008	11.775082	4.2496943	endo1	mESCs	Pluripotent mESCs	0.0	27:endo1
28	28	2.998822895	11.653786	4.283058	endo1	mESCs	Pluripotent mESCs	1.68	28:endo1
29	29	3.1864833550000005	11.6576	4.4459653	endo1	mESCs	Pluripotent mESCs	0.0	29:endo1
30	30	3.335302126	11.74118	4.4125	endo1	mESCs	Pluripotent mESCs	0.0	30:endo1
31	31	3.513640805	11.768203	4.3063445	endo1	mESCs	Pluripotent mESCs	0.0	31:endo1
32	32	3.739240205	11.801035	4.2976055	endo1	mESCs	Pluripotent mESCs	1.2	32:endo1
33	33	3.9936504119999996	11.675153	4.303569	endo1	mESCs	Pluripotent mESCs	1.2	33:endo1
34	34	4.2354350389999995	11.8568535	4.217493	endo1	mESCs	Pluripotent mESCs	0.0	34:endo1
35	35	4.533736216	11.725695	4.132668	endo1	mESCs	Pluripotent mESCs	5.76	35:endo1
36	36	4.955100076	11.760181	4.337682	endo1	mESCs	Pluripotent mESCs	1.44	36:endo1
37	37	5.805180276	11.845388	4.22457	endo1	mESCs	Pluripotent mESCs	0.0	37:endo1
38	38	11.636998064	9.617658	4.7694607	endo1	mESCs	Pluripotent mESCs	12.96	38:endo1
39	39	22.968428109999994	5.7650037	5.4356256	endo1	Gastd4	Pluripotent Gastd4	90.96	39:endo1
40	40	24.518450970000004	5.5268774	5.5333753	endo1	Gastd3	Pluripotent Gastd3	84.72	40:endo1
41	41	25.171129329999996	5.3150206	5.7962346	endo1	Gastd3	Pluripotent Gastd3	86.88	41:endo1
42	42	25.622997210000005	5.3077846	5.7628407	endo1	Gastd3	Pluripotent Gastd3	84.0	42:endo1
43	43	25.857368219999998	5.1821766	5.946703	endo1	Gastd3	Pluripotent Gastd3	78.96	43:endo1
44	44	26.013855949999996	5.149287	6.075464	endo1	Gastd3	Pluripotent Gastd3	76.8	44:endo1
45	45	26.133399269999998	5.1803308	6.0816503	endo1	Gastd3	Pluripotent Gastd3	77.76	45:endo1
46	46	26.22737547	5.1365376	6.192428	endo1	Gastd3	Pluripotent Gastd3	78.48	46:endo1
47	47	26.302427450000003	5.046521	6.18842	endo1	Gastd3	Pluripotent Gastd3	76.32	47:endo1
48	48	26.37409263	4.93326	6.0572386	endo1	Gastd3	Pluripotent Gastd3	77.76	48:endo1
49	49	26.435820180000004	4.9312925	6.1060796	endo1	Gastd3	Pluripotent Gastd3	75.6	49:endo1
50	50	26.495501400000002	4.8527045	6.324953	endo1	Gastd3	Pluripotent Gastd3	77.04	50:endo1
51	51	26.549462140000006	4.7416673	6.2610893	endo1	Gastd3	Pluripotent Gastd3	76.56	51:endo1
52	52	26.61104844	4.707345	6.219528	endo1	Gastd3	Pluripotent Gastd3	78.72	52:endo1
53	53	26.660491610000005	4.6161647	6.291598	endo1	Gastd3	Pluripotent Gastd3	79.2	53:endo1
54	54	26.709338350000003	4.529552	6.1740932	endo1	Gastd3	Pluripotent Gastd3	78.0	54:endo1
55	55	26.76754048	4.428408	6.1988654	endo1	Gastd3	Pluripotent Gastd3	78.48	55:endo1
56	56	26.82334734	4.433131	6.1448455	endo1	Gastd3	Pluripotent Gastd3	77.04	56:endo1
57	57	26.872729919999998	4.3954887	6.096327	endo1	Gastd3	Pluripotent Gastd3	79.68	57:endo1
58	58	26.925393009999997	4.3845615	6.3219347	endo1	Gastd3	Pluripotent Gastd3	77.76	58:endo1
59	59	26.98415378	4.3031316	6.2294006	endo1	Gastd3	Pluripotent Gastd3	78.24	59:endo1
60	60	27.045724380000006	4.2029085	6.2293825	endo1	Gastd3	Pluripotent Gastd3	79.2	60:endo1
61	61	27.118651769999996	4.2429566	6.192686	endo1	Gastd3	Pluripotent Gastd3	78.72	61:endo1
62	62	27.19609859	4.168777	6.236236	endo1	Gastd3	Pluripotent Gastd3	78.96	62:endo1
63	63	27.286598610000006	4.1339426	6.393932	endo1	Gastd3	Pluripotent Gastd3	82.56	63:endo1
64	64	27.38902965	3.9410415	6.160307	endo1	Gastd3	Pluripotent Gastd3	83.28	64:endo1
65	65	27.524948530000003	3.8280497	6.1206164	endo1	Gastd3	Pluripotent Gastd3	83.04	65:endo1
66	66	27.68030276	3.6406126	6.179582	endo1	Gastd4	Pluripotent Gastd4	86.64	66:endo1
67	67	27.900114359999996	3.4806626	6.179917	endo1	Gastd4	Pluripotent Gastd4	91.2	67:endo1
68	68	28.160396029999998	3.104816	6.2919135	endo1	Gastd4	Pluripotent Gastd4	94.56	68:endo1
69	69	28.58035538	2.9286695	6.374163	endo1	Gastd4	Pluripotent Gastd4	91.92	69:endo1
70	70	29.697093679999995	2.7782865	8.437099	endo1	Gastd3	Pluripotent Gastd3	104.64	70:endo1
71	71	31.891202449999994	2.2946172	11.090559	endo1	Gastd5	Endoderm Gastd5	126.96	71:endo1
72	72	33.168587079999995	2.28249	11.597678	endo1	Gastd4	Endoderm Gastd4	130.8	72:endo1
73	73	34.190750019999996	2.674551	11.538967	endo1	Gastd4	Endoderm Gastd4	120.96	73:endo1
74	74	35.030814969999994	2.9236524	11.514091	endo1	Gastd4	Endoderm Gastd4	114.24	74:endo1
75	75	35.79070275	3.0769415	11.551841	endo1	Gastd4	Endoderm Gastd4	114.0	75:endo1
76	76	36.47731711	3.1520832	11.816777	endo1	Gastd4	Endoderm Gastd4	115.44	76:endo1
77	77	37.08738569	3.0926778	12.063939	endo1	Gastd5	Endoderm Gastd5	121.2	77:endo1
78	78	37.68134567	3.1194134	12.187603	endo1	Gastd5	Endoderm Gastd5	121.68	78:endo1
79	79	38.26914172	3.068854	12.399854	endo1	Gastd5	Endoderm Gastd5	126.96	79:endo1
80	80	38.8160521	3.2250195	12.531253	endo1	Gastd5	Endoderm Gastd5	127.92	80:endo1
81	81	39.44761314	3.1333663	12.653291	endo1	Gastd5	Endoderm Gastd5	133.44	81:endo1
82	82	40.037206069999996	3.294024	12.813899	endo1	Gastd5	Endoderm Gastd5	139.44	82:endo1
83	83	40.534840370000005	3.353571	12.905569	endo1	Gastd5	Endoderm Gastd5	138.72	83:endo1
84	84	41.117342	3.260107	13.1627245	endo1	Gastd6	Endoderm Gastd6	143.04	84:endo1
85	85	41.646162970000006	3.2353332	13.433392	endo1	Gastd6	Endoderm Gastd6	145.2	85:endo1
86	86	42.12165590000001	3.1642852	13.526262	endo1	Gastd6	Endoderm Gastd6	146.88	86:endo1
87	87	42.54393510999999	3.117282	13.745291	endo1	Gastd6	Endoderm Gastd6	150.24	87:endo1
88	88	42.94028981	3.1896245	13.786463	endo1	Gastd6	Endoderm Gastd6	150.24	88:endo1
89	89	43.31211149000001	3.0254202	13.993695	endo1	Gastd7	Endoderm Gastd7	152.4	89:endo1
90	90	43.66127704	2.9415894	14.036455	endo1	Gastd7	Endoderm Gastd7	153.6	90:endo1
91	91	43.96486925999999	3.0032651	14.106638	endo1	Gastd7	Endoderm Gastd7	154.56	91:endo1
92	92	44.22503643	2.9019659	14.112575	endo1	Gastd7	Endoderm Gastd7	153.36	92:endo1
93	93	44.54061908	2.7859354	14.292101	endo1	Gastd7	Endoderm Gastd7	154.56	93:endo1
94	94	44.84555508999999	2.9423842	14.29598	endo1	Gastd7	Endoderm Gastd7	157.44	94:endo1
95	95	45.23358833	2.6321397	14.38501	endo1	Gastd7	Endoderm Gastd7	156.48	95:endo1
96	96	45.617686809999995	2.4413161	14.4660425	endo1	Gastd7	Endoderm Gastd7	158.88	96:endo1
97	97	46.22202221	2.3147378	14.603499	endo1	Gastd7	Endoderm Gastd7	161.04	97:endo1
