,Gene,baseMean,log2FoldChange,lfcSE,stat,pvalue,padj,p_log10
9537,Plekhg5,423.352313315974,2.0011382419491,0.0704361521586899,28.41066953005345,1.49286737544162e-177,2.4359964268185894e-176,175.61332335307287
3703,Ebf4,644.8331933098568,2.0054366726475368,0.0875466186503083,22.907071724356936,3.9502131441582863e-116,3.823553003263431e-115,114.41753288511012
10665,Rnf152,787.3582364825462,2.008212762308324,0.1069916142982045,18.769814582954876,1.3335007309858768e-78,8.629935503343169e-78,77.06399245001444
13803,Wnk3,1700.817282352188,2.0089958088899293,0.0711517970875831,28.23534880527315,2.1539723040724823e-175,3.444929214791421e-174,173.4628196973968
5487,Gm39526,129.3053503693657,2.0097638642535767,0.1138309043821086,17.655696185169393,9.199233483928532e-70,5.344703014519823e-69,68.27207642193109
11215,Sh3pxd2b,2159.1278544469656,2.009772865885695,0.0542672497356548,37.03472860105579,3.1632229182172997e-300,1.1044602430112933e-298,297.9568499127048
4895,Gm10575,34.29501065489282,2.0106506257837258,0.2234796978986738,8.997016931244282,2.3193379688332333e-19,5.724273065643594e-19,18.242279657219463
13637,Vmn2r73,78.10433693058805,2.010736110528222,0.4038358721033688,4.979092372491215,6.388314926957224e-07,1.0542902425012548e-06,5.977039812876366
843,Aifm3,119.28871509021336,2.0132920851915745,0.113429755729712,17.7492411249565,1.7469871899401298e-70,1.0236087497869988e-69,68.98986601042849
4293,Fank1,89.48391467356743,2.017899830070524,0.1514287404493436,13.32573872095012,1.6400135119488716e-40,6.260220176011368e-40,39.20341039210183
4117,Exoc6,1769.2989442633614,2.0195714486577945,0.0486843080331499,41.48300613172188,0.0,0.0,inf
6492,Igfn1,38.97112433986333,2.0206830202429664,0.1922150669246213,10.512615127280284,7.556848526297308e-26,2.162297297512796e-25,24.665084594474845
4441,Fhit,6835.319176353864,2.020847639958382,0.0627975026565668,32.180382251985264,3.320792535386067e-227,7.553890712361714e-226,225.1218293027176
1462,Atp9a,575.1551187183684,2.0223457170122066,0.0718852197674584,28.132983714236296,3.8706648808713575e-174,6.143037691547204e-173,172.21161681999206
8368,Ndrg1,292.8430195221945,2.022822256055998,0.112433920428318,17.991209844413838,2.2831824535399937e-72,1.3767504682394718e-71,70.86114476714101
4974,Gm12992,78.64759546294415,2.0229620511627964,0.1309562172106209,15.447621306204994,7.827937336268305e-54,3.692279036540617e-53,52.4327054854764
910,Aldoc,193.7026167469863,2.0254246483829133,0.0859802677226549,23.55685440427203,1.0678896893371652e-122,1.0943226024395702e-121,120.96085463064776
10141,Pvr,247.48500867940663,2.025673714717015,0.0801646030830538,25.26892963741532,7.015827346028305e-141,8.557183353867858e-140,139.06766916232883
2912,Crebrf,807.8034882117877,2.0263956154570018,0.0578927731284999,35.00256605361044,2.056411510180339e-268,6.031862911439902e-267,266.21954853741045
9500,Plcd1,127.5274360255819,2.031738395993453,0.1360698902270815,14.93157959194916,2.0534355786372026e-50,9.203303907965689e-50,49.03605623663113
12495,Tex264,948.9195081752796,2.032957685863962,0.0532697715640462,38.163439154600816,0.0,0.0,inf
14184,Zfp52,148.82346805085788,2.035828024898601,0.1200530820161641,16.95773228566088,1.6873188647089378e-64,9.181092883827452e-64,63.0371056188897
1208,Arhgef16,227.14824747888989,2.0367174403756625,0.0895551206523076,22.742612879537017,1.698124553479416e-114,1.6082238418246236e-113,112.79365350378184
561,Abhd14b,100.27337633372416,2.0397847202956902,0.1162251806387536,17.550282211525793,5.918520475656592e-69,3.409914977823618e-68,67.46725644948914
13286,Tulp2,57.69512395119528,2.041422810725385,0.1556731533524527,13.113518720234886,2.7551284128511428e-39,1.0244241904596627e-38,37.989520174776914
5739,Gm6999,148.2104295236106,2.0422744136266986,0.1317034977451754,15.50660725486701,3.1298553065300076e-54,1.48450420267168e-53,52.82841856856673
8638,Npc1,2434.2880965802424,2.0427111472521458,0.0403488750451912,50.626223035073075,0.0,0.0,inf
10254,Rabgap1l,5711.0438075872335,2.0449684846558163,0.0365178206436851,55.999192958669624,0.0,0.0,inf
11786,Sorcs2,3535.937515433148,2.0492120698148355,0.0610474652876179,33.56752094718778,4.9980651150661556e-247,1.2840773673281668e-245,244.89140880867257
1883,Cacna1d,1533.2097678499351,2.0495541030489903,0.0721416409862337,28.41013976158502,1.51553455955694e-177,2.4702019986479262e-176,175.60726753122975
10211,Rab27a,346.6532280130641,2.0509079383094053,0.0850157429404102,24.1238606800971,1.4047524068957724e-128,1.519019580292518e-127,126.81843662800806
9132,Pcsk9,446.66447586236785,2.051847804953569,0.063060715047961,32.537655232628275,3.130227941626245e-232,7.387134018593533e-231,230.13152402186603
13121,Trp53inp2,416.1638047066372,2.053889341580097,0.067144809595879,30.588951758769337,1.7168016851993676e-205,3.3616832998025455e-204,203.4734432033376
12681,Tmem102,46.90322180705502,2.0614538519580883,0.1759763796760995,11.714378121384136,1.0757769702733676e-31,3.4849113121531627e-31,30.457808269827837
12515,Tfeb,388.67875735775334,2.0628873965390024,0.074619540006173,27.64540489486195,3.1693757869167983e-168,4.7887648751224605e-167,166.31977648597757
2597,Cldn4,73.00431529943442,2.064396531868191,0.1998461902595173,10.32992687620112,5.159990545418412e-25,1.4537869532007155e-24,23.83749923297394
3026,Ctsz,766.1881501362128,2.0645432727884327,0.0612730690521612,33.694138464500675,7.044242270250303e-249,1.8358106204303395e-247,246.73617212201503
12180,Susd2,46.88718680023782,2.067979015692369,0.1867676053038281,11.072471654429794,1.7062847585475736e-28,5.1723987764339625e-28,27.28630799969873
821,Agrn,5067.114840724941,2.068885837548233,0.0371103813903068,55.74951698256108,0.0,0.0,inf
9568,Plpp3,2641.196079321311,2.06894486220574,0.0470325646512148,43.9896245834916,0.0,0.0,inf
1893,Cacnb2,5837.063826963695,2.0689817741615206,0.0758269769063886,27.285563246386054,6.293306570869305e-164,9.109891329859763e-163,162.04048680361137
7084,Lamc2,126.38235641282655,2.0695638600117814,0.1070355687612427,19.335290912763977,2.711345117349013e-83,1.8496888300558943e-82,81.73290132605977
9196,Pdlim5,3886.1116459068658,2.070705914409861,0.0386023487774541,53.64196687480495,0.0,0.0,inf
9757,Ppm1h,4569.91681447234,2.072655250593222,0.0352529929900103,58.793738482873025,0.0,0.0,inf
5594,Gm46210,62.583658877348654,2.0748040756909525,0.1571631072367888,13.201597449743478,8.58940235880919e-40,3.231060233103457e-39,38.49065494583236
10953,Sccpdh,997.4060714493496,2.075279685378903,0.0496054353976101,41.83573168433243,0.0,0.0,inf
12959,Tpcn1,1316.7222756123942,2.0787473783544668,0.0569927947051948,36.4738628647209,2.8799944715681996e-291,9.549455353094557e-290,289.02002139741006
782,Afap1,2246.068643004102,2.0788216812622395,0.0414401681012274,50.16441236879699,0.0,0.0,inf
5773,Gm9939,29.97447558582834,2.079465513276444,0.2230117008568789,9.324468201832028,1.1154153648387867e-20,2.8414853439722255e-20,19.54645457965036
7185,Lima1,1742.8464923640956,2.0821358419712457,0.04755237353387,43.78616012696418,0.0,0.0,inf
6070,H1f0,670.4596734832134,2.0830933686563515,0.0671426934127547,31.024870507512823,2.490647899976188e-211,5.068748324530192e-210,209.29509927200036
9289,Pgm1,1320.277621187419,2.084464765964304,0.0599741890787903,34.7560308523032,1.1237301776288343e-264,3.2371471717379344e-263,262.489837555642
4184,Fam110c,36.03340160635388,2.0903024999939683,0.2089727378568843,10.002752136144755,1.4821949896255974e-23,4.058391043022469e-23,22.391646109189125
8635,Npas2,179.42621510790772,2.0907961193344033,0.1701626541523689,12.287044591242914,1.0632247287884503e-34,3.624118165171641e-34,33.44079765049705
1042,Ano4,601.7592395432451,2.091117208628602,0.1098097352464819,19.04309489440825,7.496424960320662e-81,4.966767154780356e-80,79.30392619953052
5088,Gm15927,70.44716105602036,2.0941449734107116,0.1443124894696168,14.511183204635993,1.0292965412789379e-47,4.420422905492535e-47,46.35453617935322
12899,Tnk1,144.6872638468988,2.097654233617665,0.1092848194581764,19.194378908412272,4.123828071219897e-82,2.7792683140454094e-81,80.55606952386519
8128,Mtmr11,156.49342397522682,2.098021156910338,0.1016184386694565,20.646067626907367,1.0589691202747214e-94,8.280875635607508e-94,93.08192373765884
12569,Thpo,35.05501947729462,2.101012267168986,0.2210492953769882,9.504722752387954,2.0058160201018875e-21,5.215193635613915e-21,20.28272956196086
4407,Ffar4,56.4677677248857,2.104802409106316,0.1626171664433884,12.943297778091932,2.563831523973312e-38,9.336496301174488e-38,37.0298160705089
438,A430093F15Rik,35.62289317881582,2.105836471942347,0.2207650696803265,9.53881189171662,1.44477981016671e-21,3.768651566033417e-21,20.42381401376932
11413,Slc26a9,25.859594720918697,2.1095762239324163,0.2680170039650051,7.871053674668576,3.516667095129972e-15,7.774871255482651e-15,14.109306793747606
3159,Dact2,234.55264482978885,2.1103598961194407,0.0814847870462211,25.89882078138547,6.866542365028269e-148,8.750765072054495e-147,146.05795397531526
3793,Egr3,36.22071287365463,2.110603407829746,0.2135281202224007,9.884428363025172,4.8634957817937074e-23,1.3162505393759958e-22,21.88066143784029
3596,Dsg2,906.8578190216984,2.112855682756116,0.0745471643420826,28.34253591539212,1.0344907009728976e-176,1.6729654304796075e-175,174.77651303304063
2522,Chrm3,946.597216578572,2.1133720450327953,0.0511538371925196,41.31404721563758,0.0,0.0,inf
6506,Ikbip,387.91294177092624,2.1158299526176965,0.068681535402118,30.806386901951065,2.1520008475268947e-208,4.271574285022562e-207,206.3694120366158
6766,Jup,563.4787955868362,2.1159126241220125,0.0577408116495746,36.64501006607519,5.4949201063042946e-294,1.843087785656232e-292,291.73445397898706
3352,Dhrs11,226.84149608099577,2.1162651029324113,0.0791419639024064,26.740113570369253,1.6090965480956933e-157,2.2205532363720566e-156,155.6535388104275
9161,Pde4b,1206.4210273507442,2.120928703872172,0.0994282469368143,21.331249108917714,5.82319992091929e-101,4.832655604474255e-100,99.31581415342428
6121,Hbegf,109.78825591434637,2.121540163110335,0.1172668789260644,18.091554772664704,3.7145809765355736e-73,2.2624749201345297e-72,71.64541622631394
5940,Grb10,16467.395925121116,2.124765848897892,0.060713117809148,34.99681659533779,2.515208613504219e-268,7.362701577712351e-267,266.1329628018293
523,Abca3,970.9432128244122,2.1254909369612056,0.0617403331796586,34.42629521898146,1.0193690156998774e-259,2.8569936242729642e-258,257.54409072879685
13101,Trmt2b,301.3711152845403,2.127672499914312,0.0789133249023591,26.96214489184076,4.1098650897562976e-160,5.764951127838214e-159,158.23920437006922
7513,Map3k21,72.0008930359122,2.1286332051952424,0.1677035556707208,12.692832878121722,6.4798854605317585e-37,2.2856265901437483e-36,35.64099472017277
10350,Rasgrf2,128.93492166031098,2.12939193861616,0.162639672396847,13.092696924649244,3.625040151726947e-39,1.344084744076854e-38,37.87157334830251
7308,Lrrc1,2853.143732246341,2.130405094919728,0.0436270932571415,48.8321576311067,0.0,0.0,inf
9397,Pik3cb,1913.5983770552289,2.1328857924291613,0.0370150252312435,57.62216232744427,0.0,0.0,inf
7305,Lrpap1,1567.401096624647,2.1347514515143016,0.0478803353426117,44.58513993769905,0.0,0.0,inf
3089,Cyp26c1,28.430304339564863,2.134828029055971,0.2470294894246922,8.641996686419015,5.5239031843187145e-18,1.320160929255784e-17,16.879373124530733
12644,Tm6sf1,346.7752207513747,2.134832201977272,0.1147789363042044,18.59951198989348,3.2424599065505487e-77,2.0642901601896944e-76,75.68522925757176
263,4930556J24Rik,51.11731855455985,2.134857643254622,0.1782406661502126,11.977388153697012,4.6679942253266755e-33,1.546746771666671e-32,31.8105807817562
2285,Cdh6,2909.4846125721756,2.1354717529640523,0.0779101156156543,27.40942862283438,2.117310274894507e-165,3.133792225048152e-164,163.5039298012645
4416,Fgf11,67.05540260875762,2.1374944656316908,0.1562126357967651,13.683236664751,1.2787164059530636e-42,5.0472897636229606e-42,41.29694176181473
8624,Nostrin,95.37331166816578,2.140330116196273,0.1648769214129516,12.981380886143496,1.5604163087023922e-38,5.709705129570118e-38,37.243386319758926
512,Aass,55.128187018105194,2.1407320358597035,0.2015750301667651,10.620025873684124,2.4049445449315447e-26,6.948683241487154e-26,25.158097485357487
3021,Ctsf,194.9748788240029,2.141002344583757,0.0899412745900821,23.80444745020154,3.0037352650322036e-125,3.142536028181706e-124,123.50271973456458
13534,Usp35,224.03785056937588,2.1423295242798943,0.1059153569432849,20.226807387592142,5.686786068625192e-91,4.225719494070719e-90,89.37409933506895
5707,Gm50050,65.18580630969805,2.1441616660522707,0.1680677941726426,12.757718851535255,2.8234881269334466e-37,1.0029993370744213e-36,35.998699354023465
2319,Cdkl2,133.3121184108194,2.14418401022557,0.1189973577786446,18.01875310722544,1.388374839869671e-72,8.403321399211166e-72,71.0755490258136
2565,Cish,95.85656841396928,2.147266718454787,0.1326107949272805,16.192246789805296,5.7201224072568376e-59,2.920527613853121e-58,57.53453868311121
553,Abcg1,248.79975009527416,2.1491418013868144,0.1008137988438507,21.317932922214297,7.740249297327986e-101,6.397958489348688e-100,99.19395858199266
10684,Rnf208,92.74657264587366,2.1494140504430876,0.1413826886233732,15.20280927864424,3.387754949376279e-52,1.5643266162033868e-51,50.80567256533909
1595,Baiap3,65.75610185638489,2.151237544504125,0.1847240152399495,11.645684193848586,2.4137667276830132e-31,7.7568152326739554e-31,30.110316553326452
5696,Gm49857,24.690844783189508,2.1514294628688524,0.2654063424359603,8.10617200449145,5.223947892788266e-16,1.182364963550484e-15,14.927248447997062
5898,Gpr160,177.38140147152242,2.1521258830846044,0.1046531366702778,20.56437056315984,5.723773104165233e-94,4.43753195716181e-93,92.35285850632692
8208,Myo15b,115.35373722968734,2.1552913782318144,0.1927502345562971,11.181783426584168,5.007346228750677e-29,1.539496007948171e-28,27.812621432924036
6482,Igf2bp2,4611.532098922786,2.157580676523658,0.0320560567250231,67.30649047171913,0.0,0.0,inf
1118,Aplp1,177.7373287755962,2.1606736240642457,0.0991833448102856,21.784641647215107,3.2447430762330852e-105,2.7985909032510363e-104,103.5530605818646
7261,Lpar1,3777.293189342465,2.165077289947587,0.0393201043855465,55.06285712566503,0.0,0.0,inf
11609,Smarca2,647.4858888983904,2.168244874452697,0.0526284645659622,41.19909049854783,0.0,0.0,inf
1731,Bnip3,641.2332789702929,2.1717662817144485,0.0638884553743985,33.993094198122066,2.817893619562084e-253,7.603590046080931e-252,251.11898130652577
1017,Ankrd33b,698.9486623149261,2.1769899686409806,0.0601793125193001,36.17505547180845,1.502444641710835e-286,4.848646516345211e-285,284.3143794763498
9464,Pla1a,49.45310258855653,2.1784944274352873,0.2036418477582237,10.697675607529014,1.0436329344567646e-26,3.043316808266959e-26,25.516652835377464
13806,Wnt11,195.00848409816615,2.181790045032933,0.1120426795989142,19.472847783034243,1.8660333438303048e-84,1.2900201885544428e-83,82.88940349302696
9239,Per2,971.7351647283429,2.18202840060767,0.0488524409479907,44.66569854576354,0.0,0.0,inf
3598,Dsp,2791.0327699588456,2.1856516449814545,0.0313803545721797,69.65031704642189,0.0,0.0,inf
7779,Mgam,113.5204228350854,2.187207564936877,0.1260112648927166,17.35723839292479,1.7388879640874253e-67,9.823191656774576e-67,66.00774738250645
12248,Syt5,50.98242924449375,2.194904914488162,0.162343727019228,13.520109183080391,1.1899905553711198e-41,4.633959459104415e-41,40.33404777002042
1187,Arhgap29,800.0084732535719,2.194924292111654,0.0658761113540454,33.31897173339851,2.0511935565514597e-243,5.11562730368858e-242,241.2911011033348
324,5730419F03Rik,152.499170040353,2.1969813367354387,0.1272098970799992,17.270522083307792,7.842967189712995e-67,4.38612869853112e-66,65.35791862932929
3968,Epb41l1,1458.4647661906556,2.1971518266848777,0.0644009749652424,34.11674788884319,4.164175917828531e-255,1.136325970797277e-253,252.94449706738263
11563,Slc9a3,29.18509932588177,2.1985437982708524,0.276174258830841,7.96071222415221,1.7105179676068556e-15,3.815900901963527e-15,14.418402912345629
2422,Cerkl,166.0743324352558,2.1995065910900333,0.0988770592484901,22.244862537450715,1.2647914834254274e-109,1.140437373667358e-108,107.94292855871478
2535,Chst15,4575.524060041271,2.200561417653967,0.0535919347366435,41.06142889723539,0.0,0.0,inf
7356,Lrrn4,708.3095965019284,2.2043268042239146,0.0594295450135182,37.091429922987025,3.8617609407805205e-301,1.3516163292731818e-299,298.8691465700265
12901,Tnks,21325.884288433164,2.2046907587360822,0.0293583442554456,75.0958820958419,0.0,0.0,inf
6994,Klhl14,284.9724445742597,2.2062073997356415,0.0765098323030466,28.835606265572626,7.678132082000182e-183,1.2997211900488626e-181,180.88614980046987
10574,Rhox5,104.3558443326412,2.2064298597180776,0.1564971809158541,14.098847319840454,3.860234444820381e-45,1.5913171296002082e-44,43.79824326226994
4583,Frzb,846.1433011988402,2.2078988021896815,0.0713153106765854,30.959674454795422,1.882556852977471e-210,3.793914992996323e-209,208.4209124042028
3580,Dram1,96.79387629448296,2.2087287761937753,0.1349221320664211,16.370396334282912,3.1118090823533214e-60,1.6132419893846017e-59,58.79230048272151
4551,Foxp4,2536.224855480469,2.2097623465840326,0.0447782757535785,49.34898250090467,0.0,0.0,inf
12425,Tcta,81.6694536137898,2.216879829134998,0.1378973172617391,16.076308612496064,3.740111946124453e-58,1.883706016661221e-57,56.72498687505917
11103,Serinc5,2469.4990406530965,2.2171791176584668,0.0535209252122197,41.426397411236245,0.0,0.0,inf
1507,B130046B21Rik,30.084346401026934,2.222593079886995,0.225258500958049,9.866855503495158,5.795289372033768e-23,1.5660899477950258e-22,21.805183298019323
8632,Nox1,123.61823968992024,2.22285335810227,0.1272459183163746,17.468956077440023,2.469722720638157e-68,1.413360277332026e-67,66.8497471187507
10566,Rhoc,320.6588906393265,2.229022297904755,0.073809871322424,30.19951475281276,2.4035871040008967e-200,4.552676749931112e-199,198.34173318446116
8171,Mxi1,1474.726100025978,2.232825485317359,0.0800706070057863,27.88570698803374,3.97703392301959e-171,6.183178277312646e-170,169.208788231467
1232,Arid3c,45.230216603949806,2.2347823581418975,0.1842655469357247,12.128053210736304,7.50115141932463e-34,2.5200946920012497e-33,32.59858314039266
2435,Cfap299,1768.8029862216792,2.2361684588891064,0.0798068893182568,28.019742129926065,9.339719324893562e-173,1.4678148917321876e-171,170.83332871047458
1160,Arfgap3,663.9197984193321,2.23767537923192,0.0520506178155317,42.990371164512965,0.0,0.0,inf
18,1110046J04Rik,68.45940116099918,2.242539050892197,0.1785895277720356,12.556945969165298,3.641178682830842e-36,1.2716480866285587e-35,34.89563305785495
4944,Gm12296,76.63297764843774,2.2429274086979025,0.1545222268375945,14.515241299591532,9.701569524636056e-48,4.1701495820817704e-47,46.37984836672706
7027,Kndc1,119.04243326670456,2.2429986752883617,0.1273832300215649,17.608272885753024,2.1284085501360187e-69,1.2321470192357534e-68,67.90933746925487
2027,Cbln1,77.1435283359208,2.243991014900417,0.1516743468090766,14.794795969849076,1.5826351376574896e-49,6.991580227029579e-49,48.15542465453804
10956,Scel,42.654187563836494,2.24519103143341,0.2085288787659677,10.766811027422206,4.9380978344770265e-27,1.4522638039693956e-26,25.837954486802676
4268,Fam81a,171.713305376656,2.2457963374483394,0.1181135193649984,19.0138804560408,1.3090146218660926e-80,8.641285590359764e-80,79.06342164140243
9579,Pls3,3385.1621871980315,2.2488749027516057,0.0552966869321709,40.669252129158565,0.0,0.0,inf
11217,Sh3rf2,37.147591764859904,2.2525543825905294,0.1983029743129509,11.359155808907186,6.678688260279221e-30,2.0933202009830397e-29,28.679164335500857
3924,Emp2,66.24563624006295,2.2544923271169455,0.1721364809664349,13.09712104290404,3.4198542005061015e-39,1.268655590510328e-38,37.89665626241441
5053,Gm15283,153.8547511267873,2.2551456315938108,0.1535625135313615,14.68552174442788,7.981747618761105e-49,3.4909605492257287e-48,47.45705505904901
7528,Map7,1774.89148712707,2.256830441116622,0.0656043827762686,34.40060474028259,2.469528141204911e-259,6.894694174577872e-258,257.16148499290205
10304,Ramp2,178.47402514543214,2.257763765377099,0.0931669094154784,24.233537202662653,9.861861358698017e-130,1.07685283411857e-128,127.9678436446104
5145,Gm17359,78.34495016844959,2.258143599142355,0.1753899967985504,12.87498512093603,6.225107522415158e-38,2.2427102933812938e-37,36.64922682365819
3239,Ddc,161.7829899899911,2.2598246932346178,0.1264093722567385,17.877034375622824,1.7805982534237699e-71,1.0574126513160012e-70,69.97575549782361
9166,Pde6c,33.79454124921006,2.2611665235279883,0.2135181501955387,10.590043616700614,3.314373841872832e-26,9.547768781061101e-26,25.02009810687571
8889,Oprl1,39.7177753446423,2.263024482992163,0.1927641229299999,11.739863459000372,7.961488181153858e-32,2.5865911153569375e-31,30.587272218511515
11267,Sigirr,68.6165685233086,2.263364260407153,0.1450520936358732,15.60380276956853,6.85842538335887e-55,3.2863288295261246e-54,53.483288983291786
12138,Stxbp5l,621.365130010814,2.2681331953310018,0.1003968907901133,22.59166770485643,5.233437637734048e-113,4.892420088436539e-112,111.31047625926924
7407,Lypd6b,1249.734820810244,2.268606137788131,0.1405374859412136,16.14235605962868,1.2853953262574313e-58,6.528348502443106e-58,57.18519666971864
9517,Pld5,675.9892503178453,2.2727614705428736,0.0927670982199796,24.499650351824616,1.489870581714146e-132,1.6683326683955158e-131,130.77771734599855
2008,Castor2,997.7536279808276,2.273567207449267,0.0490051802930964,46.394425933161074,0.0,0.0,inf
4181,Fam107b,2135.581188828468,2.2736397368262926,0.0600663152580161,37.85215935187341,0.0,0.0,inf
4163,Fabp3,132.7647649591811,2.274411638567486,0.1286879051929713,17.673857035413995,6.667808228141838e-70,3.884862936299768e-69,68.41062429914331
12384,Tbx3os1,166.3060151716355,2.2756892401126527,0.1335419349723908,17.041008433666477,4.076416744864826e-65,2.2373969179201262e-64,63.650256964508024
13378,Ube2ql1,282.2098050357998,2.2759824569271068,0.0831442615533562,27.373897060430767,5.610887209112525e-165,8.253985346197003e-164,163.08333630648738
4790,Gfod1,543.3546002228258,2.277275259704538,0.0941642568221441,24.18407298648166,3.2726358300618506e-129,3.5600970854051215e-128,127.4485381584651
7470,Mamld1,396.50631130830624,2.283436508890814,0.1067708165027403,21.3863355520205,1.7908710313978244e-101,1.4930794732424898e-100,99.825917075147
5064,Gm15477,29.99896156628819,2.285854295383995,0.2425667439818459,9.423609592397677,4.3584152235272736e-21,1.1201389959012095e-20,19.950728083216024
5266,Gm26826,52.855958076460546,2.2978364387664434,0.1779345694651764,12.913940476396029,3.755782050296626e-38,1.359852121659123e-37,36.86650831680573
1670,Bend5,43.91306567816088,2.299068844406664,0.1865014186347395,12.32735311740099,6.453181181474465e-35,2.21108052304481e-34,33.655395441013674
13797,Wipi1,461.6449358918801,2.299361412222314,0.0801362593282958,28.69314629227292,4.6455935778701444e-181,7.737316200383723e-180,179.1114096544962
8486,Nfatc2,561.6534216514453,2.2997683405864384,0.0829249544135367,27.73312758325766,2.7842623453879e-169,4.25569212918467e-168,167.3710297978729
3390,Diras2,36.6942135817739,2.311199828908644,0.2488696008680277,9.2867904350208,1.5901090315095404e-20,4.0365591917612543e-20,19.393988674676464
8596,Nod1,66.13265458052605,2.3130899345671323,0.1627670764811262,14.211043071940583,7.825121053376497e-46,3.261344240789795e-45,44.48660335820567
2678,Cnn2,327.71522922553976,2.3140553614923487,0.093208496474094,24.826656893188993,4.6218784139488486e-136,5.344853808309563e-135,134.2720641690544
899,Aldh1l1,461.3185456002541,2.314778368516886,0.0637113978337539,36.33224897304841,5.011227658502653e-289,1.6391126133567367e-287,286.785391207699
13246,Ttll10,57.44058911631572,2.3168061366982444,0.1681371510190471,13.779263670500695,3.397194565640393e-43,1.3553234927348375e-42,41.867957033688526
4439,Fhad1,66.44749053200364,2.318645257046683,0.1696052887842134,13.670831102423136,1.5165312445800757e-42,5.979466050058584e-42,41.22333759558793
10093,Ptpn13,4522.560949168273,2.321711681965895,0.0477731122834872,48.598711094826285,0.0,0.0,inf
13184,Tspan7,3352.598454353614,2.3223515513129045,0.0518441780915002,44.7948378545835,0.0,0.0,inf
7976,Mro,30.72832265352517,2.3289486795029433,0.2617806769708043,8.896564507557924,5.760198861121343e-19,1.4115555808836165e-18,17.8503020165636
11157,Sfrp1,3652.678558727999,2.329543166188676,0.0594369600374614,39.193511322255226,0.0,0.0,inf
7446,Mageb18,95.5922829116145,2.3321916534881235,0.2195512900285122,10.622536780290616,2.341110554780737e-26,6.768294481000175e-26,25.169520753885823
7075,Lama1,3391.7552482967844,2.332905337960544,0.0718683602734493,32.46081208871548,3.81226701014449e-231,8.895289690337142e-230,229.0508399038065
7095,Lancl3,95.98791495949963,2.333411410888606,0.1798483933033481,12.974324474241309,1.710981493483457e-38,6.251165365752723e-38,37.20403901229797
4484,Flnb,10259.359861101691,2.334056678056,0.0281321389001516,82.9676224171999,0.0,0.0,inf
8147,Mttp,736.85578806419,2.3354134091545036,0.0540381687397128,43.217848857972115,0.0,0.0,inf
1941,Camsap3,1986.4461588234249,2.3392647787751155,0.0503537687029336,46.45659776879482,0.0,0.0,inf
6425,Id1,727.3650558483749,2.3409200164386603,0.0727277045829832,32.18745909638385,2.643816206453874e-227,6.0234114514963254e-226,225.22015746971817
12010,St6galnac2,179.45561767596834,2.341349809003704,0.0953035862141547,24.56727917606904,2.8273997205820827e-133,3.2007048399401856e-132,131.49475437343335
8203,Mylip,579.9578711218882,2.3423724809251585,0.0696859579458108,33.61326370438405,1.0737683913180484e-247,2.768488254483722e-246,245.5577573146746
13942,Zbtb4,272.8816155959888,2.343057671971338,0.0810909229781192,28.894204011015688,1.4118949101395611e-183,2.4040372794268205e-182,181.6190588020088
14018,Zdhhc9,865.0237054640174,2.3521422579064435,0.0523729225435529,44.91141879566527,0.0,0.0,inf
13227,Ttc39a,198.93552037374045,2.3573566128846464,0.1092955135298883,21.568649405174305,3.538757400961361e-103,2.991633298712376e-102,101.52409164145791
8191,Myh14,204.96715649948092,2.358894544107885,0.1307094181410868,18.04685980287748,8.350548061931398e-73,5.064857321782585e-72,71.29543278430869
1134,App,4976.957546668431,2.3617715557499483,0.046902205523908,50.35523445792017,0.0,0.0,inf
10666,Rnf157,1652.9275993981769,2.3623266101381626,0.082166233433984,28.750576866057266,8.908416738033181e-182,1.4974821175649745e-180,179.82463835510842
12038,Stard10,427.32913349214147,2.362820192772563,0.0670140723277106,35.258567502329285,2.5359072129974385e-272,7.623505293844997e-271,270.11784529378684
13681,Vsir,86.45510509773976,2.363042384754191,0.1384086680801527,17.07293638130921,2.3602440899528866e-65,1.2979103173972418e-64,63.88675531524374
4566,Frk,142.2305183437864,2.3669798459376277,0.1017547581796487,23.261613395598733,1.0853057079467243e-119,1.0793465825770786e-118,117.96683907919842
11358,Slc22a23,5655.646240818664,2.36751947422084,0.043405061111984,54.544779193207354,0.0,0.0,inf
4677,Gal3st1,149.76296932904123,2.368810172983301,0.1199421050970127,19.749613124326416,8.083468024034059e-87,5.752920022998699e-86,85.24011166348741
7887,Mmp14,633.4904468435492,2.3691984523963527,0.0818070766305182,28.96080082529828,2.0518494731695304e-184,3.506049394602181e-183,182.45518196968777
5943,Grb7,508.7882095639873,2.3859345324512975,0.0647306257469936,36.85943871108199,2.064780244457008e-297,7.08973121852655e-296,295.1493702292067
4257,Fam3b,30.13878711097712,2.390305262363037,0.2689628556350042,8.88712033012766,6.271307985802391e-19,1.5352467091447308e-18,17.813821824870278
10365,Rassf6,118.85542504593032,2.3904020714848717,0.1344135951283913,17.783930778739826,9.414214547608672e-71,5.53620003225851e-70,69.2567882264746
4831,Gjb2,64.5074464512685,2.3949456361857075,0.1591962343863036,15.043984208660126,3.780926351455741e-51,1.7104471692973366e-50,49.76689033535613
13979,Zc3hav1,1138.492793034623,2.3958042532958084,0.0438196956811081,54.67414175422273,0.0,0.0,inf
9514,Pld2,174.9538368770652,2.396482608358501,0.0947132814617242,25.30249793242539,2.9983043344109583e-141,3.6724792735092803e-140,139.43504064657267
8951,P2rx4,349.50482256701093,2.405367825179703,0.0802764658221127,29.963549099306853,2.930702951541639e-197,5.430420174915392e-196,195.26516656588308
4426,Fgf5,1991.513080397457,2.415978115292165,0.0678796604454466,35.59207720601127,1.8577918097523578e-277,5.7643261934286225e-276,275.23925145117556
5151,Gm17501,69.16077537329508,2.420716390824039,0.1504384491438556,16.091075151334806,2.946753160707033e-58,1.488269546833214e-57,56.82731840474392
11241,Shisa6,3045.817340035448,2.4218784969110754,0.0681275236817985,35.54919313114743,8.550639454484927e-277,2.6361439509677996e-275,274.5790308780674
2000,Casp8,619.7851185764652,2.4302729831589907,0.0529398517780262,45.90630501477383,0.0,0.0,inf
4753,Gch1,200.38050336689165,2.431435317616504,0.1233886296374554,19.705505481020637,1.934011884194445e-86,1.367683367592851e-85,84.86401443450454
7398,Lxn,239.4222164768535,2.4316167837829044,0.0890614260093357,27.302693126966243,3.9405311887520774e-164,5.72127223697571e-163,162.24250738658088
10974,Scn7a,57.592866230534746,2.4321999460637755,0.2083977709179568,11.67094991155782,1.7940871285534746e-31,5.778244608299589e-31,30.238204077274418
12447,Tec,1155.0286432043154,2.4327969572187307,0.0552494346071869,44.03297471757782,0.0,0.0,inf
1457,Atp8a2,1039.549070317647,2.437995890693979,0.0409753439090008,59.49909526344289,0.0,0.0,inf
459,A830012C17Rik,66.11728880268127,2.4446236398129497,0.2374355402629919,10.29594658451384,7.349314429462713e-25,2.0665935587602312e-24,23.684744928570737
360,9030404E10Rik,44.13494047843227,2.4446500215659426,0.193228995448546,12.651569273499202,1.0966228515046729e-36,3.853071076213072e-36,35.41419297963937
5725,Gm5724,57.51411871886585,2.446663917481637,0.227318390747033,10.763158710745762,5.1378309529360094e-27,1.5100845944836263e-26,25.820998722979436
6539,Ildr1,201.95790725416228,2.4497626522840172,0.094006655895666,26.059459608933487,1.0510839326669348e-149,1.3622724672937286e-148,147.86573602075825
2670,Cngb1,50.01270827061859,2.452837276807336,0.2273627873809042,10.788209033952691,3.913414796979122e-27,1.1527826877053768e-26,25.938252554305866
5451,Gm37240,234.55458981632592,2.4663333576952624,0.0990745893408282,24.89370255384844,8.705289864037587e-137,1.013169880561483e-135,134.9943177293635
10575,Rhpn1,182.80382587961353,2.4680229174964294,0.0961238951760419,25.675435987862077,2.198982153126553e-145,2.7587230648314937e-144,143.55929189410293
9696,Pon2,532.5535772368759,2.4720110872514987,0.0660421305109558,37.43081981344336,1.2323270013223676e-306,4.3658724325577277e-305,304.359928958193
10898,Samd5,658.7207171957468,2.47292508599778,0.1000197768581686,24.72436115813846,5.851866007970923e-135,6.718980860182146e-134,133.1726965960481
1455,Atp7b,1059.1689249075732,2.47681903156821,0.0645608379230827,38.36410912942416,0.0,0.0,inf
5509,Gm41361,47.02200268576548,2.480577686752162,0.2209044133354335,11.22919026061066,2.931527416748108e-29,9.060971047073395e-29,28.042825257313545
8961,P4ha3,66.6328064660561,2.480732189876185,0.1616661873081354,15.344780693985898,3.838543956424528e-53,1.796527840070782e-52,51.74556604831993
6844,Kcnk6,60.01773775804319,2.489818033249249,0.1656115264461174,15.034086616303997,4.390625587714081e-51,1.9850285418401571e-50,49.70223324432929
10839,Rtn4rl1,479.9297433261416,2.4910034616154864,0.1136598994677244,21.916291262626423,1.8166891473970663e-106,1.5867284958278175e-105,104.79949737875944
5363,Gm30122,215.22855050701665,2.4935397881257364,0.0990748225996589,25.168248831508073,8.9226350668725e-140,1.0747213808726726e-138,137.96870411103492
4442,Fhl1,2020.6937077969048,2.4967228047093095,0.0504083062079759,49.52998806205203,0.0,0.0,inf
5892,Gpr146,62.54421803754428,2.4978963656524953,0.1666020334192614,14.993192546254388,8.134714919820336e-51,3.6640354115075124e-50,49.43604033769305
3432,Dmrt3,51.917569393796775,2.501248571159167,0.1719304859449458,14.548022460426806,6.011588025944544e-48,2.592497336188585e-47,46.58628168117969
7914,Mogat2,532.9609686102626,2.5017846034818234,0.0586392574997314,42.66398842947971,0.0,0.0,inf
1075,Ap1s3,2139.7941323899745,2.5026870700153254,0.0639110622223304,39.158902746900225,0.0,0.0,inf
8089,Msx2,72.11947582993946,2.503077137428169,0.1524875147926277,16.414964469925145,1.4946829879392546e-60,7.793435226786543e-60,59.108271069774695
11427,Slc2a3,17205.269739963755,2.511395326833994,0.0503668927270739,49.86202624098021,0.0,0.0,inf
3151,Daam1,2633.4823476520737,2.5114105543669347,0.0458054355018934,54.8277846689859,0.0,0.0,inf
6511,Ikzf2,2453.8888162647377,2.5116255045936784,0.1108866878317357,22.650378992336105,1.3831639110601465e-113,1.301431498133865e-112,111.88557868638333
6343,Hs3st1,84.54421681887901,2.5225693618712755,0.1883280449249046,13.394549722412,6.506946825522829e-41,2.500282670427626e-40,39.60201088922109
3484,Dnajc22,111.02122684169392,2.5225908130303845,0.1174986162260388,21.469110820654528,3.0275548219360978e-102,2.540200889974178e-101,100.59513193615278
2220,Cd55b,28.97020073527133,2.525056863722971,0.2529741753260895,9.981480759718316,1.837045040359443e-23,5.0167324980792184e-23,22.299579055780175
13187,Tspear,144.19076703475534,2.538812860434592,0.1708460440115238,14.860237912581374,5.971275505289972e-50,2.6549181365956336e-49,48.57594886568342
11540,Slc6a4,63.21201524818998,2.5396920624932746,0.1702299550384269,14.919184240634824,2.47277951775136e-50,1.1058819509943582e-49,48.9562912299644
11024,Sec14l4,97.50627833417208,2.5399649295829394,0.1388672668726104,18.290594945697094,9.833596978257454e-75,6.0970825937077665e-74,73.21487792179806
11260,Shtn1,678.105982745538,2.542961389350835,0.0613337847734004,41.46102182909281,0.0,0.0,inf
8993,Pak6,102.93407250677896,2.544469542921454,0.1340897198028164,18.97587336794487,2.699872608263238e-80,1.7742019997158418e-79,78.75099693559352
13956,Zbtb7c,702.0317544159547,2.5524301847182373,0.0743878043806942,34.31248181026656,5.112057111674977e-258,1.4163232800797403e-256,255.8488376063
6849,Kcnn1,343.3267960223559,2.555920277708221,0.091541905324861,27.92076774716292,1.4932789003692212e-171,2.3291293074650182e-170,169.63280639984674
13139,Trpm6,138.1844888938476,2.5574078604452453,0.1287258140323729,19.867094099728035,7.841266279148065e-88,5.647114730857628e-87,86.24817338873342
6642,Irak2,157.69446307501997,2.5593846582981885,0.1043922766165735,24.51699245623937,9.733204833405412e-133,1.0932878917522825e-131,130.9612654617135
11990,Sspo,122.5947289766094,2.5612932309117973,0.1294896402413236,19.779908463244148,4.4349476748456515e-87,3.170320266823556e-86,85.49889686299092
6458,Ifnlr1,205.53614224695127,2.5665286381228203,0.0970450094204098,26.44678642880367,3.972904551877298e-154,5.340202871679225e-153,152.2724422440244
13185,Tspan8,103.85184331874508,2.5751822533946114,0.5964114206122296,4.317795005922471,1.575956941302949e-05,2.4306137391676135e-05,4.614284051554213
9789,Ppp1r3b,221.62746587547488,2.576771547398668,0.0927080901917401,27.794462619921887,5.060529867216208e-170,7.792463100527401e-169,168.108325245551
9094,Pcdh7,8019.68115624208,2.5794223233726536,0.1022790817878662,25.21945131187775,2.4512000307757476e-140,2.9697231142090787e-139,138.52728404077598
1057,Anxa4,1140.705064469062,2.5795692668944588,0.0461015641010317,55.95405095673812,0.0,0.0,inf
3952,Enpp5,208.10300199079688,2.585260447685315,0.1006773219835821,25.678677151413535,2.0231287672838343e-145,2.540306398435248e-144,143.595113897898
5994,Gsc,190.73621219073007,2.5904812834474886,0.1184124478545105,21.87676490422973,4.3245297317260116e-106,3.758994349892617e-105,104.42492832706944
105,2200002D01Rik,27.842394799688552,2.5905790762735963,0.2304856852942665,11.239652792172938,2.604045018461261e-29,8.060801605961048e-29,28.093621767657076
1458,Atp8b1,134.80703846020734,2.59316910127918,0.1173166549364789,22.10401500693359,2.8917543596404778e-108,2.5769692909711267e-107,106.58889075678525
4006,Eppk1,99.50897922177562,2.5994132936810614,0.2142480047329336,12.13273046309722,7.084711250632543e-34,2.3823965194166984e-33,32.622985954077805
8853,Ocln,662.2875111696343,2.6004982096740132,0.0743509207343859,34.976005461507775,5.212483891674885e-268,1.5227599110961506e-266,265.8173685651509
11220,Sh3tc2,60.568710049925215,2.6009591003430903,0.1912230076267481,13.601705843995257,3.9120140822643314e-42,1.5324434726144948e-41,40.81461553637521
13583,Vamp8,294.92844509314403,2.6090197031789124,0.0976174004150529,26.726994286733664,2.286191485370415e-157,3.1519423999065005e-156,155.50142172761375
13608,Vegfa,1096.9232897584457,2.609527466656256,0.0663574037576221,39.32534003572306,0.0,0.0,inf
7967,Mreg,1621.8638349319046,2.6107790868342,0.0542940106757722,48.085950076979955,0.0,0.0,inf
3171,Dapk2,1186.5525235582377,2.614531040085403,0.06557464816714,39.87106470508773,0.0,0.0,inf
4490,Flrt3,1239.6038883785254,2.615690584557143,0.0487386320573319,53.66770617362155,0.0,0.0,inf
10652,Rnf128,680.5851866021923,2.617197165052404,0.0727813990515678,35.95969848282306,3.5703434874037483e-283,1.1320410751089782e-281,280.9461378148708
12389,Tc2n,245.33521713242223,2.6223794880076032,0.1207044282293751,21.725627853721193,1.1746913164513342e-104,1.0071761642236589e-103,102.99689456076815
4514,Fndc3b,9790.53177265278,2.6318898776701496,0.0437204103071318,60.19819711620653,0.0,0.0,inf
10530,Rgl3,90.6709601892856,2.6457252346077302,0.1340292125519362,19.739914785983792,9.79430495680206e-87,6.953428653800188e-86,85.15780099710052
12525,Tgfa,491.19280374623366,2.6551781812412645,0.0768747225569032,34.53902782251841,2.082918464133698e-261,5.9179389304504486e-260,259.2278295208086
9907,Prlr,234.3579320691082,2.6563243830891485,0.1358904547901372,19.547542078591544,4.3288034944127616e-85,3.009806268428067e-84,83.52146145764881
6689,Itga5,887.4740021480684,2.6563849119709637,0.0634744703271324,41.84965858368855,0.0,0.0,inf
5326,Gm28905,143.55356634247883,2.6602791477118144,0.1446724443171541,18.38829198102088,1.6303579316436604e-75,1.021794395740339e-74,73.99063648363234
6130,Hcn1,532.8460940318336,2.669157399539848,0.0832244133672794,32.07180791723376,1.0903249838063672e-225,2.4532312135643263e-224,223.61026151822531
4537,Foxj1,62.5309844196698,2.6693422883899394,0.2205614511264036,12.10248787699597,1.0245820039563117e-33,3.43185234334881e-33,32.46447140609383
12658,Tmc4,193.2644321990285,2.678717931364487,0.1032255024800974,25.9501563761432,1.8109241526377502e-148,2.324206463394242e-147,146.63372529541675
1536,B4galnt3,1203.0789884808892,2.678767110083838,0.0460217992256448,58.20648377847732,0.0,0.0,inf
4876,Gm10000,40.72880547697526,2.680145879479359,0.2039523861785358,13.14103712977995,1.915827447330435e-39,7.151040626434311e-39,38.145630754641815
3893,Elovl7,405.74476736229616,2.685069684366547,0.0810917277126503,33.111511619053516,2.0293977681384118e-240,5.0095355469038485e-239,238.30020253735972
10148,Pwwp3b,2414.5891285573957,2.685139773975544,0.0404237344698864,66.42483207423179,0.0,0.0,inf
1128,Apoe,4240.605734650338,2.691718913867429,0.0577163929717371,46.636991247625666,0.0,0.0,inf
4824,Gipc2,173.58139138061964,2.6925196608697175,0.126910890566977,21.215828277942354,6.821478254693736e-100,5.584362706808602e-99,98.2530263818516
9104,Pcgf5,1465.206260650083,2.7000881321242165,0.0481929119848592,56.02666493721114,0.0,0.0,inf
10244,Rab6b,967.7774567758815,2.7009049456204215,0.0734757996800432,36.75910922210776,8.316288039680719e-296,2.8287092416660475e-294,293.5484116906588
1972,Car2,1238.980178136109,2.706979321386348,0.0690091719830617,39.22637011281303,0.0,0.0,inf
12100,Stox1,495.8746820336492,2.711481247766122,0.0966537451250391,28.05355596162703,3.6148366199112076e-173,5.693367676360153e-172,171.24463076864618
10095,Ptpn18,138.37219832394385,2.7146498013749896,0.1128721824518448,24.05065395570918,8.217278877027923e-128,8.826417414984033e-127,126.0542155379428
6954,Kifc3,582.4415154735086,2.717908510317701,0.0710867189740897,38.23370313811144,0.0,0.0,inf
477,AA986860,117.4582282554508,2.7199972438966813,0.1194044264051962,22.779701940583266,7.288489447762477e-115,6.95261435800384e-114,113.15785185904178
9982,Prxl2a,757.586825735053,2.726866566361408,0.0551722613086475,49.42459311404018,0.0,0.0,inf
7568,Marveld2,406.43185865595075,2.7284881660184785,0.0808156043116486,33.761897708475054,7.152094112911505e-250,1.87742470463927e-248,247.72643747164224
12808,Tmem30b,47.93849214590903,2.7323461101506408,0.1816200523474511,15.044297558749088,3.763066993445594e-51,1.702899460806579e-50,49.76881099202909
3947,Enpep,36.63305215973371,2.739544729161596,0.2172217711646639,12.611741053731198,1.8192901055609056e-36,6.369053788252603e-36,35.195925083373304
5910,Gpr50,55.29269784939843,2.74057037062556,0.26238882532549,10.44469164121573,1.549581496306626e-25,4.412150890446651e-25,24.35534964360995
1176,Arhgap18,1442.6536736348498,2.742264574908914,0.0387936711150659,70.68845242243462,0.0,0.0,inf
10370,Rax,27.182999127369325,2.745011313879027,0.289985719387389,9.466022394751082,2.9070309271178732e-21,7.51389192542597e-21,20.124135055816243
3457,Dnah9,276.7411413506913,2.7458432507852875,0.2318644890831566,11.842448413049182,2.354766132798509e-32,7.717837879269485e-32,31.112504348449015
3024,Ctsl,6837.938350246351,2.746145048966357,0.0534001606054322,51.42578257877003,0.0,0.0,inf
4999,Gm13919,36.721787059497046,2.7487185308751245,0.2318523150012968,11.855471578361206,2.0158611625785419e-32,6.611550078262353e-32,31.179696708212557
5670,Gm49417,81.79326700766272,2.750350787542619,0.1660427365990864,16.56411381717586,1.2663204623217312e-61,6.677213791499957e-61,60.17540471827269
6652,Irf6,229.07655625008775,2.7530586836357935,0.097859942527128,28.132641533818717,3.9081531653817687e-174,6.195748289538493e-173,172.20790623434166
7159,Lgals3bp,121.74134410498942,2.758078550411287,0.1429394649931851,19.2954307653438,5.867394857494912e-83,3.9896082348710117e-82,81.39906974837017
8225,Myo7a,642.9653084693114,2.7705620299379734,0.0922313303107976,30.03927212804846,3.01473314783456e-198,5.629314859809635e-197,196.24954445962655
6988,Klhdc7a,88.81053750486036,2.7708144213426493,0.1527227792338297,18.142771073464623,1.4645702154937498e-73,8.973201869980734e-73,72.04705256182302
11481,Slc38a5,60.77423884785131,2.771193410414345,0.1776937622322479,15.5953330921789,7.831387967114677e-55,3.7475829472751546e-54,53.42624874589924
960,Amn,58.01590318556612,2.7717600909459112,0.1716626076556147,16.14655706795826,1.2007964766930769e-58,6.102960697047591e-58,57.21445942688272
4150,F5,238.7368618115371,2.772769549708252,0.0924813769096775,29.98192330566501,1.6886094775523386e-197,3.13290029830133e-196,195.50405342592472
2543,Chsy3,1653.959035769164,2.7739438740550764,0.064132019350342,43.25364930272201,0.0,0.0,inf
3868,Elf1,3329.58443099063,2.7772846822673656,0.0434817591820239,63.872408442378344,0.0,0.0,inf
2653,Cmklr1,130.06007171626052,2.77943708419488,0.1159358352599689,23.973925559447643,5.203143187801915e-127,5.564099246586697e-126,125.25460513211986
1301,Arsi,83.52340257005086,2.7823527011721354,0.1495423658035722,18.605782289326807,2.8845039955445102e-77,1.8388237085543315e-76,75.7354599053851
4084,Etl4,13524.594221287016,2.7882176759702655,0.0298784600515408,93.3186540123066,0.0,0.0,inf
4276,Fam89a,113.24083020739702,2.7892785916725815,0.1389168540260994,20.07876302142962,1.1317801752151197e-89,8.307748094664175e-89,88.08051668049947
2607,Clic5,263.9270635283336,2.7917766203346805,0.0992810612345416,28.119931290212406,5.590158505872313e-174,8.852611666676482e-173,172.0529285863529
4721,Gas6,384.92830647379475,2.7924504076544645,0.0836978716051601,33.363457804849396,4.6480854326791166e-244,1.1652380262892803e-242,241.93358535107996
12467,Tent5a,113.47131178031616,2.796489455740708,0.1277402299299782,21.892002678197976,3.0960920920596164e-106,2.6976773550176695e-105,104.56900999362428
10319,Rap1gap2,1742.3924862265148,2.7975514707708418,0.0774210637570157,36.1342422205783,6.578517662674217e-286,2.1182826873810977e-284,283.6740160832382
8149,Mtus1,3899.211461827312,2.799024227493005,0.0561164067940149,49.87889259851066,0.0,0.0,inf
6001,Gsn,185.51074053262587,2.8017165058666884,0.1320158672594655,21.22257395287312,5.909858334368033e-100,4.840805385245495e-99,98.31508237693625
11244,Shisa9,1071.1046552152357,2.8018490584013063,0.0935557252001736,29.948451069204108,4.609050130229958e-197,8.529391620310611e-196,195.0690819448424
4897,Gm10637,32.770560666827855,2.8041207104936623,0.2727142364375782,10.282267428072092,8.471086796640552e-25,2.37741715443195e-24,23.62389460793416
2828,Cotl1,2052.106127754833,2.821258204177302,0.052123070824681,54.12686089940416,0.0,0.0,inf
7764,Mfsd12,585.1219909038336,2.824290971293575,0.0617680865767769,45.724113013975554,0.0,0.0,inf
12212,Syn2,305.4645640959389,2.8251680667290264,0.1362994715708537,20.72765238315979,1.9507676997833008e-95,1.532066339829812e-94,93.81472242896044
11018,Sdsl,27.13720073948669,2.8253212782011587,0.2533081634316761,11.153692166589892,6.869549243370575e-29,2.1053250536472004e-28,27.67668084134528
9125,Pcsk1n,44.578218979349025,2.826711720261502,0.2179119816934435,12.971804938372284,1.768170243482074e-38,6.457455963691283e-38,37.18993854679477
12621,Tjp3,148.88892469278798,2.835978891029057,0.1156702295012809,24.517794278238657,9.543421193213968e-133,1.0728019634574894e-131,130.96948044030376
9399,Pik3ip1,235.65148903879455,2.836156282836698,0.0937689714005957,30.24621301134033,5.8512216265764145e-201,1.1111952997259796e-199,198.95420960430013
6930,Kif21a,4229.346118612711,2.8377871678154523,0.0508536277012459,55.803042891784216,0.0,0.0,inf
8644,Npffr1,40.38793632130712,2.8421872103557693,0.2257961991833223,12.587400587944428,2.476965047086574e-36,8.665191581913195e-36,35.06222183086721
11850,Spdef,102.54566250139152,2.8427326083948428,0.1299320557979239,21.87860871543497,4.1532084175864057e-106,3.612244295968007e-105,104.44222288604315
2661,Cmtm8,1162.4444579255871,2.843331404343504,0.0727809814081253,39.06695608292625,0.0,0.0,inf
11939,Srgap1,6575.51337399207,2.8439535447765105,0.0517027254908553,55.00587285827937,0.0,0.0,inf
10225,Rab37,190.0385629215466,2.852632891321436,0.11494587809256,24.817182996543437,5.8494167491517826e-136,6.75901504746486e-135,134.170116586694
5964,Grin1,108.01486279041325,2.8553214059315932,0.129091116644381,22.11865138479981,2.090857513656555e-108,1.8666990371462404e-107,106.72892569653555
4015,Eras,129.80466020833526,2.8576038340283616,0.1131905764564483,25.24595176991491,1.254644914053689e-140,1.5264319735212389e-139,138.81632254556294
7163,Lgmn,1282.2107093978436,2.85780807718572,0.0629188982684781,45.42050410659304,0.0,0.0,inf
7388,Ltk,28.044940768374214,2.8594770312777533,0.2913044561216622,9.816111532751504,9.597437585064461e-23,2.57817705983656e-22,21.588687260190746
5503,Gm4117,397.2170487317504,2.873960617028942,0.0896234403036006,32.0670642333452,1.269661973187992e-225,2.85231038627814e-224,223.54480321664863
9003,Panct2,117.25421610761693,2.8869507477553937,0.138236076065236,20.88420642374854,7.453253886116691e-97,5.927423096039015e-96,95.22713407196514
3722,Eda,8446.831744706462,2.89876109121881,0.0538166259544592,53.86367204944815,0.0,0.0,inf
9466,Pla2g12b,25.86450657298061,2.900788866351182,0.2746464710235185,10.561901107051842,4.475054484771911e-26,1.2858127996102516e-25,24.89082225537307
11638,Smim1,95.28541652127228,2.9130451526523427,0.1428657536737969,20.390087041458884,2.0478134327852974e-92,1.5511143042895432e-91,90.80935619709736
5006,Gm14133,40.5819461498048,2.914764749555902,0.2417563322660382,12.056622146088731,1.7897375323873685e-33,5.975414019422344e-33,32.22363199830932
11510,Slc44a3,134.98175646107885,2.921093839597226,0.138713403869099,21.058482872742424,1.9120030717639412e-98,1.5391624727699727e-97,96.81271553396763
3787,Egflam,1472.5073871063207,2.9228995110533393,0.0541618673344454,53.96600329535637,0.0,0.0,inf
11058,Selenop,736.1749923999718,2.925935076517897,0.0703281262481505,41.60405278243626,0.0,0.0,inf
12884,Tnfrsf12a,145.01170839484993,2.9287509692774503,0.1379976540862515,21.22319389173759,5.8324426235549e-100,4.780095792721182e-99,98.32056340007546
7048,Krt19,95.90167664915278,2.936517009369564,0.1722334690415125,17.049630514390852,3.517497587073832e-65,1.9320902212547315e-64,63.713972597548775
8939,Otx2os1,484.3937275994713,2.9410364974656305,0.1076662110743507,27.3162440483268,2.720327277331634e-164,3.953615070063729e-163,162.40300561653098
11359,Slc22a3,72.1373325206,2.941042209575133,0.2640499257812748,11.13820502267946,8.175038036196084e-29,2.4964447027287935e-28,27.60267804930273
3572,Dpyd,1380.0891504100143,2.951101671160484,0.0605001879103531,48.77838851564088,0.0,0.0,inf
12131,Stx7,2010.0071031487985,2.9625578614056858,0.0414892268669977,71.40547282075836,0.0,0.0,inf
4755,Gck,93.02852255605244,2.9641919344971996,0.2234925778486251,13.263044182634518,3.791850550812875e-40,1.4398300440586625e-39,38.84168876851836
4992,Gm13571,27.745951230703877,2.966833072329833,0.2692567538000021,11.018602246588513,3.1084837503588743e-28,9.373970768511986e-28,27.028076405103597
4017,Erbb3,405.1275417925058,2.973737682140327,0.0939068749058614,31.66687939643825,4.4417022317924565e-220,9.52074931045454e-219,218.021328870041
10345,Rasef,629.1162866269693,2.9800198956469592,0.1115243511503333,26.72080012041434,2.6983776698860227e-157,3.7131521782192283e-156,155.4302572514723
1721,Bmper,3190.348381335918,2.9816870249201832,0.0843934174104285,35.33080086589473,1.977116517996445e-273,6.005957724479767e-272,271.22141772909504
1405,Atp1b1,1985.7463377767072,2.985127021828348,0.0677924701414489,44.033312484408384,0.0,0.0,inf
12439,Tdrd7,814.5784246402603,2.987596814236069,0.0876392271868589,34.08972112300923,1.0475190711629075e-254,2.847758225356572e-253,252.54549688506705
7243,Lmx1b,355.5523097119116,2.9980551365609305,0.0936035676733717,32.029282762197674,4.266332062747896e-225,9.5547374944694e-224,223.01978124019132
6953,Kifc2,60.92392830518443,2.9992397903626653,0.1877704880285315,15.972902993717172,1.9738153001058888e-57,9.831757888805202e-57,56.007368824675154
5329,Gm29113,29.95809158048253,2.9997593417280073,0.2600307531762152,11.536171414675549,8.669886741591555e-31,2.7567842634553796e-30,29.55959721897106
7317,Lrrc38,73.17043168590926,3.0000378248266784,0.1740065488932309,17.24094779138156,1.3087347612945591e-66,7.30210500237126e-66,65.13655192629966
1314,Asb12,33.25526319325237,3.0087920705912685,0.23290867771925,12.918333915484634,3.5473969471486784e-38,1.2860090508927782e-37,36.89075597484962
9153,Pde11a,457.6950015538076,3.011077473380246,0.1248067871129962,24.12591128280635,1.3368362273528924e-128,1.4466584715715766e-127,126.83963398541084
6717,Itpr3,1568.9808631429853,3.019060491533203,0.0534264476235842,56.50872603029826,0.0,0.0,inf
1200,Arhgap8,361.8853526077307,3.037246959177782,0.1145572290829819,26.51292269803148,6.877898951120229e-155,9.296712294937699e-154,153.03167060893074
2227,Cd82,264.5215247776169,3.04246513458597,0.1130199219008947,26.91972426997301,1.29075404490699e-159,1.8035705024785231e-158,157.74386687622396
4633,Fzd8,310.0434091772904,3.059548573510163,0.087936905434244,34.7925431126068,3.153467662645136e-265,9.102339926639048e-264,263.04084694981105
13218,Ttc29,231.87502586791103,3.0603302141156177,0.1351039587392979,22.65166944531178,1.3432428549906608e-113,1.2646906412485172e-112,111.89801569522297
4812,Ghrl,28.526034664260816,3.0641487874478592,0.4327581971115068,7.080510104487597,1.4362479129936264e-12,2.929096728962371e-12,11.533266286167173
12910,Tnnt3,36.0984675625746,3.0738342529626475,0.237138526236442,12.962188395730523,2.004462559062211e-38,7.308671988125676e-38,37.13616152873631
986,Angpt2,120.33636016009376,3.084496331575933,0.1806346445984016,17.07588452056681,2.243990608281255e-65,1.2353884465803717e-64,63.908196464524835
13133,Trpc6,159.69609475921524,3.0860758005961824,0.1365772989095519,22.59581808423324,4.764119649394993e-113,4.456558664927917e-112,111.3510003721684
4067,Esrp2,177.69681465994734,3.0933894883776136,0.1046768638006189,29.55179756120401,6.226974426620369e-192,1.115313466523228e-190,189.95260305400737
8231,Myorg,428.4622523999639,3.094804342529861,0.0742208327489017,41.697246283937126,0.0,0.0,inf
4238,Fam210b,536.0093477783648,3.098987378467631,0.0746557025747945,41.51039065452343,0.0,0.0,inf
10895,Samd3,241.3187326855291,3.106677801453608,0.1294541367574733,23.99828911820588,2.8975447224441668e-127,3.1031354788038406e-126,125.50819926327742
11313,Slc12a2,3932.118802817768,3.1080017140199137,0.0870990647383951,35.68352568830559,7.12047107544428e-279,2.2188306641545725e-277,276.65387584081867
4916,Gm1123,122.39552903460178,3.108710949993679,0.1302622418025384,23.865019571105677,7.072322064700023e-126,7.458365845524261e-125,124.12735631756956
6884,Kdelr3,237.4225137532552,3.1117701938037357,0.100698251985595,30.901928607945223,1.1252825625432213e-209,2.255234347337659e-208,207.6468083227583
11794,Sowahb,121.9975135502328,3.130236106761558,0.1461841067903238,21.41297146105867,1.011529534153842e-101,8.452746799244045e-101,100.07300214005524
12413,Tcf7l2,17550.68339009577,3.131234440824327,0.0492376801359167,63.59427235769025,0.0,0.0,inf
2221,Cd59a,324.57479421696235,3.1314878045894083,0.0937198709139889,33.41327483755627,8.79551359611768e-245,2.220330871215073e-243,242.6535823026504
3382,Dio3,26.832094204453018,3.135008565639935,0.2611416836194113,12.005010162256998,3.3442281754868114e-33,1.1111640968310914e-32,31.954221799667888
3340,Dgkk,3021.550682263583,3.1365338009040524,0.0567795582345283,55.24054604209102,0.0,0.0,inf
11023,Sec14l2,534.2338950428335,3.1414261621592736,0.0741714244149976,42.353590846289194,0.0,0.0,inf
444,A530084C06Rik,28.342836284951236,3.143392441289414,0.2841712728756721,11.061612278679137,1.9260385879212826e-28,5.83123676117413e-28,27.234239324899654
11491,Slc39a2,69.4664793030479,3.1476171439485103,0.1785009328910398,17.63361733168012,1.3598198875382378e-69,7.878364722282714e-69,68.10356391776294
10492,Retreg1,1337.0546427264487,3.1580736594911674,0.0471598183143849,66.96534830643897,0.0,0.0,inf
5330,Gm29114,32.624997572738465,3.166614487913675,0.262626416516027,12.057486561792343,1.7710559175463824e-33,5.914404297130003e-33,32.22808899127233
10199,Rab17,54.521089930156656,3.1795185346639054,0.1964883573869355,16.18171466720863,6.787748189064098e-59,3.4607484609267695e-58,57.46082996557193
4701,Galntl6,1493.395072648135,3.1956655570629,0.1238501117847561,25.802686093790292,8.272506026764792e-147,1.0478025553131279e-145,144.97972054675748
9550,Plg,26.654117154782835,3.195913076472387,0.3118890770758893,10.246954162151544,1.2213154800243494e-24,3.4183622378892835e-24,23.46618191774729
13285,Tulp1,114.43533538034993,3.19648331398722,0.1415274993904922,22.58559875468243,6.003996156700262e-113,5.609149214093281e-112,111.25110300677326
11574,Slco1c1,37.729317278223874,3.1997854629538343,0.2481770250061288,12.893157466428706,4.918792002429509e-38,1.7769458019247963e-37,36.75032581827458
8959,P4ha1,2432.699596798668,3.2043208882222736,0.0415826253554616,77.05912892297462,0.0,0.0,inf
3970,Epb41l3,7696.331607041902,3.2090397963637756,0.0409936285803494,78.28142829742212,0.0,0.0,inf
10474,Reep6,536.1339033755047,3.228859029575476,0.0675980578620371,47.76555912546112,0.0,0.0,inf
12519,Tfpi,723.0324426863543,3.2290065021947973,0.0776927773790185,41.56121857302545,0.0,0.0,inf
5050,Gm15261,41.11210844775004,3.2314356274804372,0.221353568539031,14.598525105370696,2.869869424368079e-48,1.242438241980683e-47,46.90572518958344
11325,Slc16a1,12119.530529628872,3.234734772322954,0.0272010387031911,118.91953125832136,0.0,0.0,inf
6348,Hs3st5,1000.9796127592922,3.2905844299654397,0.1047647408910495,31.40927378790061,1.5116994996220034e-216,3.174568949206208e-215,214.4983152359437
5623,Gm47771,73.13497387044761,3.298906874649312,0.1761132479208857,18.731736048223127,2.7287101986199293e-78,1.7604190016920203e-77,76.75438395237593
247,4930512J16Rik,30.796702180094304,3.3045149957994835,0.3123542352206025,10.579382710996844,3.713969759095413e-26,1.0686144124164523e-25,24.971178972778297
7082,Lamb3,206.9110618527739,3.3047715926985917,0.1093311371683002,30.227176614941357,1.0411139953766875e-200,1.974573533116257e-199,198.70452668850024
10896,Samd4,4454.647726697767,3.309819018067474,0.0564326432656483,58.6507883830107,0.0,0.0,inf
2004,Casr,90.68243102381297,3.3110958227562497,0.1948758637005718,16.990794857200854,9.607831749232244e-65,5.253489888542461e-64,63.27955209929766
5295,Gm27224,34.19733557423401,3.3165440388551466,0.3122784116843711,10.620471716140512,2.3934853766600236e-26,6.916953152733096e-26,25.160085165708978
3399,Dkk1,420.7466346022042,3.327008716964487,0.1022864613651439,32.526383966766396,4.5182677706225245e-232,1.0645479674198434e-230,229.9728347649289
10485,Reps2,294.4512471730298,3.3348185499554677,0.1199722497014316,27.796582611851047,4.770584510278911e-170,7.353805271695896e-169,168.13348787440563
5413,Gm33524,214.6067770003256,3.3376150462339527,0.1016191679508988,32.844345348769714,1.3717337425889595e-236,3.318267434075797e-235,234.47908861515828
4529,Foxa2,551.7829079403269,3.343220428725372,0.0795328134298719,42.035737006503055,0.0,0.0,inf
4270,Fam83b,261.07887626982983,3.354679943138726,0.0991962013268582,33.818633155969636,1.0498247519070229e-250,2.7708489353611586e-249,248.55738715098695
2494,Chga,284.3553375930975,3.355649908371371,0.1980060605398685,16.94720807647052,2.0181246736519385e-64,1.096872712723803e-63,62.95984376747457
3507,Dnm3,869.4802902065799,3.355851644873253,0.1524870167747644,22.00745818137498,2.4431061113070075e-107,2.1559444307453431e-106,105.6663624372384
4573,Frmpd1,398.3459209517107,3.365134898569519,0.0998786355782333,33.69223937719556,7.510132858528538e-249,1.9537131978470112e-247,246.70913918971365
8664,Nptx2,699.5061819463484,3.365907916966844,0.1050675198662991,32.035665458269506,3.47676421924243e-225,7.798500547495791e-224,223.10798889302097
8814,Nup62cl,195.90767303695023,3.3747374232999117,0.1203639638069893,28.03777240762444,5.630894290456117e-173,8.859029127981449e-172,171.05261387037748
8201,Myl6b,66.91466983396977,3.380159430337089,0.1861010280175917,18.163034704018777,1.0126883353591976e-73,6.209840871500117e-73,72.20691952856977
5941,Grb14,523.5603604748027,3.3835175911813673,0.1052085317624998,32.160106547436655,6.3796095165545805e-227,1.446643848120123e-225,224.8396383754701
3870,Elf3,433.2500166508017,3.384595046302435,0.0750413021461603,45.10309588858348,0.0,0.0,inf
1456,Atp8a1,7338.841037730358,3.3958072264657813,0.059638250387008,56.940088021186185,0.0,0.0,inf
6964,Klb,75.0944263749654,3.4202366911571973,0.1926124971269503,17.757086077872348,1.5191953750214352e-70,8.912202827554897e-70,69.05001493820653
3590,Dsc2,598.461577951946,3.424576377512277,0.07355827375187,46.55596444615063,0.0,0.0,inf
13233,Ttc6,1072.9804244300449,3.425842497860147,0.0645751226803045,53.0520478423347,0.0,0.0,inf
9919,Prokr1,162.0694327018686,3.431385790142503,0.1284043642611802,26.723280083867788,2.525119778864977e-157,3.478040455870106e-156,155.4586653706775
11493,Slc39a4,505.851258198604,3.435540669580731,0.0689348985423615,49.83746610535067,0.0,0.0,inf
3094,Cyp2s1,132.12169235448405,3.4384216430349217,0.1469709045930628,23.39525399639691,4.776452835635734e-121,4.823052375495596e-120,119.31667802187135
1839,C1qtnf4,41.99066215546423,3.445618649622928,0.2522330455968691,13.660456905911843,1.7488299269766628e-42,6.887889546586529e-42,41.16191382579549
2729,Coch,153.01267568519737,3.4567518125172105,0.1656037186900596,20.873636412638735,9.298425529603445e-97,7.390794620074268e-96,95.13130886599474
5106,Gm16201,173.0317422955161,3.4609655411413054,0.1373798951559417,25.19266401544941,4.820314933314109e-140,5.825384769284525e-139,138.23467538400865
10198,Rab15,1042.6141944156695,3.4626615545386503,0.0822773958879476,42.08521085492784,0.0,0.0,inf
735,Adgb,128.0381068390782,3.4671966383031374,0.1943213355798086,17.842593701601764,3.300156602106181e-71,1.9510105738277662e-70,69.7097403768676
4180,Fam107a,72.67183666785532,3.491939315241882,0.2072408144810933,16.84966990689208,1.0550189378951112e-63,5.697810067126411e-63,62.24429203178551
11050,Sel1l3,768.0410657111424,3.5119201887164166,0.1391379046175431,25.240571204301556,1.4374750040552865e-140,1.7474004034195548e-139,138.75760756835936
4062,Espn,426.7921724821672,3.518403822982341,0.1026333080099737,34.28130585677341,1.4905760060418905e-257,4.113989776675617e-256,255.38573679186808
5934,Gramd1b,4603.115036714553,3.526123427527885,0.0727638058741806,48.45985425260843,0.0,0.0,inf
4961,Gm12724,39.78007721141961,3.5300166708741902,0.3228035069049488,10.935496657765931,7.797782226382463e-28,2.334983766486503e-27,26.63171613443399
6266,Hnf1a,30.76699981801111,3.5333961095222226,0.2722824174949696,12.976952908049972,1.653280245832241e-38,6.044923230408574e-38,37.218609210241034
7173,Lhx1os,338.34581587272174,3.5491462644485408,0.1003054903713699,35.38336985650756,3.077303881660206e-274,9.367675051524453e-273,272.0283681826002
11112,Serpinf2,46.12389613029984,3.5609378787851034,0.2505250429554703,14.213899883126832,7.512270829901798e-46,3.133356486047123e-45,44.50399019205868
1535,B4galnt2,272.85124179823,3.561502804546741,0.0951812256135281,37.41812297109718,1.9826129555860082e-306,7.00684432352226e-305,304.15447753145554
4825,Gipr,69.76690948672181,3.5724610924498488,0.2014847112669517,17.73068075481227,2.4307324716291745e-70,1.4207871526384325e-69,68.8474709786231
2902,Crb3,180.46329626526497,3.5754992816165876,0.1208443913366453,29.587631184769265,2.155648219000217e-192,3.87055051961749e-191,190.41222725962496
8542,Nipal4,92.28331409460348,3.5890484676525767,0.1775962909887965,20.2090282835861,8.153740971000465e-91,6.037184806836829e-90,89.21916552956958
14491,ccdc198,39.0804736863084,3.628093710621678,0.2940664874290211,12.337664663326834,5.677894667098055e-35,1.946361337266402e-34,33.71077653086445
2907,Creb3l1,800.6816875282374,3.629158597870324,0.0734076611604012,49.43841746899335,0.0,0.0,inf
2599,Cldn7,651.4626167911218,3.633761483935619,0.0869146719725798,41.808378280274816,0.0,0.0,inf
11511,Slc44a4,39.79265069033725,3.6372182746129993,0.240277556339331,15.137569775665408,9.153414656761422e-52,4.190615430536272e-51,50.37772219219867
3019,Ctsc,805.2618998810145,3.6399145592863102,0.0722656668844202,50.368518221908765,0.0,0.0,inf
11107,Serpinb6c,39.53215877114829,3.657332614229399,0.2450753179095262,14.923300499724604,2.324836439011898e-50,1.040682113107272e-49,48.98268190988102
84,1700123J17Rik,44.52847525711155,3.659040249176276,0.2426922800984881,15.076871203696236,2.299086818073047e-51,1.0456298805360469e-50,49.98062201459498
2152,Ccn1,582.9723261641104,3.6606306141272342,0.0942407799088624,38.84338200158495,0.0,0.0,inf
202,4632428C04Rik,58.6296171180037,3.662375049108344,0.2094480704698874,17.485838092907553,1.836924097538374e-68,1.0524725256358656e-67,66.97778923242386
10335,Rarres1,62.156612572045226,3.670290011595021,0.3957482498404288,9.27430509945384,1.7878058694051408e-20,4.5328621255783887e-20,19.343627490518003
13030,Trh,1367.061332288512,3.671014543461077,0.1612969335050209,22.75935731504036,1.1593260733789296e-114,1.098668070847658e-113,112.959133496633
3900,Emb,15304.616452852131,3.6743618587168454,0.0505510948871817,72.68609843005707,0.0,0.0,inf
766,Adora2b,153.09605529960356,3.675351555892585,0.1302149218682859,28.2252717519598,2.863796324672457e-175,4.575127755733617e-174,173.3395967742018
11494,Slc39a5,34.146389876551105,3.678631052422354,0.2805581449611568,13.111831249567391,2.817129733623133e-39,1.0472090774807385e-38,37.979966601863424
9977,Prss8,304.8089825328421,3.684976186647124,0.0964865325930401,38.1916116955884,0.0,0.0,inf
5689,Gm49732,52.42397162951638,3.688557332186076,0.2491276278456026,14.80589432847676,1.3419027263996035e-49,5.9371512993985505e-49,48.22642188358924
5216,Gm21847,121.7389376366288,3.689714258383769,0.1788978997152954,20.62469299111792,1.6477334240658372e-94,1.2850192311471466e-93,92.89109037278514
7249,Lnx1,395.25528242340016,3.695283263769397,0.1351062317312027,27.35094611417521,1.0522742555050974e-164,1.5432645710798443e-163,162.81155961385238
12520,Tfpi2,30.69631115272621,3.721198524848452,0.277695485438405,13.400284556206236,6.02317768580523e-41,2.3156233660737008e-40,39.635332076782866
8224,Myo6,3170.353947336067,3.727627421935772,0.0414323083986061,89.96909817511334,0.0,0.0,inf
3426,Dmbx1,115.65893363217062,3.750726949556265,0.1636250930599576,22.922687953380567,2.7600439654131726e-116,2.673331354200326e-115,114.57294720795429
539,Abcc2,122.64713477005132,3.763425763410894,0.1906846626917822,19.736384197264975,1.0503056840509989e-86,7.452952674779125e-86,85.12767163647102
11362,Slc23a1,130.26090534793914,3.770182116002733,0.1501513499658783,25.109212250569183,3.945011934581534e-139,4.708667457338256e-138,137.3271019798785
764,Adora1,372.92961693214966,3.7743769495687634,0.1108595630777942,34.04647145253625,4.57737571331876e-254,1.2397415717007262e-252,251.9066688355485
10871,S100a1,164.78476368063815,3.789758304137229,0.173442380140638,21.85024387386897,7.731895686960136e-106,6.708692724793555e-105,104.17336209946154
10075,Pth1r,1067.2818098973787,3.816646445480984,0.0508069247629269,75.1205955347633,0.0,0.0,inf
12863,Tmprss6,36.735505816917815,3.8359815801847863,0.2856810121863223,13.427499261599309,4.1726568277172344e-41,1.608026527489966e-40,39.7937067910058
9631,Podxl,6964.258287200825,3.8424281447905217,0.0398562743060918,96.4071080824338,0.0,0.0,inf
9079,Pcbd1,176.21345511505442,3.848612616513304,0.1287296037302482,29.896873019030178,2.1608661678083773e-196,3.963411490068783e-195,194.40193083591993
12699,Tmem125,30.31577841246799,3.875380499065083,0.300320410370458,12.904152915496605,4.264794381875571e-38,1.5418380886571117e-37,36.81196122997813
6870,Kctd16,970.0472426080178,3.884603689541084,0.1073242565941165,36.195020704704646,7.291322982148457e-287,2.3582872770386414e-285,284.62740329201733
9448,Pkdcc,1455.026361338225,3.899173902491371,0.0639295760886247,60.99170589033777,0.0,0.0,inf
2761,Col4a2,9717.4473045416,3.9107661904019984,0.0441498859963293,88.5793043888527,0.0,0.0,inf
5032,Gm14582,49.55018468844611,3.91476261354373,0.2934502570297777,13.340464081264995,1.346188716373202e-40,5.1481326208096326e-40,39.2883502737832
10414,Rbm47,3277.243203599533,3.9439161614293226,0.052578919543063,75.00945617947102,0.0,0.0,inf
11556,Slc7a9,58.28382619100259,3.984522035991744,0.2371847253842868,16.799235404118114,2.47210125233447e-63,1.3301428572716844e-62,61.87610171332389
2122,Ccdc68,273.56289312920745,3.988749115179368,0.1261129838140386,31.628377939745075,1.504027560062473e-219,3.2143597854432493e-218,217.49290551397976
2360,Cemip,394.1152436002697,3.9921083204308743,0.1095462899827498,36.442204670368206,9.141741814484544e-291,3.024288559175367e-289,288.5193767734622
2760,Col4a1,14031.926236182464,3.9957522319109287,0.0481781724014306,82.93698230429911,0.0,0.0,inf
9633,Pof1b,54.83466037346266,4.026587828032331,0.2713312282477505,14.840119414325883,8.061233613270585e-50,3.578654260303027e-49,48.446280257490294
2567,Cited1,846.4699527675198,4.033291828493288,0.1027114597582666,39.2681774554243,0.0,0.0,inf
13620,Vill,209.8992998809765,4.036418055774379,0.1377901091003247,29.293960808431244,1.2381184987129196e-188,2.1745863086485096e-187,186.6626233506448
6189,Hesx1,77.23149543457014,4.042427405806305,0.2065024900493665,19.5756835902556,2.4927004286040496e-85,1.739847264473636e-84,83.75948887534254
5870,Gpc4,7455.264508056141,4.0582349875629635,0.0678329950959945,59.826858327867,0.0,0.0,inf
5370,Gm30613,95.45844086552206,4.060004060597045,0.2177152065331358,18.648233741905027,1.3051830982496514e-77,8.338669794372774e-77,76.07890322358762
9236,Penk,250.07263010539737,4.075402412390219,0.1750005897129762,23.287935309671862,5.8748669039045185e-120,5.862728749144384e-119,118.23190019885205
5342,Gm29530,60.04982584663664,4.0874221202741134,0.2240449418779845,18.243759872517604,2.3194104460685978e-74,1.4295303004480635e-73,72.84480663486498
9211,Pdyn,73.61311648218053,4.088226609060994,0.2905527886163006,14.07051237928348,5.765019018282665e-45,2.3731569765601085e-44,43.62467353367518
9972,Prss1,41.35907295451022,4.090212080165408,0.2695328086204072,15.175191848075912,5.162657336788657e-52,2.3740687023188712e-51,50.62450671730803
5076,Gm15675,187.28418439402773,4.108777224122732,0.1317078559873785,31.196143869477847,1.2017969402027158e-213,2.4948478027990467e-212,211.60295594319516
5444,Gm36723,226.57482413121252,4.110038290930788,0.1519184905754767,27.054233328423063,3.4056404715443064e-161,4.8144127251392194e-160,159.31745668170385
5393,Gm32442,183.77865409137735,4.123648145562154,0.1829360645815237,22.54147182511674,1.6281555014999643e-112,1.5152198597774234e-111,110.8195243460657
4954,Gm12576,87.1736620517529,4.13077701049787,0.1857480415399602,22.23860330505401,1.4541241208728397e-109,1.3103394596671294e-108,107.88261618040346
9613,Pnlip,37.72569822697165,4.153767143490834,0.3033497588379487,13.69299635972284,1.1180200802787349e-42,4.4178104617504425e-42,41.35479292069221
5061,Gm15418,81.14488365114651,4.154640931255862,0.2187823001447729,18.989840259045856,2.0695710437023408e-80,1.3618566949703416e-79,78.86586858982265
6270,Hnf4aos,66.04800058077097,4.155337837701918,0.2254902037596154,18.428019348156376,7.829757420246114e-76,4.932747174755052e-75,74.30691114349237
1326,Ascl2,86.25232171822195,4.156005472639955,0.1959529973831021,21.20919571602504,7.854454303828771e-100,6.4263717031326305e-99,98.192034158344
4524,Folr2,44.51521394390647,4.172684716969114,0.2804842320588361,14.87671761917021,4.668481453432702e-50,2.0769510672471554e-49,48.68257373527756
11828,Sparc,3713.2206012510337,4.175426667854723,0.0462545289135367,90.2706559969472,0.0,0.0,inf
12300,Tal2,84.33448853090944,4.178012884468119,0.2413982965681367,17.307549157824482,4.126077776868854e-67,2.3218200771584344e-66,65.63417143770889
5402,Gm32815,50.255867648397405,4.17904668977348,0.2758033746177147,15.152268153230429,7.319624488748304e-52,3.3616912469718833e-51,50.47344217664726
11555,Slc7a8,1620.0246145972776,4.180611437622216,0.0697749253331898,59.9156705314828,0.0,0.0,inf
2728,Cobll1,4757.472816507704,4.198308514936339,0.0476851385700048,88.04228404983985,0.0,0.0,inf
6203,Hhex,410.6072398716554,4.198605959889663,0.1026649045221363,40.89621452854292,0.0,0.0,inf
3800,Ehf,118.47800085137692,4.214135806252775,0.1597037930012603,26.38719924591597,1.9218259766111327e-153,2.5665675945709957e-152,151.5906472934283
3087,Cyp26a1,651.8476134014894,4.23849830510383,0.0803690010615154,52.737974207986376,0.0,0.0,inf
2219,Cd55,1357.309081538244,4.260391584419266,0.0678014649599134,62.83627628013869,0.0,0.0,inf
440,A4galt,931.699661147366,4.260942988127155,0.0656321856592245,64.9215464231349,0.0,0.0,inf
8938,Otx2,1540.9744513792568,4.263293731817333,0.0743390535840134,57.349314072168305,0.0,0.0,inf
12612,Tinagl1,59.09715299566283,4.265716574343428,0.2380696736462793,17.917933473044414,8.544368595284878e-72,5.103375966433548e-71,70.29214243595291
11942,Srgn,265.341454617113,4.280035032036034,0.1548128498187256,27.64651020278767,3.0738703963543043e-168,4.649309190310424e-167,166.33261157122269
5354,Gm29895,607.1591928659332,4.282375142274105,0.1139540547155634,37.57983998869708,4.58890307838807e-309,1.641807545823288e-307,306.784677752628
5928,Gpx2,78.31825712920154,4.3045809277107985,0.2038994037078441,21.11129728402045,6.262984032505138e-99,5.0727019916712945e-98,97.29476065062843
10438,Rcan2,2495.623228698205,4.30576154831735,0.0746020933135397,57.71636367120391,0.0,0.0,inf
9478,Plac8,168.25793883292332,4.3378103631311165,0.1693214779479561,25.61878395878647,9.423039071400992e-145,1.179100484841109e-143,142.928449182053
11497,Slc39a8,1774.9822045960452,4.347264457814811,0.0614077329819923,70.79343670103628,0.0,0.0,inf
4435,Fgfr4,126.36394680507529,4.369940488825205,0.1660766766582993,26.312788627245368,1.369198976108049e-152,1.8135002891961272e-151,150.74148237082727
3948,Enpp1,309.4283822052094,4.375843114292931,0.1949240144335375,22.44896877898513,1.3097484814926565e-111,1.2042040289865857e-110,109.91929992407812
8222,Myo5b,2223.2881724830863,4.387279532411376,0.0694880149283062,63.13721203488001,0.0,0.0,inf
2598,Cldn6,2445.5415484903997,4.394884348290769,0.0660947937827745,66.49365398937296,0.0,0.0,inf
4984,Gm13420,40.12698245070908,4.4048654674046395,0.2955841470867043,14.902238536197784,3.1871968970120207e-50,1.4209994780832056e-49,48.84740608158388
11419,Slc28a2,147.60696480860386,4.405585222504865,0.1533460387827794,28.72969694864793,1.6245451703355963e-181,2.7213479211748893e-180,179.56521593062487
1034,Anks4b,33.32446398370004,4.408881388378519,0.3283451946748412,13.427580058677618,4.168107532275819e-41,1.6071282102894256e-40,39.7939494755701
5527,Gm42722,266.63263829912825,4.422199552702082,0.1624569166819975,27.22075269567223,3.6897748382292236e-163,5.3198843189991505e-162,161.27409781134529
8942,Ovol2,253.99031181678285,4.439347781558657,0.1236501384969813,35.902489358449316,2.793381494990592e-282,8.78006461223724e-281,280.0565022881218
10349,Rasgrf1,313.03931846702284,4.4772979749330135,0.2193517184548428,20.411501703620065,1.3216114316846542e-92,1.0031508457365448e-91,90.99863375636622
11444,Slc34a2,87.08074000153808,4.494215498762546,0.2040811800226889,22.021704785629407,1.7842402518243137e-107,1.5774033708928803e-106,105.80205723542667
13635,Vmn2r2,139.12711686393075,4.516785221325266,0.2004550700092113,22.53265642579013,1.9867708369689982e-112,1.8465881608518786e-111,110.73362995318632
4382,Fcgbp,165.41748346977408,4.523949551918996,0.1463364716389211,30.914709786645968,7.577337275190831e-210,1.5207149185251398e-208,207.81795219351812
4630,Fzd5,4523.644563893616,4.5515742365501035,0.0706103318374649,64.46045667972763,0.0,0.0,inf
5041,Gm14858,1175.0463005959666,4.567629212153495,0.072621587915654,62.89630044248751,0.0,0.0,inf
11501,Slc40a1,744.8871953654249,4.567895787972307,0.0825695071004725,55.321824586090635,0.0,0.0,inf
882,Akr1c12,35.6602722669559,4.570978615512227,0.3207236169513264,14.252079902821524,4.351259351793122e-46,1.8227738654952977e-45,44.7392672068575
962,Amot,25745.902538744984,4.596875920705694,0.044346168759091,103.65891912056848,0.0,0.0,inf
3097,Cyp3a13,77.01623546729395,4.635535289592165,0.235101940551384,19.717128998256907,1.5370961442580924e-86,1.0885886182942208e-85,84.96313621074819
7050,Krt8,1890.6310513455448,4.6616307669822845,0.0498419553642044,93.52824809778993,0.0,0.0,inf
371,9130230L23Rik,192.84726141492033,4.666117844078731,0.1580764496037295,29.518108837691425,1.6861340889756004e-191,3.008877210499563e-190,189.52159553505507
11184,Sgpp2,498.7438945140848,4.673019990669302,0.1070740112079099,43.642896515714824,0.0,0.0,inf
5099,Gm16083,889.2805878545372,4.705216384345438,0.0793081539365585,59.32828026875157,0.0,0.0,inf
11219,Sh3tc1,909.0387157533823,4.710704060294157,0.0764708357373607,61.60131525792502,0.0,0.0,inf
10063,Ptgds,41.20206698263878,4.736381784195339,0.3338860859527084,14.185621933542322,1.1246422475852341e-45,4.6747177761072994e-45,44.33024460339661
11855,Speer4cos,30.059800990008117,4.7437223361995144,0.3637208672939461,13.042205610836756,7.03908412524083e-39,2.595326437016276e-38,37.585808009345904
3033,Cubn,2278.4436027608185,4.767416645379414,0.2345742935803852,20.32369605642951,7.93697713297582e-92,5.968178446124527e-91,90.22415820011167
8705,Nrk,1323.8648613149192,4.78401528791174,0.1396477196873975,34.25774010933221,3.344897475327439e-257,9.179462957858824e-256,255.03718272634353
5364,Gm30262,41.81626184373784,4.810864774720228,0.320918242836016,14.990935797870804,8.415903855469749e-51,3.789510468171431e-50,49.42141688889822
12755,Tmem184a,211.6399523410931,4.845703919064895,0.1517212978846821,31.93819184665779,7.880881602035396e-224,1.7487591793796768e-222,221.75726999284697
4523,Folr1,119.16110604761244,4.8642575757467865,0.2058291199975552,23.63250435994947,1.7862854138332144e-123,1.839607366484952e-122,121.73527486001484
4131,Exph5,739.9174563127058,4.876101928292264,0.1146541062649347,42.52880325999757,0.0,0.0,inf
12219,Syne3,537.6802257413386,4.890024326246593,0.097192170235485,50.31294511068792,0.0,0.0,inf
4968,Gm12860,40.40144348358477,4.910473507321154,0.3312107378771788,14.825828228860376,9.974205266010944e-50,4.4197625169571435e-49,48.3546010655708
12227,Synj2,552.8029559134429,4.915010306687522,0.1030884144753659,47.6776205328293,0.0,0.0,inf
4756,Gckr,321.0833710822689,4.916494212490563,0.1448831610409629,33.934200338854545,2.086286862572085e-252,5.587855201232812e-251,250.25275485633745
12966,Tph1,154.56158862661576,4.927459426608952,0.1865503661443641,26.41356073670626,9.572666525950201e-154,1.281958761192407e-152,151.89212594523423
1131,Apom,79.58273038688633,4.950420050899892,0.2755505079059532,17.965563150366226,3.625797618204949e-72,2.1763797633715704e-71,70.66226532094704
9407,Pilrb1,30.11601416305579,4.981197454606349,0.4060889264926494,12.266272556674885,1.3743596527262903e-34,4.669278163658606e-34,33.330750253003536
6268,Hnf1b,1464.644596026942,5.018670341860511,0.0663397010538179,75.65108467686828,0.0,0.0,inf
6083,Habp2,174.45793025565354,5.028136493544915,0.1827956368358047,27.506873690105703,1.4528552269536623e-166,2.174780189933736e-165,164.66258463163945
10545,Rgs6,2964.659847565707,5.034346571720448,0.1214906384482742,41.438144008633785,0.0,0.0,inf
9549,Plet1,45.01815301816692,5.115597175527788,0.3450250655494505,14.826740681524768,9.839579820424723e-50,4.362775752691379e-49,48.36023710923908
7047,Krt18,2044.362299094513,5.116152564302361,0.065081535159503,78.61143028915347,0.0,0.0,inf
9841,Prdm1,3150.4966091172587,5.160604405889413,0.0637139620498295,80.99644473299897,0.0,0.0,inf
5505,Gm41307,60.01617997109306,5.184493618586471,0.3194332676005034,16.23028702530262,3.08015767692524e-59,1.5754142159776465e-58,57.80260523993006
11579,Slco4c1,714.3503424225684,5.196066707105052,0.0952720647026642,54.539247399765316,0.0,0.0,inf
5907,Gpr39,783.0352999292271,5.217312571464167,0.1915436931116073,27.23823732700079,2.2906310669016707e-163,3.3059008126897616e-162,161.4807101807548
12861,Tmprss2,1370.0752033133774,5.256559916260903,0.098264950625853,53.49374199835933,0.0,0.0,inf
10631,Rnase4,335.00218686340753,5.286540240249289,0.1403752868937237,37.66004940920732,2.2403297103255e-310,8.075218284233035e-309,308.0928457292623
5494,Gm40457,75.06112183306674,5.2899490440246835,0.2816033201460156,18.785108930114053,9.998086625450036e-79,6.476185748894546e-78,77.18868070337712
1142,Aqp8,69.14253626407658,5.296523700009362,0.2953590440592907,17.93249201790527,6.576483658731872e-72,3.937737529546481e-71,70.40475323519347
13619,Vil1,280.02078539499246,5.359388733627128,0.1526560234786216,35.10761391199,5.158669724605392e-270,1.5317443506051661e-268,267.8148137127623
4574,Frmpd2,513.6396986840022,5.386681239882856,0.1480557513248477,36.38278953489614,7.967323105146861e-290,2.6237843589449545e-288,287.58107186120515
6504,Ihh,283.2019066021708,5.401741640969103,0.1503441689592915,35.929172899493864,1.0705253552241696e-282,3.3795016115900255e-281,280.4711473421175
3022,Ctsh,691.031664171791,5.405713416544351,0.1226311832758888,44.081067083752075,0.0,0.0,inf
5461,Gm37587,76.15715249470507,5.406543371776867,0.2838026837348891,19.05036027364464,6.525157951859641e-81,4.329191333445339e-80,79.36359321963307
4530,Foxa3,156.60544695976924,5.413088493470226,0.1986856409468626,27.24448766238687,1.9315656160760318e-163,2.7932520735470763e-162,161.55388987016698
6236,Hkdc1,381.6968184943114,5.413882547074246,0.1356329582414175,39.91568581316277,0.0,0.0,inf
4443,Fhl2,1560.375384621854,5.414304774705484,0.1306132529687078,41.45295099573576,0.0,0.0,inf
5324,Gm28875,45.085838845044755,5.414428110805165,0.3630980665526225,14.911751423552325,2.7640602944810912e-50,1.2346249589097105e-49,48.90846494767735
12079,Stk32a,787.3834522172506,5.423490466291036,0.1306636161513934,41.507273608646415,0.0,0.0,inf
4528,Foxa1,529.8104224914333,5.458176135286985,0.1091881681352054,49.98871423988209,0.0,0.0,inf
88,1810007D17Rik,83.24857378556229,5.472261947383616,0.2834392449722718,19.306648759662593,4.722383457978719e-83,3.2140599486196166e-82,81.49294602704003
78,1700110K17Rik,58.7058090412827,5.507468566710082,0.3510839624244593,15.687041152997956,1.8550293918228473e-55,8.983748625505701e-55,54.04654240858132
7049,Krt7,204.81465650073972,5.518806869061579,0.1804693561492877,30.580298987138384,2.237562634928395e-205,4.375476731459169e-204,203.35897462137024
729,Adcy8,1243.751647057448,5.559357374945782,0.0970914200107277,57.25899749258503,0.0,0.0,inf
10184,R3hdml,52.75178181497069,5.576854363738807,0.356149198060767,15.658758728377848,2.8949223633551277e-55,1.3982475015005268e-54,53.85441594803083
8155,Muc13,134.40588374872758,5.580674205600804,0.24280403295827,22.984273109499533,6.696366501034375e-117,6.538433328840169e-116,115.1845263003222
948,Ambp,32.65184827138999,5.816758391450568,0.4859233563352931,11.970526453634662,5.070586566402635e-33,1.6789945006209822e-32,31.77495072634788
2866,Cpn1,346.28281012360156,5.911920592095947,0.156541197308557,37.76590887089621,0.0,0.0,inf
9408,Pilrb2,77.74757719101608,5.922609814588535,0.3287814462596656,18.01382006790908,1.517829086684639e-72,9.175362313750697e-72,71.0373767774567
5726,Gm5771,39.43929911022087,5.946782180344512,0.4600531379281266,12.926294138816568,3.1986880290439896e-38,1.1625028728579735e-37,36.934605965177944
11321,Slc13a4,876.4206515047026,5.9972031076233865,0.1063658570934189,56.38278364415536,0.0,0.0,inf
6267,Hnf1aos1,651.8813527687578,6.001534181595935,0.1425437764748451,42.103095133409994,0.0,0.0,inf
11768,Soat2,260.72370800276616,6.008381322794606,0.1864283362186382,32.22890599499926,6.948979732632115e-228,1.5932075368012554e-226,225.79772764779156
2608,Clic6,2474.6023393925193,6.026781030676498,0.0669664499576482,89.99702141128921,0.0,0.0,inf
12516,Tfec,286.77279271341064,6.02942497012558,0.2054151616759206,29.352385291004385,2.2277652230664753e-189,3.922274372081801e-188,187.40646202971124
4408,Fgb,56.86452315687075,6.120342372641038,0.4199391291094356,14.57435601588364,4.0896085394381305e-48,1.766798680276044e-47,46.75281293381315
7157,Lgals2,48.52843289698097,6.139115077002139,0.484809414949972,12.66294524753741,9.487203585839325e-37,3.337450351027235e-36,35.476585186282136
883,Akr1c13,90.6460608417962,6.1589426348588345,0.3201470996078233,19.23785235725537,1.784504529406775e-82,1.2088579070174928e-81,80.91762474448653
1974,Car4,422.5392003633144,6.15981114522364,0.1588155258864513,38.78595062316346,0.0,0.0,inf
10429,Rbp4,639.435702147067,6.3413619917102535,0.1989701278789659,31.870924843390167,6.753649153059228e-223,1.4872397603013405e-221,220.82761901252567
3559,Dpp4,2008.8640959103625,6.385488668753034,0.0925213358698639,69.01639074617938,0.0,0.0,inf
2640,Cltrn,87.76807720922318,6.39846159183511,0.3720470146393035,17.197992028073028,2.7489372134166593e-66,1.5290633482689978e-65,64.81557452162905
884,Akr1c19,336.2583924185352,6.465442391886873,0.198183227912006,32.62355982392995,1.9007250337684642e-233,4.52241473551807e-232,231.34462961247104
6915,Kif12,78.92383755184869,6.52023829592064,0.3850648135490795,16.932833295840943,2.5767284140692282e-64,1.3978582822861518e-63,62.85453685601587
10875,S100g,71.49397882298615,6.579290644839529,0.5006335532705102,13.141929065398664,1.8933753812983125e-39,7.070878679126944e-39,38.15052661423922
362,9030622O22Rik,8226.372163903,6.604435865104321,0.0818179528525601,80.72110869121633,0.0,0.0,inf
155,2610528J11Rik,85.54768515090075,6.629036647777918,0.3878551593525134,17.091526277088725,1.7162251803261894e-65,9.459149053984968e-65,64.02414793101693
6660,Irs4,2018.810171352464,6.778536888429695,0.1039528411284523,65.207807837148,0.0,0.0,inf
4050,Ermn,40.546006736296,6.875383019163801,0.6212957330894107,11.066200285934304,1.829963274055813e-28,5.5415188800561615e-28,27.25637118277735
9973,Prss12,1791.4078373621303,6.939021372423588,0.1158058903015998,59.91941648522284,0.0,0.0,inf
10524,Rfx6,927.2057001813496,7.093529378410872,0.1585716714989191,44.73390052181688,0.0,0.0,inf
6269,Hnf4a,1264.563067050016,7.114513368343573,0.1211094340531717,58.74450181329414,0.0,0.0,inf
8466,Nepn,334.0524730699982,7.218550145071898,0.2929783401693282,24.638511300527888,4.886812606320151e-134,5.558078074221271e-133,132.25507535698912
1122,Apoa4,56.999560675966585,7.378860661193901,0.6035623645058852,12.22551486826835,2.2713799073080323e-34,7.691585617409064e-34,33.113984121329075
6841,Kcnk16,299.4909903408246,7.828281603023274,0.3186718241986642,24.565339664742435,2.9656101296063672e-133,3.3545426056203174e-132,131.47436668783394
1121,Apoa1,469.0532125171215,8.042572923324444,0.2671850914219695,30.10112907318876,4.68325369303261e-199,8.778828720833444e-198,197.05656342418632
13258,Ttr,625.6533930227507,8.663395769894345,0.2937955297252387,29.48784066931332,4.1225132399834543e-191,7.329474459798804e-190,189.1349271641572
